keyword,language,topic,topicColor,keywordColor,limitPages,ratioNew
'Ukraine',de,Krieg,#8c8c8c,#8d8d8d,3,0.3381857421095741
'Putin',de,Krieg,#8d8d8d,#8d8d8d,3,0.3339841593272832
'Gas',de,Energie,#29c014,#29c014,3,0.2995882970135793
'K채mpfe',de,Krieg,#363636,#8d8d8d,3,0.2941158493567438
'Krieg',de,Krieg,#616161,#8d8d8d,3,0.2340508749140344
'Bedrohung',de,Angst,#ffa400,#f59e09,3,0.2290456524636673
'Russland',de,Krieg,#b7b7b7,#8d8d8d,3,0.2130186699290495
'Armut',de,Wohlstand,#f6001d,#cc0018,3,0.209898285696331
'Angst',de,Angst,#ca8307,#f59e09,3,0.2052375854224277
'Windkraft',de,Energie,#20950f,#29c014,3,0.1995807589765663
'Energiekosten',de,Energie,#0e3f07,#29c014,3,0.1994462232127965
'Solar',de,Energie,#32ea18,#29c014,3,0.1777018761611141
'Inflation',de,Wohlstand,#cc0018,#cc0018,3,0.177286625294302
'Geld sparen',de,Wohlstand,#f5001d,#cc0018,3,0.1633839575916785
'Risiko',de,Angst,#aa6d00,#9f6805,3,0.1457300683370362
'Energie sparen',de,Energie,#176a0b,#29c014,3,0.1435447577546386
'Gef채hrdung',de,Angst,#754c04,#f59e09,3,0.0962318322015076
'Hohe Kosten',de,Wohlstand,#76000e,#cc0018,3,0.0691116925682079
'Existenz채ngste',de,Angst,#f59e09,#f59e09,1,0.0318430442945988
'Wohlstandsgef채hrdung',de,Wohlstand,#a00013,#cc0018,1,2.766444316839213e-11
