keyword,language,topic,topicColor,keywordColor,limitPages,ratioNew
'Ukraine',de,Krieg,#8c8c8c,#8d8d8d,3,0.3483736990343715
'Krieg',de,Krieg,#616161,#8d8d8d,3,0.3413477468950945
'K채mpfe',de,Krieg,#363636,#8d8d8d,3,0.3292097162821985
'Angst',de,Angst,#ca8307,#f59e09,3,0.3180573374827935
'Russland',de,Krieg,#b7b7b7,#8d8d8d,3,0.3051361419939388
'Putin',de,Krieg,#8d8d8d,#8d8d8d,3,0.289373319222949
'Inflation',de,Wohlstand,#cc0018,#cc0018,3,0.2892161030226886
'Gas',de,Energie,#29c014,#29c014,3,0.2762964072419115
'Bedrohung',de,Angst,#ffa400,#f59e09,3,0.2745675949821977
'Energiekosten',de,Energie,#0e3f07,#29c014,3,0.263987392417815
'Windkraft',de,Energie,#20950f,#29c014,3,0.2621603392241045
'Armut',de,Wohlstand,#f6001d,#cc0018,3,0.2617195179115918
'Solar',de,Energie,#32ea18,#29c014,3,0.230935927410623
'Gef채hrdung',de,Angst,#754c04,#f59e09,3,0.2032556820670067
'Energie sparen',de,Energie,#176a0b,#29c014,3,0.1833612120573385
'Geld sparen',de,Wohlstand,#f5001d,#cc0018,3,0.1776770347479472
'Hohe Kosten',de,Wohlstand,#76000e,#cc0018,3,0.1445768750403893
'Risiko',de,Angst,#aa6d00,#9f6805,3,0.1177586941356725
'Existenz채ngste',de,Angst,#f59e09,#f59e09,1,0.0472219492748968
'Wohlstandsgef채hrdung',de,Wohlstand,#a00013,#cc0018,1,0.0022233214252813
