keyword,language,topic,topicColor,keywordColor,limitPages,ratioNew
'Krieg',de,Krieg,#616161,#8d8d8d,3,0.483617209735167
'Ukraine',de,Krieg,#8c8c8c,#8d8d8d,3,0.427905191887197
'K채mpfe',de,Krieg,#363636,#8d8d8d,3,0.4232575114392169
'Putin',de,Krieg,#8d8d8d,#8d8d8d,3,0.4095528531783873
'Armut',de,Wohlstand,#f6001d,#cc0018,3,0.3123315100261076
'Russland',de,Krieg,#b7b7b7,#8d8d8d,3,0.3122424164660581
'Angst',de,Angst,#ca8307,#f59e09,3,0.3079171549048617
'Inflation',de,Wohlstand,#cc0018,#cc0018,3,0.2922918261405263
'Windkraft',de,Energie,#20950f,#29c014,3,0.2919974155678618
'Gas',de,Energie,#29c014,#29c014,3,0.2898749222665781
'Bedrohung',de,Angst,#ffa400,#f59e09,3,0.2673567720689499
'Energiekosten',de,Energie,#0e3f07,#29c014,3,0.2651868611121013
'Solar',de,Energie,#32ea18,#29c014,3,0.2334203598239155
'Energie sparen',de,Energie,#176a0b,#29c014,3,0.228085926095136
'Geld sparen',de,Wohlstand,#f5001d,#cc0018,3,0.176239961013444
'Hohe Kosten',de,Wohlstand,#76000e,#cc0018,3,0.1134728848551413
'Risiko',de,Angst,#aa6d00,#9f6805,3,0.107297121891894
'Gef채hrdung',de,Angst,#754c04,#f59e09,3,0.1057058400417388
'Wohlstandsgef채hrdung',de,Wohlstand,#a00013,#cc0018,1,0.0787652759270209
'Existenz채ngste',de,Angst,#f59e09,#f59e09,1,0.0371024938386837
