keyword,language,topic,topicColor,keywordColor,limitPages,ratioNew
'Ukraine',de,Krieg,#8c8c8c,#8d8d8d,3,0.46745245344588826
'Russland',de,Krieg,#b7b7b7,#8d8d8d,3,0.275026009640843
'Putin',de,Krieg,#8d8d8d,#8d8d8d,3,0.235482880316333
'Solar',de,Energie,#32ea18,#29c014,3,0.234276596788958
'Armut',de,Wohlstand,#f6001d,#cc0018,3,0.2332447456534555
'Gas',de,Energie,#29c014,#29c014,3,0.2291800361382107
'Inflation',de,Wohlstand,#cc0018,#cc0018,3,0.2259644065195021
'K채mpfe',de,Krieg,#363636,#8d8d8d,3,0.2054682826256096
'Krieg',de,Krieg,#616161,#8d8d8d,3,0.1975996920380829
'Bedrohung',de,Angst,#ffa400,#f59e09,3,0.1848297875915115
'Geld sparen',de,Wohlstand,#f5001d,#cc0018,3,0.1741580347478314
'Windkraft',de,Energie,#20950f,#29c014,3,0.1650096015971299
'Energie sparen',de,Energie,#176a0b,#29c014,3,0.1624464726343105
'Energiekosten',de,Energie,#0e3f07,#29c014,3,0.1598974436744081
'Angst',de,Angst,#ca8307,#f59e09,3,0.1577459831489401
'Gef채hrdung',de,Angst,#754c04,#f59e09,3,0.1360606364581758
'Risiko',de,Angst,#aa6d00,#9f6805,3,0.1190790317560092
'Hohe Kosten',de,Wohlstand,#76000e,#cc0018,3,0.1009189625324353
'Existenz채ngste',de,Angst,#f59e09,#f59e09,1,0.0267575758954611
'Wohlstandsgef채hrdung',de,Wohlstand,#a00013,#cc0018,1,3.9295277130558e-06
