keyword,language,topic,topicColor,keywordColor,limitPages,ratioNew
'Ukraine',de,Krieg,#8c8c8c,#8d8d8d,3,0.3043360418790767
'Gas',de,Energie,#29c014,#29c014,3,0.2513924965817795
'Russland',de,Krieg,#b7b7b7,#8d8d8d,3,0.2358551236542771
'Armut',de,Wohlstand,#f6001d,#cc0018,3,0.2271089571593761
'Putin',de,Krieg,#8d8d8d,#8d8d8d,3,0.225752195596922
'Inflation',de,Wohlstand,#cc0018,#cc0018,3,0.2226701038173383
'K채mpfe',de,Krieg,#363636,#8d8d8d,3,0.2216310071431163
'Windkraft',de,Energie,#20950f,#29c014,3,0.2178426273053501
'Risiko',de,Angst,#aa6d00,#9f6805,3,0.2172846755380748
'Krieg',de,Krieg,#616161,#8d8d8d,3,0.2112962652864222
'Solar',de,Energie,#32ea18,#29c014,3,0.2091068552466617
'Energiekosten',de,Energie,#0e3f07,#29c014,3,0.2082566805725815
'Bedrohung',de,Angst,#ffa400,#f59e09,3,0.1718713229672947
'Angst',de,Angst,#ca8307,#f59e09,3,0.166307819242277
'Geld sparen',de,Wohlstand,#f5001d,#cc0018,3,0.1650947258355554
'Gef채hrdung',de,Angst,#754c04,#f59e09,3,0.1623289212498649
'Energie sparen',de,Energie,#176a0b,#29c014,3,0.1451602928902534
'Hohe Kosten',de,Wohlstand,#76000e,#cc0018,3,0.0727263136888706
'Existenz채ngste',de,Angst,#f59e09,#f59e09,1,0.0216112397340156
'Wohlstandsgef채hrdung',de,Wohlstand,#a00013,#cc0018,1,4.12251143540998e-05
