keyword,language,topic,topicColor,keywordColor,limitPages,ratioNew
'K채mpfe',de,Krieg,#363636,#8d8d8d,3,0.7105352144543617
'Russland',de,Krieg,#b7b7b7,#8d8d8d,3,0.6742976072989556
'Putin',de,Krieg,#8d8d8d,#8d8d8d,3,0.6025743664495652
'Energiekosten',de,Energie,#0e3f07,#29c014,3,0.597478892354733
'Inflation',de,Wohlstand,#cc0018,#cc0018,3,0.5851923418179715
'Energie sparen',de,Energie,#176a0b,#29c014,3,0.584507081637603
'Gas',de,Energie,#29c014,#29c014,3,0.5771410046995847
'Windkraft',de,Energie,#20950f,#29c014,3,0.5730914833478076
'Geld sparen',de,Wohlstand,#f5001d,#cc0018,3,0.5676832506519204
'Krieg',de,Krieg,#616161,#8d8d8d,2,0.5605521518177272
'Bedrohung',de,Angst,#ffa400,#f59e09,2,0.5392766469970215
'Armut',de,Wohlstand,#f6001d,#cc0018,3,0.5321589451241174
'Solar',de,Energie,#32ea18,#29c014,3,0.5233286107250846
'Hohe Kosten',de,Wohlstand,#76000e,#cc0018,3,0.4830581305126149
'Ukraine',de,Krieg,#8c8c8c,#8d8d8d,3,0.4795152911763592
'Angst',de,Angst,#ca8307,#f59e09,3,0.4733971636300301
'Risiko',de,Angst,#aa6d00,#9f6805,3,0.4354966013115515
'Gef채hrdung',de,Angst,#754c04,#f59e09,3,0.3311063271548405
'Existenz채ngste',de,Angst,#f59e09,#f59e09,1,0.1691719609090786
'Wohlstandsgef채hrdung',de,Wohlstand,#a00013,#cc0018,1,0.1033925823003075
