keyword,language,topic,topicColor,keywordColor,limitPages,ratioNew
'Putin',de,Krieg,#8d8d8d,#8d8d8d,3,0.3210650109347684
'Gas',de,Energie,#29c014,#29c014,3,0.29135349552892953
'Ukraine',de,Krieg,#8c8c8c,#8d8d8d,3,0.2589616969573486
'Inflation',de,Wohlstand,#cc0018,#cc0018,3,0.2579916663370394
'Russland',de,Krieg,#b7b7b7,#8d8d8d,3,0.2512904260211291
'K채mpfe',de,Krieg,#363636,#8d8d8d,3,0.2509467712076422
'Windkraft',de,Energie,#20950f,#29c014,3,0.2463965662341746
'Angst',de,Angst,#ca8307,#f59e09,3,0.246276939792363
'Solar',de,Energie,#32ea18,#29c014,3,0.2436464676777151
'Krieg',de,Krieg,#616161,#8d8d8d,3,0.2431444973902412
'Bedrohung',de,Angst,#ffa400,#f59e09,3,0.2038234568812928
'Armut',de,Wohlstand,#f6001d,#cc0018,3,0.1634477182129883
'Risiko',de,Angst,#aa6d00,#9f6805,3,0.1548130196609395
'Energiekosten',de,Energie,#0e3f07,#29c014,3,0.1284710332076059
'Geld sparen',de,Wohlstand,#f5001d,#cc0018,3,0.1252253018112441
'Energie sparen',de,Energie,#176a0b,#29c014,3,0.1226193247605986
'Gef채hrdung',de,Angst,#754c04,#f59e09,3,0.1145598071392032
'Hohe Kosten',de,Wohlstand,#76000e,#cc0018,3,0.1077880382874871
'Existenz채ngste',de,Angst,#f59e09,#f59e09,1,0.0419730918182979
'Wohlstandsgef채hrdung',de,Wohlstand,#a00013,#cc0018,1,5.2642659697919246e-08
