keyword,language,topic,topicColor,keywordColor,limitPages,ratioNew
'Krieg',de,Krieg,#616161,#8d8d8d,3,0.2332052458278381
'Armut',de,Wohlstand,#f6001d,#cc0018,3,0.2159056303592638
'Putin',de,Krieg,#8d8d8d,#8d8d8d,3,0.2152825473158939
'Inflation',de,Wohlstand,#cc0018,#cc0018,3,0.2151995780448636
'Windkraft',de,Energie,#20950f,#29c014,3,0.2112348367388138
'Gas',de,Energie,#29c014,#29c014,3,0.2110554577846362
'Angst',de,Angst,#ca8307,#f59e09,3,0.210493392224823
'Energiekosten',de,Energie,#0e3f07,#29c014,3,0.2072801656776587
'Ukraine',de,Krieg,#8c8c8c,#8d8d8d,3,0.205784656031387
'Solar',de,Energie,#32ea18,#29c014,3,0.2031216023820667
'Russland',de,Krieg,#b7b7b7,#8d8d8d,3,0.20301002306647614
'K채mpfe',de,Krieg,#363636,#8d8d8d,3,0.200596506365401
'Bedrohung',de,Angst,#ffa400,#f59e09,3,0.1952479458456673
'Geld sparen',de,Wohlstand,#f5001d,#cc0018,3,0.1712903950596031
'Hohe Kosten',de,Wohlstand,#76000e,#cc0018,3,0.1519081547911245
'Energie sparen',de,Energie,#176a0b,#29c014,3,0.1323383828146095
'Risiko',de,Angst,#aa6d00,#9f6805,3,0.119840586893487
'Gef채hrdung',de,Angst,#754c04,#f59e09,3,0.1104837959195781
'Existenz채ngste',de,Angst,#f59e09,#f59e09,2,0.0361964357251514
'Wohlstandsgef채hrdung',de,Wohlstand,#a00013,#cc0018,1,0.0001192732123097
