keyword,language,topic,topicColor,keywordColor,limitPages,ratioNew
'Putin',de,Krieg,#8d8d8d,#8d8d8d,3,0.4798187436145862
'K채mpfe',de,Krieg,#363636,#8d8d8d,3,0.2997044168166726
'Ukraine',de,Krieg,#8c8c8c,#8d8d8d,3,0.2727282497714998
'Krieg',de,Krieg,#616161,#8d8d8d,3,0.2521167225268539
'Russland',de,Krieg,#b7b7b7,#8d8d8d,3,0.2494072116750757
'Angst',de,Angst,#ca8307,#f59e09,3,0.2443714693021778
'Bedrohung',de,Angst,#ffa400,#f59e09,3,0.2307235762110303
'Windkraft',de,Energie,#20950f,#29c014,3,0.2305201354448105
'Gas',de,Energie,#29c014,#29c014,3,0.2155572721539658
'Inflation',de,Wohlstand,#cc0018,#cc0018,3,0.211312287081865
'Risiko',de,Angst,#aa6d00,#9f6805,3,0.1988952980876461
'Solar',de,Energie,#32ea18,#29c014,3,0.1756285524936885
'Geld sparen',de,Wohlstand,#f5001d,#cc0018,3,0.1591417996095292
'Armut',de,Wohlstand,#f6001d,#cc0018,3,0.1583989514348573
'Energiekosten',de,Energie,#0e3f07,#29c014,3,0.1236571658168161
'Energie sparen',de,Energie,#176a0b,#29c014,3,0.1145079970094115
'Gef채hrdung',de,Angst,#754c04,#f59e09,3,0.1103222729789357
'Hohe Kosten',de,Wohlstand,#76000e,#cc0018,3,0.07565784114657907
'Existenz채ngste',de,Angst,#f59e09,#f59e09,1,0.0524405952483565
'Wohlstandsgef채hrdung',de,Wohlstand,#a00013,#cc0018,1,3.700928669456949e-07
