keyword,language,topic,topicColor,keywordColor,limitPages,ratioNew
'Putin',de,Krieg,#8d8d8d,#8d8d8d,3,0.4355836750947195
'K채mpfe',de,Krieg,#363636,#8d8d8d,3,0.2926502692864988
'Ukraine',de,Krieg,#8c8c8c,#8d8d8d,3,0.2759366487122459
'Inflation',de,Wohlstand,#cc0018,#cc0018,3,0.2459770012774838
'Solar',de,Energie,#32ea18,#29c014,3,0.2359648025071993
'Armut',de,Wohlstand,#f6001d,#cc0018,3,0.2292441408707779
'Russland',de,Krieg,#b7b7b7,#8d8d8d,3,0.2271073313422348
'Gef채hrdung',de,Angst,#754c04,#f59e09,3,0.2230235548988377
'Energiekosten',de,Energie,#0e3f07,#29c014,3,0.2218475377317088
'Gas',de,Energie,#29c014,#29c014,3,0.2215263816820417
'Krieg',de,Krieg,#616161,#8d8d8d,3,0.2129579124892328
'Angst',de,Angst,#ca8307,#f59e09,3,0.2061666093984648
'Energie sparen',de,Energie,#176a0b,#29c014,3,0.2045230788047208
'Bedrohung',de,Angst,#ffa400,#f59e09,3,0.20348019865412814
'Windkraft',de,Energie,#20950f,#29c014,3,0.1960166942042724
'Risiko',de,Angst,#aa6d00,#9f6805,3,0.1463661447885798
'Geld sparen',de,Wohlstand,#f5001d,#cc0018,3,0.1292406147559387
'Hohe Kosten',de,Wohlstand,#76000e,#cc0018,3,0.087476636620649
'Existenz채ngste',de,Angst,#f59e09,#f59e09,1,0.0223361959899826
'Wohlstandsgef채hrdung',de,Wohlstand,#a00013,#cc0018,1,2.108050540368815e-07
