keyword,language,topic,topicColor,keywordColor,limitPages,ratioNew
'Putin',de,Krieg,#8d8d8d,#8d8d8d,3,0.3072582443291886
'Krieg',de,Krieg,#616161,#8d8d8d,3,0.2622758907086113
'Bedrohung',de,Angst,#ffa400,#f59e09,3,0.2508076965937429
'Ukraine',de,Krieg,#8c8c8c,#8d8d8d,3,0.2479990796314228
'Windkraft',de,Energie,#20950f,#29c014,3,0.2444946684969327
'Gas',de,Energie,#29c014,#29c014,3,0.2421666678542805
'Inflation',de,Wohlstand,#cc0018,#cc0018,3,0.2288905629861358
'K채mpfe',de,Krieg,#363636,#8d8d8d,3,0.226237879925999
'Russland',de,Krieg,#b7b7b7,#8d8d8d,3,0.2133438266133185
'Armut',de,Wohlstand,#f6001d,#cc0018,3,0.2088361347100774
'Energiekosten',de,Energie,#0e3f07,#29c014,3,0.1991038810430585
'Risiko',de,Angst,#aa6d00,#9f6805,3,0.1812443129254368
'Solar',de,Energie,#32ea18,#29c014,3,0.1775554132764048
'Angst',de,Angst,#ca8307,#f59e09,3,0.1743495657858858
'Geld sparen',de,Wohlstand,#f5001d,#cc0018,3,0.16166131279062004
'Energie sparen',de,Energie,#176a0b,#29c014,3,0.1303752594777263
'Gef채hrdung',de,Angst,#754c04,#f59e09,3,0.1013223762761014
'Hohe Kosten',de,Wohlstand,#76000e,#cc0018,3,0.0851778252904222
'Existenz채ngste',de,Angst,#f59e09,#f59e09,1,0.0185743703747644
'Wohlstandsgef채hrdung',de,Wohlstand,#a00013,#cc0018,1,0.0001500150046294
