keyword,language,topic,topicColor,keywordColor,limitPages,ratioNew
'Gas',de,Energie,#29c014,#29c014,3,0.3579321482307684
'Windkraft',de,Energie,#20950f,#29c014,3,0.3423027912298165
'Russland',de,Krieg,#b7b7b7,#8d8d8d,3,0.3329614619615045
'Ukraine',de,Krieg,#8c8c8c,#8d8d8d,3,0.3258942334045514
'Angst',de,Angst,#ca8307,#f59e09,3,0.3176924189942269
'Inflation',de,Wohlstand,#cc0018,#cc0018,3,0.3092915281926071
'Putin',de,Krieg,#8d8d8d,#8d8d8d,3,0.3054588890468622
'Krieg',de,Krieg,#616161,#8d8d8d,3,0.2960862923921351
'K채mpfe',de,Krieg,#363636,#8d8d8d,3,0.2947852417236527
'Energiekosten',de,Energie,#0e3f07,#29c014,3,0.2676904449475146
'Bedrohung',de,Angst,#ffa400,#f59e09,3,0.2674494162240801
'Armut',de,Wohlstand,#f6001d,#cc0018,3,0.2598943534793975
'Solar',de,Energie,#32ea18,#29c014,3,0.2578725919807303
'Energie sparen',de,Energie,#176a0b,#29c014,3,0.2448975235229235
'Geld sparen',de,Wohlstand,#f5001d,#cc0018,3,0.1526239391618256
'Gef채hrdung',de,Angst,#754c04,#f59e09,3,0.1054148711221352
'Risiko',de,Angst,#aa6d00,#9f6805,3,0.0992508846824375
'Hohe Kosten',de,Wohlstand,#76000e,#cc0018,3,0.0895090480630506
'Existenz채ngste',de,Angst,#f59e09,#f59e09,1,0.0876321506484871
'Wohlstandsgef채hrdung',de,Wohlstand,#a00013,#cc0018,1,0.0132859945598125
