keyword,language,topic,topicColor,keywordColor,limitPages,ratioNew
'Ukraine',de,Krieg,#8c8c8c,#8d8d8d,3,0.4276222599608998
'K채mpfe',de,Krieg,#363636,#8d8d8d,3,0.41340065067392506
'Krieg',de,Krieg,#616161,#8d8d8d,3,0.3850405072097863
'Putin',de,Krieg,#8d8d8d,#8d8d8d,3,0.3602266156212687
'Gas',de,Energie,#29c014,#29c014,3,0.3286384461993186
'Windkraft',de,Energie,#20950f,#29c014,3,0.3167889068690461
'Armut',de,Wohlstand,#f6001d,#cc0018,3,0.3123315100261076
'Russland',de,Krieg,#b7b7b7,#8d8d8d,3,0.3022730558143311
'Angst',de,Angst,#ca8307,#f59e09,3,0.2940016889418597
'Inflation',de,Wohlstand,#cc0018,#cc0018,3,0.2807143394921746
'Bedrohung',de,Angst,#ffa400,#f59e09,3,0.2673567720689499
'Energiekosten',de,Energie,#0e3f07,#29c014,3,0.2651868611121013
'Solar',de,Energie,#32ea18,#29c014,3,0.2334203598239155
'Energie sparen',de,Energie,#176a0b,#29c014,3,0.2261005044535928
'Geld sparen',de,Wohlstand,#f5001d,#cc0018,3,0.176239961013444
'Hohe Kosten',de,Wohlstand,#76000e,#cc0018,3,0.1111717890578395
'Gef채hrdung',de,Angst,#754c04,#f59e09,3,0.1056735468019964
'Risiko',de,Angst,#aa6d00,#9f6805,3,0.0878463272977684
'Wohlstandsgef채hrdung',de,Wohlstand,#a00013,#cc0018,1,0.0671004995379677
'Existenz채ngste',de,Angst,#f59e09,#f59e09,1,0.0284242578411815
