keyword,language,topic,topicColor,keywordColor,limitPages,ratioNew
'Putin',de,Krieg,#8d8d8d,#8d8d8d,3,0.314518603669292
'Russland',de,Krieg,#b7b7b7,#8d8d8d,3,0.3048956186769677
'Krieg',de,Krieg,#616161,#8d8d8d,3,0.27893960881316826
'Ukraine',de,Krieg,#8c8c8c,#8d8d8d,3,0.2747553129010174
'K채mpfe',de,Krieg,#363636,#8d8d8d,3,0.2626559158592582
'Gas',de,Energie,#29c014,#29c014,3,0.262059513991254
'Inflation',de,Wohlstand,#cc0018,#cc0018,3,0.2579916663370394
'Angst',de,Angst,#ca8307,#f59e09,3,0.246276939792363
'Solar',de,Energie,#32ea18,#29c014,3,0.2436464676777151
'Windkraft',de,Energie,#20950f,#29c014,3,0.2270641197956492
'Bedrohung',de,Angst,#ffa400,#f59e09,3,0.2038234568812928
'Risiko',de,Angst,#aa6d00,#9f6805,3,0.1854561457716685
'Armut',de,Wohlstand,#f6001d,#cc0018,3,0.1816485092249317
'Geld sparen',de,Wohlstand,#f5001d,#cc0018,3,0.1319983437777523
'Energiekosten',de,Energie,#0e3f07,#29c014,3,0.1292724112602851
'Energie sparen',de,Energie,#176a0b,#29c014,3,0.1063463793974957
'Hohe Kosten',de,Wohlstand,#76000e,#cc0018,3,0.0779800748644389
'Gef채hrdung',de,Angst,#754c04,#f59e09,3,0.0754695431584209
'Existenz채ngste',de,Angst,#f59e09,#f59e09,1,0.0148109979536707
'Wohlstandsgef채hrdung',de,Wohlstand,#a00013,#cc0018,1,8.57197796831577e-08
