keyword,language,topic,topicColor,keywordColor,limitPages,ratioNew
'Putin',de,Krieg,#8d8d8d,#8d8d8d,3,0.353295371266738
'Krieg',de,Krieg,#616161,#8d8d8d,3,0.3214133081914175
'Russland',de,Krieg,#b7b7b7,#8d8d8d,3,0.2890988099006636
'Windkraft',de,Energie,#20950f,#29c014,3,0.2531430666367365
'Gas',de,Energie,#29c014,#29c014,3,0.249092680596544
'K채mpfe',de,Krieg,#363636,#8d8d8d,3,0.2486816452796941
'Ukraine',de,Krieg,#8c8c8c,#8d8d8d,3,0.2441025422636673
'Solar',de,Energie,#32ea18,#29c014,3,0.2282035190776076
'Angst',de,Angst,#ca8307,#f59e09,3,0.2239010714551575
'Inflation',de,Wohlstand,#cc0018,#cc0018,3,0.2201250053674754
'Energiekosten',de,Energie,#0e3f07,#29c014,3,0.2139929155566141
'Armut',de,Wohlstand,#f6001d,#cc0018,3,0.195886108823517
'Bedrohung',de,Angst,#ffa400,#f59e09,3,0.1726416686585679
'Energie sparen',de,Energie,#176a0b,#29c014,3,0.1723183803193999
'Gef채hrdung',de,Angst,#754c04,#f59e09,3,0.1450758198582067
'Risiko',de,Angst,#aa6d00,#9f6805,3,0.1338216510603941
'Geld sparen',de,Wohlstand,#f5001d,#cc0018,3,0.1269984069104584
'Hohe Kosten',de,Wohlstand,#76000e,#cc0018,3,0.0910767460649401
'Existenz채ngste',de,Angst,#f59e09,#f59e09,1,0.0292571449424236
'Wohlstandsgef채hrdung',de,Wohlstand,#a00013,#cc0018,1,2.619340832439732e-09
