keyword,language,topic,topicColor,keywordColor,limitPages,ratioNew
'Krieg',de,Krieg,#616161,#8d8d8d,3,0.2296693463146527
'Russland',de,Krieg,#b7b7b7,#8d8d8d,3,0.2073185887800714
'Ukraine',de,Krieg,#8c8c8c,#8d8d8d,3,0.1939669098390036
'K채mpfe',de,Krieg,#363636,#8d8d8d,3,0.1934426796459236
'Inflation',de,Wohlstand,#cc0018,#cc0018,3,0.1928895021286645
'Bedrohung',de,Angst,#ffa400,#f59e09,3,0.1825717505584116
'Solar',de,Energie,#32ea18,#29c014,3,0.1815487024134977
'Angst',de,Angst,#ca8307,#f59e09,3,0.1801897041134564
'Windkraft',de,Energie,#20950f,#29c014,3,0.1772440164171623
'Armut',de,Wohlstand,#f6001d,#cc0018,3,0.1736773064814097
'Putin',de,Krieg,#8d8d8d,#8d8d8d,3,0.173263942874544
'Risiko',de,Angst,#aa6d00,#9f6805,3,0.168436172799077
'Energiekosten',de,Energie,#0e3f07,#29c014,3,0.1652263655047878
'Gas',de,Energie,#29c014,#29c014,3,0.1465863474162109
'Geld sparen',de,Wohlstand,#f5001d,#cc0018,3,0.1331592418878689
'Hohe Kosten',de,Wohlstand,#76000e,#cc0018,3,0.1109749333047858
'Gef채hrdung',de,Angst,#754c04,#f59e09,3,0.10995827647256282
'Energie sparen',de,Energie,#176a0b,#29c014,3,0.1080338997188262
'Existenz채ngste',de,Angst,#f59e09,#f59e09,2,0.0341507853432338
'Wohlstandsgef채hrdung',de,Wohlstand,#a00013,#cc0018,1,1.831745710882012e-11
