keyword,language,topic,topicColor,keywordColor,limitPages,ratioNew
'Putin',de,Krieg,#8d8d8d,#8d8d8d,3,0.455352102892629
'Ukraine',de,Krieg,#8c8c8c,#8d8d8d,3,0.3845106874608422
'Russland',de,Krieg,#b7b7b7,#8d8d8d,3,0.3771974372498512
'Krieg',de,Krieg,#616161,#8d8d8d,3,0.3215693703101201
'K채mpfe',de,Krieg,#363636,#8d8d8d,3,0.2626559158592582
'Angst',de,Angst,#ca8307,#f59e09,3,0.2517805206113362
'Gas',de,Energie,#29c014,#29c014,3,0.2446165399375647
'Windkraft',de,Energie,#20950f,#29c014,3,0.2399695745224568
'Solar',de,Energie,#32ea18,#29c014,3,0.2046926485630535
'Risiko',de,Angst,#aa6d00,#9f6805,3,0.1973674590108028
'Inflation',de,Wohlstand,#cc0018,#cc0018,3,0.1939740887396976
'Bedrohung',de,Angst,#ffa400,#f59e09,3,0.1751186669191681
'Armut',de,Wohlstand,#f6001d,#cc0018,3,0.1714127205378105
'Geld sparen',de,Wohlstand,#f5001d,#cc0018,3,0.1206096997867601
'Energiekosten',de,Energie,#0e3f07,#29c014,3,0.11874121998907033
'Energie sparen',de,Energie,#176a0b,#29c014,3,0.1139392468847543
'Gef채hrdung',de,Angst,#754c04,#f59e09,3,0.0747814247552854
'Hohe Kosten',de,Wohlstand,#76000e,#cc0018,3,0.070329786837715
'Existenz채ngste',de,Angst,#f59e09,#f59e09,1,0.0266220747680611
'Wohlstandsgef채hrdung',de,Wohlstand,#a00013,#cc0018,1,2.272832819130249e-07
