keyword,language,topic,topicColor,keywordColor,limitPages,ratioNew
'K채mpfe',de,Krieg,#363636,#8d8d8d,3,0.3245364043706159
'Krieg',de,Krieg,#616161,#8d8d8d,3,0.3038180994640898
'Russland',de,Krieg,#b7b7b7,#8d8d8d,3,0.2992370464533854
'Windkraft',de,Energie,#20950f,#29c014,3,0.2953946427109917
'Putin',de,Krieg,#8d8d8d,#8d8d8d,3,0.2575633230195891
'Ukraine',de,Krieg,#8c8c8c,#8d8d8d,3,0.2486693578446375
'Armut',de,Wohlstand,#f6001d,#cc0018,3,0.2457699438754741
'Bedrohung',de,Angst,#ffa400,#f59e09,3,0.2394411473542959
'Gas',de,Energie,#29c014,#29c014,3,0.238935509947482
'Angst',de,Angst,#ca8307,#f59e09,3,0.2357763021671034
'Solar',de,Energie,#32ea18,#29c014,3,0.2173544432551396
'Energiekosten',de,Energie,#0e3f07,#29c014,3,0.2169549447252905
'Inflation',de,Wohlstand,#cc0018,#cc0018,3,0.2111783466993619
'Geld sparen',de,Wohlstand,#f5001d,#cc0018,3,0.161773854093191
'Energie sparen',de,Energie,#176a0b,#29c014,3,0.150691029621165
'Risiko',de,Angst,#aa6d00,#9f6805,3,0.1206060516083837
'Gef채hrdung',de,Angst,#754c04,#f59e09,3,0.1009397292538267
'Hohe Kosten',de,Wohlstand,#76000e,#cc0018,3,0.0983673372513435
'Existenz채ngste',de,Angst,#f59e09,#f59e09,1,0.073585538006899
'Wohlstandsgef채hrdung',de,Wohlstand,#a00013,#cc0018,1,0.0002284900081368
