keyword,language,topic,topicColor,keywordColor,limitPages,ratioNew
'Ukraine',de,Krieg,#8c8c8c,#8d8d8d,3,0.3727044239333149
'Russland',de,Krieg,#b7b7b7,#8d8d8d,3,0.2909368949151148
'K채mpfe',de,Krieg,#363636,#8d8d8d,3,0.2311916676744318
'Armut',de,Wohlstand,#f6001d,#cc0018,3,0.2292441408707779
'Krieg',de,Krieg,#616161,#8d8d8d,3,0.2232283987053339
'Bedrohung',de,Angst,#ffa400,#f59e09,3,0.2217115842042618
'Putin',de,Krieg,#8d8d8d,#8d8d8d,3,0.2203109398453825
'Angst',de,Angst,#ca8307,#f59e09,3,0.2148278966290183
'Solar',de,Energie,#32ea18,#29c014,3,0.21317711004404
'Energie sparen',de,Energie,#176a0b,#29c014,3,0.2080506071499389
'Gas',de,Energie,#29c014,#29c014,3,0.2051827094686957
'Inflation',de,Wohlstand,#cc0018,#cc0018,3,0.20225134464242367
'Energiekosten',de,Energie,#0e3f07,#29c014,3,0.1815097988729416
'Geld sparen',de,Wohlstand,#f5001d,#cc0018,3,0.1428952466266532
'Windkraft',de,Energie,#20950f,#29c014,3,0.1362581547338154
'Risiko',de,Angst,#aa6d00,#9f6805,3,0.1128453521576875
'Gef채hrdung',de,Angst,#754c04,#f59e09,3,0.1038648712430704
'Hohe Kosten',de,Wohlstand,#76000e,#cc0018,3,0.0941650218981862
'Existenz채ngste',de,Angst,#f59e09,#f59e09,1,0.0121543745500144
'Wohlstandsgef채hrdung',de,Wohlstand,#a00013,#cc0018,1,9.101452092332032e-07
