keyword,language,topic,topicColor,keywordColor,limitPages,ratioNew
'Krieg',de,Krieg,#616161,#8d8d8d,3,0.5483614987675363
'Ukraine',de,Krieg,#8c8c8c,#8d8d8d,3,0.486393671977969
'Russland',de,Krieg,#b7b7b7,#8d8d8d,3,0.4758926969737804
'K채mpfe',de,Krieg,#363636,#8d8d8d,3,0.415123458588278
'Bedrohung',de,Angst,#ffa400,#f59e09,3,0.4080364628827388
'Putin',de,Krieg,#8d8d8d,#8d8d8d,3,0.4043567557643913
'Windkraft',de,Energie,#20950f,#29c014,3,0.4027338648348605
'Energie sparen',de,Energie,#176a0b,#29c014,3,0.4014428734042626
'Angst',de,Angst,#ca8307,#f59e09,3,0.3936642091863686
'Armut',de,Wohlstand,#f6001d,#cc0018,3,0.3744053644575144
'Gas',de,Energie,#29c014,#29c014,3,0.367286789619588
'Solar',de,Energie,#32ea18,#29c014,3,0.3608407332003187
'Energiekosten',de,Energie,#0e3f07,#29c014,3,0.3540991079214017
'Risiko',de,Angst,#aa6d00,#9f6805,3,0.3247470374247746
'Geld sparen',de,Wohlstand,#f5001d,#cc0018,3,0.3142941592632833
'Hohe Kosten',de,Wohlstand,#76000e,#cc0018,3,0.3046479172705353
'Inflation',de,Wohlstand,#cc0018,#cc0018,3,0.2950137901370513
'Gef채hrdung',de,Angst,#754c04,#f59e09,3,0.1096210525033418
'Existenz채ngste',de,Angst,#f59e09,#f59e09,2,0.0956141943904962
'Wohlstandsgef채hrdung',de,Wohlstand,#a00013,#cc0018,1,0.0210085439618407
