keyword,language,topic,topicColor,keywordColor,limitPages,ratioNew
'Krieg',de,Krieg,#616161,#8d8d8d,3,0.3264897551960551
'Ukraine',de,Krieg,#8c8c8c,#8d8d8d,3,0.3029185768585605
'Putin',de,Krieg,#8d8d8d,#8d8d8d,3,0.2769783915026642
'K채mpfe',de,Krieg,#363636,#8d8d8d,3,0.27173190398040625
'Russland',de,Krieg,#b7b7b7,#8d8d8d,3,0.2387039604640463
'Gas',de,Energie,#29c014,#29c014,3,0.2299247359470932
'Inflation',de,Wohlstand,#cc0018,#cc0018,3,0.2278238740911725
'Bedrohung',de,Angst,#ffa400,#f59e09,3,0.2263013183308473
'Energiekosten',de,Energie,#0e3f07,#29c014,3,0.2218475377317088
'Solar',de,Energie,#32ea18,#29c014,3,0.2210158124250878
'Armut',de,Wohlstand,#f6001d,#cc0018,3,0.2074692346094605
'Windkraft',de,Energie,#20950f,#29c014,3,0.2061703450075221
'Angst',de,Angst,#ca8307,#f59e09,3,0.1988830052222089
'Gef채hrdung',de,Angst,#754c04,#f59e09,3,0.1733485284764443
'Energie sparen',de,Energie,#176a0b,#29c014,3,0.1714013096902673
'Geld sparen',de,Wohlstand,#f5001d,#cc0018,3,0.1178289109821323
'Hohe Kosten',de,Wohlstand,#76000e,#cc0018,3,0.1047369299315553
'Risiko',de,Angst,#aa6d00,#9f6805,3,0.0985479221019042
'Existenz채ngste',de,Angst,#f59e09,#f59e09,1,0.0142950213227696
'Wohlstandsgef채hrdung',de,Wohlstand,#a00013,#cc0018,1,4.15021194455249e-08
