keyword,language,topic,topicColor,keywordColor,limitPages,ratioNew
'Ukraine',de,Krieg,#8c8c8c,#8d8d8d,3,0.2222585185068823
'Putin',de,Krieg,#8d8d8d,#8d8d8d,3,0.2092094590345796
'Gas',de,Energie,#29c014,#29c014,3,0.2071320503225266
'Russland',de,Krieg,#b7b7b7,#8d8d8d,3,0.1969999035961984
'Krieg',de,Krieg,#616161,#8d8d8d,3,0.1952543515471766
'K채mpfe',de,Krieg,#363636,#8d8d8d,3,0.1934426796459236
'Inflation',de,Wohlstand,#cc0018,#cc0018,3,0.1926144035753771
'Windkraft',de,Energie,#20950f,#29c014,3,0.1866533620950573
'Solar',de,Energie,#32ea18,#29c014,3,0.1863686932137407
'Armut',de,Wohlstand,#f6001d,#cc0018,3,0.1824493445235837
'Angst',de,Angst,#ca8307,#f59e09,3,0.1801897041134564
'Bedrohung',de,Angst,#ffa400,#f59e09,3,0.1714957044002704
'Risiko',de,Angst,#aa6d00,#9f6805,3,0.168436172799077
'Energiekosten',de,Energie,#0e3f07,#29c014,3,0.1578067833347174
'Geld sparen',de,Wohlstand,#f5001d,#cc0018,3,0.1240801990124661
'Gef채hrdung',de,Angst,#754c04,#f59e09,3,0.1237614441486254
'Energie sparen',de,Energie,#176a0b,#29c014,3,0.1105748360328437
'Hohe Kosten',de,Wohlstand,#76000e,#cc0018,3,0.1095725751202036
'Existenz채ngste',de,Angst,#f59e09,#f59e09,2,0.0394086056653756
'Wohlstandsgef채hrdung',de,Wohlstand,#a00013,#cc0018,1,2.9826919778253804e-11
