keyword,language,topic,topicColor,keywordColor,limitPages,ratioNew
'Putin',de,Krieg,#8d8d8d,#8d8d8d,3,0.3621897263146433
'Ukraine',de,Krieg,#8c8c8c,#8d8d8d,3,0.30796731131921984
'K채mpfe',de,Krieg,#363636,#8d8d8d,3,0.2956662093210147
'Solar',de,Energie,#32ea18,#29c014,3,0.245038611505796
'Angst',de,Angst,#ca8307,#f59e09,3,0.2366697287040763
'Armut',de,Wohlstand,#f6001d,#cc0018,3,0.2292441408707779
'Russland',de,Krieg,#b7b7b7,#8d8d8d,3,0.2271073313422348
'Energiekosten',de,Energie,#0e3f07,#29c014,3,0.2218475377317088
'Gas',de,Energie,#29c014,#29c014,3,0.2215263816820417
'Krieg',de,Krieg,#616161,#8d8d8d,3,0.2129579124892328
'Inflation',de,Wohlstand,#cc0018,#cc0018,3,0.2085037652472252
'Gef채hrdung',de,Angst,#754c04,#f59e09,3,0.2084232752820551
'Energie sparen',de,Energie,#176a0b,#29c014,3,0.2045230788047208
'Bedrohung',de,Angst,#ffa400,#f59e09,3,0.2014530310369422
'Windkraft',de,Energie,#20950f,#29c014,3,0.1960166942042724
'Risiko',de,Angst,#aa6d00,#9f6805,3,0.1463661447885798
'Geld sparen',de,Wohlstand,#f5001d,#cc0018,3,0.1292406147559387
'Hohe Kosten',de,Wohlstand,#76000e,#cc0018,3,0.0810298388050416
'Existenz채ngste',de,Angst,#f59e09,#f59e09,1,0.0243365070470384
'Wohlstandsgef채hrdung',de,Wohlstand,#a00013,#cc0018,1,2.480059459257429e-07
