keyword,language,topic,topicColor,keywordColor,limitPages,ratioNew
'K채mpfe',de,Krieg,#363636,#8d8d8d,3,0.4155873720350592
'Krieg',de,Krieg,#616161,#8d8d8d,3,0.398692303035692
'Russland',de,Krieg,#b7b7b7,#8d8d8d,3,0.37680586401002925
'Bedrohung',de,Angst,#ffa400,#f59e09,3,0.3531286556371271
'Angst',de,Angst,#ca8307,#f59e09,3,0.3528850717795466
'Putin',de,Krieg,#8d8d8d,#8d8d8d,3,0.3463346540861013
'Energiekosten',de,Energie,#0e3f07,#29c014,3,0.341422546794047
'Solar',de,Energie,#32ea18,#29c014,3,0.3370345645941318
'Ukraine',de,Krieg,#8c8c8c,#8d8d8d,3,0.3352791720290116
'Armut',de,Wohlstand,#f6001d,#cc0018,3,0.3207073017611293
'Gas',de,Energie,#29c014,#29c014,3,0.3143854594844333
'Inflation',de,Wohlstand,#cc0018,#cc0018,3,0.3139121726094754
'Windkraft',de,Energie,#20950f,#29c014,3,0.3016235669184169
'Energie sparen',de,Energie,#176a0b,#29c014,1,0.2501621501180267
'Risiko',de,Angst,#aa6d00,#9f6805,3,0.1994938996817263
'Geld sparen',de,Wohlstand,#f5001d,#cc0018,3,0.1901576579567693
'Hohe Kosten',de,Wohlstand,#76000e,#cc0018,3,0.1727598640069481
'Gef채hrdung',de,Angst,#754c04,#f59e09,3,0.1062671449367257
'Existenz채ngste',de,Angst,#f59e09,#f59e09,1,0.0263167559455111
'Wohlstandsgef채hrdung',de,Wohlstand,#a00013,#cc0018,1,0.0001158248047254
