keyword,language,topic,topicColor,keywordColor,limitPages,ratioNew
'Krieg',de,Krieg,#616161,#8d8d8d,3,0.3117372607431998
'Russland',de,Krieg,#b7b7b7,#8d8d8d,3,0.3074589084392834
'Putin',de,Krieg,#8d8d8d,#8d8d8d,3,0.2878394907230852
'Gas',de,Energie,#29c014,#29c014,3,0.2711619140708004
'Windkraft',de,Energie,#20950f,#29c014,3,0.2553918070406619
'K채mpfe',de,Krieg,#363636,#8d8d8d,3,0.2486816452796941
'Ukraine',de,Krieg,#8c8c8c,#8d8d8d,3,0.2441025422636673
'Inflation',de,Wohlstand,#cc0018,#cc0018,3,0.2317342437478321
'Angst',de,Angst,#ca8307,#f59e09,3,0.22390107145515759
'Energiekosten',de,Energie,#0e3f07,#29c014,3,0.2139929155566141
'Solar',de,Energie,#32ea18,#29c014,3,0.2091703395565438
'Armut',de,Wohlstand,#f6001d,#cc0018,3,0.2085790766907687
'Bedrohung',de,Angst,#ffa400,#f59e09,3,0.1726416686585679
'Energie sparen',de,Energie,#176a0b,#29c014,3,0.1723183803193999
'Gef채hrdung',de,Angst,#754c04,#f59e09,3,0.1450758198582067
'Geld sparen',de,Wohlstand,#f5001d,#cc0018,3,0.1269984069104584
'Risiko',de,Angst,#aa6d00,#9f6805,3,0.1113418376277166
'Hohe Kosten',de,Wohlstand,#76000e,#cc0018,3,0.0756007464252082
'Existenz채ngste',de,Angst,#f59e09,#f59e09,1,0.0308228957418429
'Wohlstandsgef채hrdung',de,Wohlstand,#a00013,#cc0018,1,3.625385235210702e-09
