keyword,language,topic,topicColor,keywordColor,limitPages,ratioNew
'Russland',de,Krieg,#b7b7b7,#8d8d8d,3,0.7863128336284091
'Inflation',de,Wohlstand,#cc0018,#cc0018,3,0.734573905080442
'K채mpfe',de,Krieg,#363636,#8d8d8d,3,0.6805186442274455
'Armut',de,Wohlstand,#f6001d,#cc0018,3,0.6801313360321222
'Angst',de,Angst,#ca8307,#f59e09,3,0.6719381339688693
'Energie sparen',de,Energie,#176a0b,#29c014,3,0.6497319521939714
'Bedrohung',de,Angst,#ffa400,#f59e09,3,0.6487419026067613
'Putin',de,Krieg,#8d8d8d,#8d8d8d,3,0.6174609279085794
'Gas',de,Energie,#29c014,#29c014,3,0.6019569979170094
'Energiekosten',de,Energie,#0e3f07,#29c014,3,0.597478892354733
'Ukraine',de,Krieg,#8c8c8c,#8d8d8d,3,0.5970904329273296
'Solar',de,Energie,#32ea18,#29c014,3,0.5831092329386023
'Windkraft',de,Energie,#20950f,#29c014,3,0.5730914833478076
'Geld sparen',de,Wohlstand,#f5001d,#cc0018,3,0.5676832506519204
'Krieg',de,Krieg,#616161,#8d8d8d,2,0.5605521518177272
'Hohe Kosten',de,Wohlstand,#76000e,#cc0018,3,0.5574171980986178
'Risiko',de,Angst,#aa6d00,#9f6805,3,0.4101951582274938
'Gef채hrdung',de,Angst,#754c04,#f59e09,3,0.3811072170435038
'Wohlstandsgef채hrdung',de,Wohlstand,#a00013,#cc0018,1,0.2317669612832029
'Existenz채ngste',de,Angst,#f59e09,#f59e09,1,0.16917196090907863
