keyword,language,topic,topicColor,keywordColor,limitPages,ratioNew
'Krieg',de,Krieg,#616161,#8d8d8d,3,0.3797828133424925
'K채mpfe',de,Krieg,#363636,#8d8d8d,3,0.3232149134309164
'Angst',de,Angst,#ca8307,#f59e09,3,0.3074496304588167
'Russland',de,Krieg,#b7b7b7,#8d8d8d,3,0.3051361419939388
'Gas',de,Energie,#29c014,#29c014,3,0.2924635582525163
'Ukraine',de,Krieg,#8c8c8c,#8d8d8d,3,0.2924135987518731
'Putin',de,Krieg,#8d8d8d,#8d8d8d,3,0.289373319222949
'Inflation',de,Wohlstand,#cc0018,#cc0018,3,0.2856257154135986
'Energiekosten',de,Energie,#0e3f07,#29c014,3,0.267309077176039
'Armut',de,Wohlstand,#f6001d,#cc0018,3,0.2617195179115918
'Solar',de,Energie,#32ea18,#29c014,3,0.2605114445472571
'Bedrohung',de,Angst,#ffa400,#f59e09,3,0.2546641600256905
'Windkraft',de,Energie,#20950f,#29c014,3,0.2544683156647219
'Energie sparen',de,Energie,#176a0b,#29c014,3,0.2449161664812426
'Gef채hrdung',de,Angst,#754c04,#f59e09,3,0.2032556820670067
'Risiko',de,Angst,#aa6d00,#9f6805,3,0.1501782718140797
'Geld sparen',de,Wohlstand,#f5001d,#cc0018,3,0.1345783698019193
'Hohe Kosten',de,Wohlstand,#76000e,#cc0018,3,0.1035365437667667
'Existenz채ngste',de,Angst,#f59e09,#f59e09,2,0.0695278327293253
'Wohlstandsgef채hrdung',de,Wohlstand,#a00013,#cc0018,1,0.004259185450905
