keyword,language,topic,topicColor,keywordColor,limitPages,ratioNew
'Putin',de,Krieg,#8d8d8d,#8d8d8d,3,0.3076787722227222
'Ukraine',de,Krieg,#8c8c8c,#8d8d8d,3,0.2747553129010174
'K채mpfe',de,Krieg,#363636,#8d8d8d,3,0.2626559158592582
'Gas',de,Energie,#29c014,#29c014,3,0.262059513991254
'Inflation',de,Wohlstand,#cc0018,#cc0018,3,0.2579916663370394
'Russland',de,Krieg,#b7b7b7,#8d8d8d,3,0.2512904260211291
'Angst',de,Angst,#ca8307,#f59e09,3,0.246276939792363
'Solar',de,Energie,#32ea18,#29c014,3,0.2436464676777151
'Krieg',de,Krieg,#616161,#8d8d8d,3,0.2431444973902412
'Windkraft',de,Energie,#20950f,#29c014,3,0.225229119099029
'Bedrohung',de,Angst,#ffa400,#f59e09,3,0.2038234568812928
'Risiko',de,Angst,#aa6d00,#9f6805,3,0.1854561457716685
'Armut',de,Wohlstand,#f6001d,#cc0018,3,0.1597247299831949
'Energiekosten',de,Energie,#0e3f07,#29c014,3,0.1292724112602851
'Geld sparen',de,Wohlstand,#f5001d,#cc0018,3,0.1252253018112441
'Hohe Kosten',de,Wohlstand,#76000e,#cc0018,3,0.1209727450441025
'Gef채hrdung',de,Angst,#754c04,#f59e09,3,0.11455980713920322
'Energie sparen',de,Energie,#176a0b,#29c014,3,0.1063463793974957
'Existenz채ngste',de,Angst,#f59e09,#f59e09,1,0.012321108021527
'Wohlstandsgef채hrdung',de,Wohlstand,#a00013,#cc0018,1,6.193254082108146e-08
