keyword,language,topic,topicColor,keywordColor,limitPages,ratioNew
'Ukraine',de,Krieg,#8c8c8c,#8d8d8d,3,0.3964615467293415
'Putin',de,Krieg,#8d8d8d,#8d8d8d,3,0.3876158023833046
'K채mpfe',de,Krieg,#363636,#8d8d8d,3,0.340166493360875
'Gas',de,Energie,#29c014,#29c014,3,0.2452842828121262
'Krieg',de,Krieg,#616161,#8d8d8d,3,0.2340508749140344
'Bedrohung',de,Angst,#ffa400,#f59e09,3,0.2290456524636673
'Russland',de,Krieg,#b7b7b7,#8d8d8d,3,0.2130186699290495
'Armut',de,Wohlstand,#f6001d,#cc0018,3,0.209898285696331
'Angst',de,Angst,#ca8307,#f59e09,3,0.2052375854224277
'Energiekosten',de,Energie,#0e3f07,#29c014,3,0.1994462232127965
'Windkraft',de,Energie,#20950f,#29c014,3,0.196889454945693
'Inflation',de,Wohlstand,#cc0018,#cc0018,3,0.1866862137152217
'Solar',de,Energie,#32ea18,#29c014,3,0.1777018761611141
'Geld sparen',de,Wohlstand,#f5001d,#cc0018,3,0.1633839575916785
'Energie sparen',de,Energie,#176a0b,#29c014,3,0.15770102142256953
'Gef채hrdung',de,Angst,#754c04,#f59e09,3,0.1198995128422307
'Risiko',de,Angst,#aa6d00,#9f6805,3,0.1002218432472349
'Hohe Kosten',de,Wohlstand,#76000e,#cc0018,3,0.080110109986535
'Existenz채ngste',de,Angst,#f59e09,#f59e09,1,0.0318430442945988
'Wohlstandsgef채hrdung',de,Wohlstand,#a00013,#cc0018,1,3.828988673825901e-11
