keyword,language,topic,topicColor,keywordColor,limitPages,ratioNew
'Krieg',de,Krieg,#616161,#8d8d8d,3,0.3618419513224901
'Russland',de,Krieg,#b7b7b7,#8d8d8d,3,0.3344040061852532
'Putin',de,Krieg,#8d8d8d,#8d8d8d,3,0.32254551888973626
'Angst',de,Angst,#ca8307,#f59e09,3,0.2745498015442124
'Gas',de,Energie,#29c014,#29c014,3,0.2596954042544176
'K채mpfe',de,Krieg,#363636,#8d8d8d,3,0.2486816452796941
'Inflation',de,Wohlstand,#cc0018,#cc0018,3,0.2453905653717811
'Ukraine',de,Krieg,#8c8c8c,#8d8d8d,3,0.2441025422636673
'Energiekosten',de,Energie,#0e3f07,#29c014,3,0.2218475377317088
'Armut',de,Wohlstand,#f6001d,#cc0018,3,0.2085790766907687
'Windkraft',de,Energie,#20950f,#29c014,3,0.1983787414382119
'Bedrohung',de,Angst,#ffa400,#f59e09,3,0.1972550925394917
'Energie sparen',de,Energie,#176a0b,#29c014,3,0.1915531891458181
'Solar',de,Energie,#32ea18,#29c014,3,0.1888504574771258
'Gef채hrdung',de,Angst,#754c04,#f59e09,3,0.1450758198582067
'Geld sparen',de,Wohlstand,#f5001d,#cc0018,3,0.1272105920434154
'Risiko',de,Angst,#aa6d00,#9f6805,3,0.1113418376277166
'Hohe Kosten',de,Wohlstand,#76000e,#cc0018,3,0.0802907668043147
'Existenz채ngste',de,Angst,#f59e09,#f59e09,1,0.0353631397810976
'Wohlstandsgef채hrdung',de,Wohlstand,#a00013,#cc0018,1,5.0178342355857475e-09
