keyword,language,topic,topicColor,keywordColor,limitPages,ratioNew
'Putin',de,Krieg,#8d8d8d,#8d8d8d,3,0.4704167636748896
'Russland',de,Krieg,#b7b7b7,#8d8d8d,3,0.4525351219568979
'Krieg',de,Krieg,#616161,#8d8d8d,3,0.4158526325228842
'K채mpfe',de,Krieg,#363636,#8d8d8d,3,0.39706197014229616
'Armut',de,Wohlstand,#f6001d,#cc0018,3,0.3732025697888872
'Gas',de,Energie,#29c014,#29c014,3,0.3643711080228796
'Bedrohung',de,Angst,#ffa400,#f59e09,3,0.3574107854383164
'Angst',de,Angst,#ca8307,#f59e09,3,0.3532495714447769
'Ukraine',de,Krieg,#8c8c8c,#8d8d8d,3,0.3316558602083371
'Energie sparen',de,Energie,#176a0b,#29c014,3,0.3308448687752531
'Energiekosten',de,Energie,#0e3f07,#29c014,3,0.3186543993595763
'Inflation',de,Wohlstand,#cc0018,#cc0018,3,0.3134615060883712
'Windkraft',de,Energie,#20950f,#29c014,3,0.2999499494736719
'Risiko',de,Angst,#aa6d00,#9f6805,3,0.2918423586518127
'Solar',de,Energie,#32ea18,#29c014,3,0.272700248719126
'Geld sparen',de,Wohlstand,#f5001d,#cc0018,3,0.2581339840944687
'Hohe Kosten',de,Wohlstand,#76000e,#cc0018,3,0.1619652406804274
'Gef채hrdung',de,Angst,#754c04,#f59e09,3,0.1172881224150792
'Existenz채ngste',de,Angst,#f59e09,#f59e09,1,0.0270767250782873
'Wohlstandsgef채hrdung',de,Wohlstand,#a00013,#cc0018,1,0.005724629174468
