keyword,language,topic,topicColor,keywordColor,limitPages,ratioNew
'Ukraine',de,Krieg,#8c8c8c,#8d8d8d,3,0.3753460635194017
'K채mpfe',de,Krieg,#363636,#8d8d8d,3,0.3198705815004414
'Bedrohung',de,Angst,#ffa400,#f59e09,3,0.2974478298257771
'Russland',de,Krieg,#b7b7b7,#8d8d8d,3,0.2962100511674894
'Windkraft',de,Energie,#20950f,#29c014,3,0.2823357478859433
'Putin',de,Krieg,#8d8d8d,#8d8d8d,3,0.2782229436122339
'Gas',de,Energie,#29c014,#29c014,3,0.2716432579738065
'Krieg',de,Krieg,#616161,#8d8d8d,3,0.268343897404433
'Inflation',de,Wohlstand,#cc0018,#cc0018,3,0.2644525112056489
'Energiekosten',de,Energie,#0e3f07,#29c014,3,0.263987392417815
'Armut',de,Wohlstand,#f6001d,#cc0018,3,0.2546923574975803
'Angst',de,Angst,#ca8307,#f59e09,3,0.2537196548429842
'Solar',de,Energie,#32ea18,#29c014,3,0.2239779410263022
'Geld sparen',de,Wohlstand,#f5001d,#cc0018,3,0.1832627568084823
'Gef채hrdung',de,Angst,#754c04,#f59e09,3,0.1701356556937185
'Energie sparen',de,Energie,#176a0b,#29c014,3,0.1609637410296088
'Hohe Kosten',de,Wohlstand,#76000e,#cc0018,3,0.1206220756146771
'Risiko',de,Angst,#aa6d00,#9f6805,3,0.1125217864448415
'Existenz채ngste',de,Angst,#f59e09,#f59e09,1,0.0368167010986895
'Wohlstandsgef채hrdung',de,Wohlstand,#a00013,#cc0018,1,0.0008385245986233
