keyword,language,topic,topicColor,keywordColor,limitPages,ratioNew
'Russland',de,Krieg,#b7b7b7,#8d8d8d,3,0.3114919895164031
'Krieg',de,Krieg,#616161,#8d8d8d,3,0.30701880297079504
'Inflation',de,Wohlstand,#cc0018,#cc0018,3,0.2538454279133836
'Ukraine',de,Krieg,#8c8c8c,#8d8d8d,3,0.2499944642814718
'K채mpfe',de,Krieg,#363636,#8d8d8d,3,0.237755076194736
'Solar',de,Energie,#32ea18,#29c014,3,0.2338463620990951
'Gas',de,Energie,#29c014,#29c014,3,0.2285133166672599
'Putin',de,Krieg,#8d8d8d,#8d8d8d,3,0.2204286585569053
'Angst',de,Angst,#ca8307,#f59e09,3,0.2064567992465628
'Armut',de,Wohlstand,#f6001d,#cc0018,3,0.2046588048931459
'Windkraft',de,Energie,#20950f,#29c014,3,0.2006376645851145
'Bedrohung',de,Angst,#ffa400,#f59e09,3,0.1874020240058249
'Energiekosten',de,Energie,#0e3f07,#29c014,3,0.1644454965361439
'Risiko',de,Angst,#aa6d00,#9f6805,3,0.1576840596538198
'Energie sparen',de,Energie,#176a0b,#29c014,3,0.144597914047247
'Geld sparen',de,Wohlstand,#f5001d,#cc0018,3,0.1355537766611938
'Hohe Kosten',de,Wohlstand,#76000e,#cc0018,3,0.1034634187943567
'Gef채hrdung',de,Angst,#754c04,#f59e09,3,0.0951693501951873
'Existenz채ngste',de,Angst,#f59e09,#f59e09,1,0.0203031597431932
'Wohlstandsgef채hrdung',de,Wohlstand,#a00013,#cc0018,1,2.8240896954090118e-09
