keyword,language,topic,topicColor,keywordColor,limitPages,ratioNew
'Krieg',de,Krieg,#616161,#8d8d8d,3,0.3104488700664953
'K채mpfe',de,Krieg,#363636,#8d8d8d,3,0.2842237152835536
'Bedrohung',de,Angst,#ffa400,#f59e09,3,0.2714415139882741
'Windkraft',de,Energie,#20950f,#29c014,3,0.2695154874612304
'Putin',de,Krieg,#8d8d8d,#8d8d8d,3,0.2676132093854854
'Ukraine',de,Krieg,#8c8c8c,#8d8d8d,3,0.2661371076805301
'Armut',de,Wohlstand,#f6001d,#cc0018,3,0.2623563547820341
'Russland',de,Krieg,#b7b7b7,#8d8d8d,3,0.252045359638007
'Gas',de,Energie,#29c014,#29c014,3,0.238935509947482
'Energiekosten',de,Energie,#0e3f07,#29c014,3,0.2328568587264167
'Angst',de,Angst,#ca8307,#f59e09,3,0.2276547749088567
'Inflation',de,Wohlstand,#cc0018,#cc0018,3,0.2265403506623509
'Solar',de,Energie,#32ea18,#29c014,3,0.2239779410263022
'Energie sparen',de,Energie,#176a0b,#29c014,3,0.1609637410296088
'Geld sparen',de,Wohlstand,#f5001d,#cc0018,3,0.1577371604304921
'Risiko',de,Angst,#aa6d00,#9f6805,3,0.1360193548333927
'Gef채hrdung',de,Angst,#754c04,#f59e09,3,0.1276819873761621
'Hohe Kosten',de,Wohlstand,#76000e,#cc0018,3,0.1062306743136634
'Existenz채ngste',de,Angst,#f59e09,#f59e09,1,0.0974818224162317
'Wohlstandsgef채hrdung',de,Wohlstand,#a00013,#cc0018,1,0.0007127459088298
