keyword,language,topic,topicColor,keywordColor,limitPages,ratioNew
'Ukraine',de,Krieg,#8c8c8c,#8d8d8d,3,0.30607885534925955
'Risiko',de,Angst,#aa6d00,#9f6805,3,0.2321322739853499
'Putin',de,Krieg,#8d8d8d,#8d8d8d,3,0.225752195596922
'K채mpfe',de,Krieg,#363636,#8d8d8d,3,0.2161480104448875
'Armut',de,Wohlstand,#f6001d,#cc0018,3,0.2128148705314108
'Inflation',de,Wohlstand,#cc0018,#cc0018,3,0.2121154953034814
'Krieg',de,Krieg,#616161,#8d8d8d,3,0.2112962652864222
'Solar',de,Energie,#32ea18,#29c014,3,0.2091068552466617
'Windkraft',de,Energie,#20950f,#29c014,3,0.2083015913913657
'Russland',de,Krieg,#b7b7b7,#8d8d8d,3,0.1964956435658271
'Gas',de,Energie,#29c014,#29c014,3,0.196039567293906
'Energiekosten',de,Energie,#0e3f07,#29c014,3,0.1910638725776033
'Geld sparen',de,Wohlstand,#f5001d,#cc0018,3,0.1650947258355554
'Angst',de,Angst,#ca8307,#f59e09,3,0.160002894992299
'Gef채hrdung',de,Angst,#754c04,#f59e09,3,0.1587233316257546
'Bedrohung',de,Angst,#ffa400,#f59e09,3,0.1524495755695626
'Energie sparen',de,Energie,#176a0b,#29c014,3,0.1451602928902534
'Hohe Kosten',de,Wohlstand,#76000e,#cc0018,3,0.0662764381856635
'Existenz채ngste',de,Angst,#f59e09,#f59e09,1,0.0175170520641522
'Wohlstandsgef채hrdung',de,Wohlstand,#a00013,#cc0018,1,1.829180224733408e-05
