keyword,language,topic,topicColor,keywordColor,limitPages,ratioNew
'Putin',de,Krieg,#8d8d8d,#8d8d8d,3,0.4279992498879241
'Russland',de,Krieg,#b7b7b7,#8d8d8d,3,0.375749386262506
'Ukraine',de,Krieg,#8c8c8c,#8d8d8d,3,0.3115746118313276
'Gas',de,Energie,#29c014,#29c014,3,0.304220946897946
'Angst',de,Angst,#ca8307,#f59e09,3,0.2903394183662779
'Windkraft',de,Energie,#20950f,#29c014,3,0.2657965416841738
'Krieg',de,Krieg,#616161,#8d8d8d,3,0.2376808836757873
'K채mpfe',de,Krieg,#363636,#8d8d8d,3,0.2253101500725815
'Solar',de,Energie,#32ea18,#29c014,3,0.2046926485630535
'Risiko',de,Angst,#aa6d00,#9f6805,3,0.1988952980876461
'Inflation',de,Wohlstand,#cc0018,#cc0018,3,0.1939740887396976
'Bedrohung',de,Angst,#ffa400,#f59e09,3,0.1751186669191681
'Armut',de,Wohlstand,#f6001d,#cc0018,3,0.1583989514348573
'Energiekosten',de,Energie,#0e3f07,#29c014,3,0.1327892236715664
'Geld sparen',de,Wohlstand,#f5001d,#cc0018,3,0.1200152248828194
'Energie sparen',de,Energie,#176a0b,#29c014,3,0.1068293220034543
'Hohe Kosten',de,Wohlstand,#76000e,#cc0018,3,0.0721548795355691
'Gef채hrdung',de,Angst,#754c04,#f59e09,3,0.07140909232115
'Existenz채ngste',de,Angst,#f59e09,#f59e09,1,0.0288492526683072
'Wohlstandsgef채hrdung',de,Wohlstand,#a00013,#cc0018,1,3.700928669456949e-07
