keyword,language,topic,topicColor,keywordColor,limitPages,ratioNew
'Ukraine',de,Krieg,#8c8c8c,#8d8d8d,3,0.3077566776413939
'Gas',de,Energie,#29c014,#29c014,3,0.298347744319544
'Krieg',de,Krieg,#616161,#8d8d8d,3,0.2879180759497916
'Russland',de,Krieg,#b7b7b7,#8d8d8d,3,0.2287760217356615
'K채mpfe',de,Krieg,#363636,#8d8d8d,3,0.228729161120594
'Putin',de,Krieg,#8d8d8d,#8d8d8d,3,0.2246610432690641
'Windkraft',de,Energie,#20950f,#29c014,3,0.2176729288635315
'Solar',de,Energie,#32ea18,#29c014,3,0.2145126987778442
'Armut',de,Wohlstand,#f6001d,#cc0018,3,0.1994847035880628
'Energiekosten',de,Energie,#0e3f07,#29c014,3,0.1938004780282274
'Gef채hrdung',de,Angst,#754c04,#f59e09,3,0.1869613294400492
'Inflation',de,Wohlstand,#cc0018,#cc0018,3,0.1859291328396141
'Risiko',de,Angst,#aa6d00,#9f6805,3,0.1768011120237127
'Geld sparen',de,Wohlstand,#f5001d,#cc0018,3,0.1725457450070978
'Energie sparen',de,Energie,#176a0b,#29c014,3,0.1655585949666813
'Angst',de,Angst,#ca8307,#f59e09,3,0.144852185131936
'Bedrohung',de,Angst,#ffa400,#f59e09,3,0.1345540542341282
'Hohe Kosten',de,Wohlstand,#76000e,#cc0018,3,0.0573362837342583
'Existenz채ngste',de,Angst,#f59e09,#f59e09,1,0.0306228171138354
'Wohlstandsgef채hrdung',de,Wohlstand,#a00013,#cc0018,1,4.984342798286767e-06
