keyword,language,topic,topicColor,keywordColor,limitPages,ratioNew
'Krieg',de,Krieg,#616161,#8d8d8d,3,0.4117299372685714
'Ukraine',de,Krieg,#8c8c8c,#8d8d8d,3,0.3698108058215633
'K채mpfe',de,Krieg,#363636,#8d8d8d,3,0.3671440016613976
'Russland',de,Krieg,#b7b7b7,#8d8d8d,3,0.3594882762578764
'Putin',de,Krieg,#8d8d8d,#8d8d8d,3,0.354345194921792
'Armut',de,Wohlstand,#f6001d,#cc0018,3,0.3236178268402379
'Windkraft',de,Energie,#20950f,#29c014,3,0.31513414674778
'Angst',de,Angst,#ca8307,#f59e09,3,0.3083005275327831
'Gas',de,Energie,#29c014,#29c014,3,0.29777597326537125
'Inflation',de,Wohlstand,#cc0018,#cc0018,3,0.2807143394921746
'Bedrohung',de,Angst,#ffa400,#f59e09,3,0.2728144217743617
'Energiekosten',de,Energie,#0e3f07,#29c014,3,0.2621826987634679
'Solar',de,Energie,#32ea18,#29c014,3,0.2547681477848165
'Energie sparen',de,Energie,#176a0b,#29c014,3,0.2261005044535928
'Geld sparen',de,Wohlstand,#f5001d,#cc0018,3,0.1695006693880922
'Risiko',de,Angst,#aa6d00,#9f6805,3,0.1031753079278783
'Gef채hrdung',de,Angst,#754c04,#f59e09,3,0.0951133979358624
'Hohe Kosten',de,Wohlstand,#76000e,#cc0018,3,0.0933717887079253
'Wohlstandsgef채hrdung',de,Wohlstand,#a00013,#cc0018,1,0.0487576386661816
'Existenz채ngste',de,Angst,#f59e09,#f59e09,1,0.027568096985333
