keyword,language,topic,topicColor,keywordColor,limitPages,ratioNew
'Russland',de,Krieg,#b7b7b7,#8d8d8d,3,0.4080663104935059
'Putin',de,Krieg,#8d8d8d,#8d8d8d,3,0.3353323862010025
'Krieg',de,Krieg,#616161,#8d8d8d,3,0.2630066053939744
'K채mpfe',de,Krieg,#363636,#8d8d8d,3,0.2485294952725558
'Windkraft',de,Energie,#20950f,#29c014,3,0.2463480405826343
'Ukraine',de,Krieg,#8c8c8c,#8d8d8d,3,0.2207612454727404
'Angst',de,Angst,#ca8307,#f59e09,3,0.2127077339068511
'Inflation',de,Wohlstand,#cc0018,#cc0018,3,0.211312287081865
'Risiko',de,Angst,#aa6d00,#9f6805,3,0.1988952980876461
'Gas',de,Energie,#29c014,#29c014,3,0.1881886663308709
'Solar',de,Energie,#32ea18,#29c014,3,0.1815107918923625
'Bedrohung',de,Angst,#ffa400,#f59e09,3,0.17511866691916816
'Armut',de,Wohlstand,#f6001d,#cc0018,3,0.1583989514348573
'Energiekosten',de,Energie,#0e3f07,#29c014,3,0.1327892236715664
'Geld sparen',de,Wohlstand,#f5001d,#cc0018,3,0.1200152248828194
'Energie sparen',de,Energie,#176a0b,#29c014,3,0.1068293220034543
'Hohe Kosten',de,Wohlstand,#76000e,#cc0018,3,0.0806618375465851
'Gef채hrdung',de,Angst,#754c04,#f59e09,3,0.0597912075025472
'Existenz채ngste',de,Angst,#f59e09,#f59e09,1,0.0343444279146122
'Wohlstandsgef채hrdung',de,Wohlstand,#a00013,#cc0018,1,3.700928669456949e-07
