keyword,language,topic,topicColor,keywordColor,limitPages,ratioNew
'Russland',de,Krieg,#b7b7b7,#8d8d8d,3,0.3794762298716279
'Krieg',de,Krieg,#616161,#8d8d8d,3,0.2924822810798185
'Inflation',de,Wohlstand,#cc0018,#cc0018,3,0.2749881564564839
'Ukraine',de,Krieg,#8c8c8c,#8d8d8d,3,0.26703955859309264
'K채mpfe',de,Krieg,#363636,#8d8d8d,3,0.2559342252805501
'Solar',de,Energie,#32ea18,#29c014,3,0.2425468580844969
'Gas',de,Energie,#29c014,#29c014,3,0.2289981693931186
'Putin',de,Krieg,#8d8d8d,#8d8d8d,3,0.2213710073931507
'Angst',de,Angst,#ca8307,#f59e09,3,0.2194432667727095
'Windkraft',de,Energie,#20950f,#29c014,3,0.1932985069438516
'Bedrohung',de,Angst,#ffa400,#f59e09,3,0.1874020240058249
'Armut',de,Wohlstand,#f6001d,#cc0018,3,0.1600789603020968
'Energiekosten',de,Energie,#0e3f07,#29c014,3,0.1576661969243134
'Risiko',de,Angst,#aa6d00,#9f6805,3,0.1548130196609395
'Energie sparen',de,Energie,#176a0b,#29c014,3,0.1228153096828724
'Geld sparen',de,Wohlstand,#f5001d,#cc0018,3,0.1204933956304665
'Hohe Kosten',de,Wohlstand,#76000e,#cc0018,3,0.1170034046463631
'Gef채hrdung',de,Angst,#754c04,#f59e09,3,0.1131126155149878
'Existenz채ngste',de,Angst,#f59e09,#f59e09,1,0.0281712623952174
'Wohlstandsgef채hrdung',de,Wohlstand,#a00013,#cc0018,1,1.4344625980538717e-08
