keyword,language,topic,topicColor,keywordColor,limitPages,ratioNew
'Russland',de,Krieg,#b7b7b7,#8d8d8d,3,0.4716529067870461
'Krieg',de,Krieg,#616161,#8d8d8d,3,0.3263866466451184
'Gas',de,Energie,#29c014,#29c014,3,0.2567037993740034
'Ukraine',de,Krieg,#8c8c8c,#8d8d8d,3,0.2501971029859469
'Inflation',de,Wohlstand,#cc0018,#cc0018,3,0.2446759023579914
'Solar',de,Energie,#32ea18,#29c014,3,0.2425468580844969
'K채mpfe',de,Krieg,#363636,#8d8d8d,3,0.237755076194736
'Putin',de,Krieg,#8d8d8d,#8d8d8d,3,0.2213710073931507
'Angst',de,Angst,#ca8307,#f59e09,3,0.2064567992465628
'Armut',de,Wohlstand,#f6001d,#cc0018,3,0.2046588048931459
'Windkraft',de,Energie,#20950f,#29c014,3,0.187437739084092
'Bedrohung',de,Angst,#ffa400,#f59e09,3,0.1874020240058249
'Energiekosten',de,Energie,#0e3f07,#29c014,3,0.1769422146414527
'Risiko',de,Angst,#aa6d00,#9f6805,3,0.1548130196609395
'Geld sparen',de,Wohlstand,#f5001d,#cc0018,3,0.1355537766611938
'Energie sparen',de,Energie,#176a0b,#29c014,3,0.1228153096828724
'Hohe Kosten',de,Wohlstand,#76000e,#cc0018,3,0.1034634187943567
'Gef채hrdung',de,Angst,#754c04,#f59e09,3,0.0954381660050332
'Existenz채ngste',de,Angst,#f59e09,#f59e09,1,0.0246441660805444
'Wohlstandsgef채hrdung',de,Wohlstand,#a00013,#cc0018,1,6.364786753390548e-09
