keyword,language,topic,topicColor,keywordColor,limitPages,ratioNew
'Krieg',de,Krieg,#616161,#8d8d8d,3,0.3405976025558037
'K채mpfe',de,Krieg,#363636,#8d8d8d,3,0.2787055397076483
'Putin',de,Krieg,#8d8d8d,#8d8d8d,3,0.2451193837894984
'Windkraft',de,Energie,#20950f,#29c014,3,0.2167154627475458
'Solar',de,Energie,#32ea18,#29c014,3,0.2091068552466617
'Ukraine',de,Krieg,#8c8c8c,#8d8d8d,3,0.2063726180807843
'Armut',de,Wohlstand,#f6001d,#cc0018,3,0.1994847035880628
'Gas',de,Energie,#29c014,#29c014,3,0.196039567293906
'Energiekosten',de,Energie,#0e3f07,#29c014,3,0.1900861244182355
'Inflation',de,Wohlstand,#cc0018,#cc0018,3,0.1859291328396141
'Risiko',de,Angst,#aa6d00,#9f6805,3,0.1753995403487529
'Energie sparen',de,Energie,#176a0b,#29c014,3,0.1729053309768444
'Gef채hrdung',de,Angst,#754c04,#f59e09,3,0.1646111129085301
'Russland',de,Krieg,#b7b7b7,#8d8d8d,3,0.1603594608172191
'Geld sparen',de,Wohlstand,#f5001d,#cc0018,3,0.1543802160511311
'Angst',de,Angst,#ca8307,#f59e09,3,0.144852185131936
'Bedrohung',de,Angst,#ffa400,#f59e09,3,0.1345540542341282
'Hohe Kosten',de,Wohlstand,#76000e,#cc0018,3,0.0616166102755981
'Existenz채ngste',de,Angst,#f59e09,#f59e09,1,0.0266647342545293
'Wohlstandsgef채hrdung',de,Wohlstand,#a00013,#cc0018,1,9.548435096872436e-06
