keyword,language,topic,topicColor,keywordColor,limitPages,ratioNew
'Putin',de,Krieg,#8d8d8d,#8d8d8d,3,0.3192368081674063
'Ukraine',de,Krieg,#8c8c8c,#8d8d8d,3,0.30961762067432685
'Russland',de,Krieg,#b7b7b7,#8d8d8d,3,0.2716254241996035
'Krieg',de,Krieg,#616161,#8d8d8d,3,0.2604601638872297
'K채mpfe',de,Krieg,#363636,#8d8d8d,3,0.238369170323293
'Gas',de,Energie,#29c014,#29c014,3,0.2252321526961301
'Windkraft',de,Energie,#20950f,#29c014,3,0.2111447328801821
'Angst',de,Angst,#ca8307,#f59e09,3,0.1978354572141997
'Solar',de,Energie,#32ea18,#29c014,3,0.193314551131391
'Bedrohung',de,Angst,#ffa400,#f59e09,3,0.1862725345973757
'Inflation',de,Wohlstand,#cc0018,#cc0018,3,0.1813835177038568
'Armut',de,Wohlstand,#f6001d,#cc0018,3,0.1665657396605185
'Energiekosten',de,Energie,#0e3f07,#29c014,3,0.1543536576879871
'Risiko',de,Angst,#aa6d00,#9f6805,3,0.1536940230469708
'Geld sparen',de,Wohlstand,#f5001d,#cc0018,3,0.1211998751806266
'Energie sparen',de,Energie,#176a0b,#29c014,3,0.1205584522557331
'Gef채hrdung',de,Angst,#754c04,#f59e09,3,0.097100821575761
'Hohe Kosten',de,Wohlstand,#76000e,#cc0018,3,0.0844206389091355
'Existenz채ngste',de,Angst,#f59e09,#f59e09,1,0.0421991143906119
'Wohlstandsgef채hrdung',de,Wohlstand,#a00013,#cc0018,1,0.000385913587815
