keyword,language,topic,topicColor,keywordColor,limitPages,ratioNew
'Krieg',de,Krieg,#616161,#8d8d8d,3,0.3936869856738137
'Putin',de,Krieg,#8d8d8d,#8d8d8d,3,0.3546735728745405
'Ukraine',de,Krieg,#8c8c8c,#8d8d8d,3,0.3128027608393338
'Inflation',de,Wohlstand,#cc0018,#cc0018,3,0.3092915281926071
'Angst',de,Angst,#ca8307,#f59e09,3,0.3070293049760282
'Gas',de,Energie,#29c014,#29c014,3,0.3067156324578844
'Russland',de,Krieg,#b7b7b7,#8d8d8d,3,0.306244910849097
'K채mpfe',de,Krieg,#363636,#8d8d8d,3,0.2873526772832866
'Energiekosten',de,Energie,#0e3f07,#29c014,3,0.2734042341144783
'Windkraft',de,Energie,#20950f,#29c014,3,0.2604987047054297
'Armut',de,Wohlstand,#f6001d,#cc0018,3,0.2598943534793975
'Bedrohung',de,Angst,#ffa400,#f59e09,3,0.2582752805011131
'Solar',de,Energie,#32ea18,#29c014,3,0.2578725919807303
'Energie sparen',de,Energie,#176a0b,#29c014,3,0.2449161664812426
'Gef채hrdung',de,Angst,#754c04,#f59e09,3,0.1647667475861185
'Geld sparen',de,Wohlstand,#f5001d,#cc0018,3,0.1317261190671462
'Risiko',de,Angst,#aa6d00,#9f6805,3,0.1211824937982537
'Hohe Kosten',de,Wohlstand,#76000e,#cc0018,3,0.0990371423371754
'Existenz채ngste',de,Angst,#f59e09,#f59e09,1,0.0398932537177499
'Wohlstandsgef채hrdung',de,Wohlstand,#a00013,#cc0018,1,0.009599131069464509
