keyword,language,topic,topicColor,keywordColor,limitPages,ratioNew
'Gas',de,Energie,#29c014,#29c014,3,0.2645175394728833
'Krieg',de,Krieg,#616161,#8d8d8d,3,0.2403754499739792
'Armut',de,Wohlstand,#f6001d,#cc0018,3,0.2351104291138149
'Russland',de,Krieg,#b7b7b7,#8d8d8d,3,0.2268302181780644
'Putin',de,Krieg,#8d8d8d,#8d8d8d,3,0.2204286585569053
'Solar',de,Energie,#32ea18,#29c014,3,0.2201634094120506
'Angst',de,Angst,#ca8307,#f59e09,3,0.2126848725941134
'Ukraine',de,Krieg,#8c8c8c,#8d8d8d,3,0.2110415679039559
'Inflation',de,Wohlstand,#cc0018,#cc0018,3,0.2067157534043648
'K채mpfe',de,Krieg,#363636,#8d8d8d,3,0.2014500292034142
'Windkraft',de,Energie,#20950f,#29c014,3,0.2006376645851145
'Bedrohung',de,Angst,#ffa400,#f59e09,3,0.1869943581322238
'Energiekosten',de,Energie,#0e3f07,#29c014,3,0.1765497788739041
'Risiko',de,Angst,#aa6d00,#9f6805,3,0.1521050621292202
'Geld sparen',de,Wohlstand,#f5001d,#cc0018,3,0.1355537766611938
'Energie sparen',de,Energie,#176a0b,#29c014,3,0.1324069364856145
'Hohe Kosten',de,Wohlstand,#76000e,#cc0018,3,0.1047159905556551
'Gef채hrdung',de,Angst,#754c04,#f59e09,3,0.0975901336997916
'Existenz채ngste',de,Angst,#f59e09,#f59e09,1,0.0152784589272884
'Wohlstandsgef채hrdung',de,Wohlstand,#a00013,#cc0018,1,7.695376838594075e-10
