keyword,language,topic,topicColor,keywordColor,limitPages,ratioNew
'Putin',de,Krieg,#8d8d8d,#8d8d8d,3,0.3766083471082027
'Krieg',de,Krieg,#616161,#8d8d8d,3,0.3596713145052849
'Russland',de,Krieg,#b7b7b7,#8d8d8d,3,0.3551823752024717
'Ukraine',de,Krieg,#8c8c8c,#8d8d8d,3,0.2818893174829381
'Gas',de,Energie,#29c014,#29c014,3,0.2617780499786746
'K채mpfe',de,Krieg,#363636,#8d8d8d,3,0.2442770368113358
'Bedrohung',de,Angst,#ffa400,#f59e09,3,0.2438193206078859
'Windkraft',de,Energie,#20950f,#29c014,3,0.2336864442209904
'Armut',de,Wohlstand,#f6001d,#cc0018,3,0.2088361347100774
'Energiekosten',de,Energie,#0e3f07,#29c014,3,0.1991038810430585
'Solar',de,Energie,#32ea18,#29c014,3,0.1923647461005833
'Angst',de,Angst,#ca8307,#f59e09,3,0.1885428666999726
'Risiko',de,Angst,#aa6d00,#9f6805,3,0.1812443129254368
'Inflation',de,Wohlstand,#cc0018,#cc0018,3,0.1738440496819748
'Geld sparen',de,Wohlstand,#f5001d,#cc0018,3,0.173657016117307
'Energie sparen',de,Energie,#176a0b,#29c014,3,0.1315122186368973
'Gef채hrdung',de,Angst,#754c04,#f59e09,3,0.10504416418957009
'Hohe Kosten',de,Wohlstand,#76000e,#cc0018,3,0.0693264593513237
'Existenz채ngste',de,Angst,#f59e09,#f59e09,1,0.0236698647413504
'Wohlstandsgef채hrdung',de,Wohlstand,#a00013,#cc0018,1,1.0433631340994419e-11
