keyword,language,topic,topicColor,keywordColor,limitPages,ratioNew
'Ukraine',de,Krieg,#8c8c8c,#8d8d8d,3,0.2809630348885729
'Bedrohung',de,Angst,#ffa400,#f59e09,3,0.2630993861225696
'Putin',de,Krieg,#8d8d8d,#8d8d8d,3,0.2569079089725621
'Armut',de,Wohlstand,#f6001d,#cc0018,3,0.2515126624727573
'Angst',de,Angst,#ca8307,#f59e09,3,0.2417671732056742
'Windkraft',de,Energie,#20950f,#29c014,3,0.2415399106325635
'Russland',de,Krieg,#b7b7b7,#8d8d8d,3,0.2401293648070367
'Krieg',de,Krieg,#616161,#8d8d8d,3,0.2333910618045928
'Gas',de,Energie,#29c014,#29c014,3,0.2308010461826324
'K채mpfe',de,Krieg,#363636,#8d8d8d,3,0.2302880391786204
'Inflation',de,Wohlstand,#cc0018,#cc0018,3,0.2208457560580939
'Energiekosten',de,Energie,#0e3f07,#29c014,3,0.2166397852892242
'Solar',de,Energie,#32ea18,#29c014,3,0.1957046830163352
'Geld sparen',de,Wohlstand,#f5001d,#cc0018,3,0.1742903727973941
'Energie sparen',de,Energie,#176a0b,#29c014,3,0.1332183365854161
'Risiko',de,Angst,#aa6d00,#9f6805,3,0.1106322039009649
'Hohe Kosten',de,Wohlstand,#76000e,#cc0018,3,0.1047969349595501
'Gef채hrdung',de,Angst,#754c04,#f59e09,3,0.1027617208679529
'Existenz채ngste',de,Angst,#f59e09,#f59e09,1,0.0498947968699335
'Wohlstandsgef채hrdung',de,Wohlstand,#a00013,#cc0018,1,0.0001650840308787
