keyword,language,topic,topicColor,keywordColor,limitPages,ratioNew
'Krieg',de,Krieg,#616161,#8d8d8d,3,0.2614585838052603
'Putin',de,Krieg,#8d8d8d,#8d8d8d,3,0.2483708725654002
'Russland',de,Krieg,#b7b7b7,#8d8d8d,3,0.2245993453018925
'Gas',de,Energie,#29c014,#29c014,3,0.2240430087341756
'Windkraft',de,Energie,#20950f,#29c014,3,0.2200660589542446
'K채mpfe',de,Krieg,#363636,#8d8d8d,3,0.2094203493273335
'Ukraine',de,Krieg,#8c8c8c,#8d8d8d,3,0.199886699643109
'Solar',de,Energie,#32ea18,#29c014,3,0.1984376853482851
'Armut',de,Wohlstand,#f6001d,#cc0018,3,0.1973440958443827
'Energiekosten',de,Energie,#0e3f07,#29c014,3,0.1954054816229284
'Bedrohung',de,Angst,#ffa400,#f59e09,3,0.1721294987769404
'Angst',de,Angst,#ca8307,#f59e09,3,0.1690088341859188
'Geld sparen',de,Wohlstand,#f5001d,#cc0018,3,0.1636416778719223
'Energie sparen',de,Energie,#176a0b,#29c014,3,0.1590959331517371
'Inflation',de,Wohlstand,#cc0018,#cc0018,3,0.1384509248481676
'Hohe Kosten',de,Wohlstand,#76000e,#cc0018,3,0.1142272053665389
'Gef채hrdung',de,Angst,#754c04,#f59e09,3,0.0908175099519851
'Risiko',de,Angst,#aa6d00,#9f6805,3,0.0840350844212727
'Existenz채ngste',de,Angst,#f59e09,#f59e09,2,0.0206689738406054
'Wohlstandsgef채hrdung',de,Wohlstand,#a00013,#cc0018,1,6.22613622832127e-05
