keyword,language,topic,topicColor,keywordColor,limitPages,ratioNew
'Putin',de,Krieg,#8d8d8d,#8d8d8d,3,0.5776453067450427
'Krieg',de,Krieg,#616161,#8d8d8d,3,0.5483614987675363
'K채mpfe',de,Krieg,#363636,#8d8d8d,3,0.5129934449436672
'Russland',de,Krieg,#b7b7b7,#8d8d8d,3,0.4453006145619773
'Ukraine',de,Krieg,#8c8c8c,#8d8d8d,3,0.4185453611812736
'Bedrohung',de,Angst,#ffa400,#f59e09,3,0.4080364628827388
'Windkraft',de,Energie,#20950f,#29c014,3,0.4063691342005405
'Energie sparen',de,Energie,#176a0b,#29c014,3,0.4014428734042626
'Angst',de,Angst,#ca8307,#f59e09,3,0.3936642091863686
'Gas',de,Energie,#29c014,#29c014,3,0.385370754358468
'Armut',de,Wohlstand,#f6001d,#cc0018,3,0.3744053644575144
'Energiekosten',de,Energie,#0e3f07,#29c014,3,0.3540991079214017
'Solar',de,Energie,#32ea18,#29c014,3,0.3480333895839072
'Risiko',de,Angst,#aa6d00,#9f6805,3,0.3247470374247746
'Geld sparen',de,Wohlstand,#f5001d,#cc0018,3,0.3142941592632833
'Inflation',de,Wohlstand,#cc0018,#cc0018,3,0.2950137901370513
'Hohe Kosten',de,Wohlstand,#76000e,#cc0018,3,0.2642885229779618
'Gef채hrdung',de,Angst,#754c04,#f59e09,3,0.1006387839563917
'Existenz채ngste',de,Angst,#f59e09,#f59e09,2,0.0630018835550633
'Wohlstandsgef채hrdung',de,Wohlstand,#a00013,#cc0018,1,0.0151786730124298
