keyword,language,topic,topicColor,keywordColor,limitPages,ratioNew
'Russland',de,Krieg,#b7b7b7,#8d8d8d,3,0.8228281256590909
'Ukraine',de,Krieg,#8c8c8c,#8d8d8d,2,0.80700552475
'Armut',de,Wohlstand,#f6001d,#cc0018,3,0.7927694340488636
'K채mpfe',de,Krieg,#363636,#8d8d8d,3,0.7894120290376364
'Putin',de,Krieg,#8d8d8d,#8d8d8d,3,0.7815809064211392
'Gas',de,Energie,#29c014,#29c014,4,0.7703944860261365
'Inflation',de,Wohlstand,#cc0018,#cc0018,3,0.7625876065913636
'Krieg',de,Krieg,#616161,#8d8d8d,2,0.7512221438181819
'Angst',de,Angst,#ca8307,#f59e09,3,0.7204560522628409
'Windkraft',de,Energie,#20950f,#29c014,3,0.7106901586757953
'Energie sparen',de,Energie,#176a0b,#29c014,3,0.7066450414449431
'Bedrohung',de,Angst,#ffa400,#f59e09,3,0.7038996378261364
'Energiekosten',de,Energie,#0e3f07,#29c014,3,0.6596355182782955
'Geld sparen',de,Wohlstand,#f5001d,#cc0018,3,0.6566675248311363
'Solar',de,Energie,#32ea18,#29c014,3,0.5831092329386023
'Hohe Kosten',de,Wohlstand,#76000e,#cc0018,3,0.5574171980986178
'Risiko',de,Angst,#aa6d00,#9f6805,3,0.5549072975467044
'Gef채hrdung',de,Angst,#754c04,#f59e09,3,0.4371840617624109
'Existenz채ngste',de,Angst,#f59e09,#f59e09,2,0.3578865864462695
'Wohlstandsgef채hrdung',de,Wohlstand,#a00013,#cc0018,1,0.27249052503906235
