keyword,language,topic,topicColor,keywordColor,limitPages,ratioNew
'Ukraine',de,Krieg,#8c8c8c,#8d8d8d,3,0.3555161895504433
'Putin',de,Krieg,#8d8d8d,#8d8d8d,3,0.3083748717324068
'Bedrohung',de,Angst,#ffa400,#f59e09,3,0.3006594565832816
'K채mpfe',de,Krieg,#363636,#8d8d8d,3,0.2818226997882129
'Russland',de,Krieg,#b7b7b7,#8d8d8d,3,0.2768276484422842
'Inflation',de,Wohlstand,#cc0018,#cc0018,3,0.2514860764708982
'Solar',de,Energie,#32ea18,#29c014,3,0.2359648025071993
'Gef채hrdung',de,Angst,#754c04,#f59e09,3,0.2230235548988377
'Energiekosten',de,Energie,#0e3f07,#29c014,3,0.2218475377317088
'Gas',de,Energie,#29c014,#29c014,3,0.2215263816820417
'Krieg',de,Krieg,#616161,#8d8d8d,3,0.2129579124892328
'Angst',de,Angst,#ca8307,#f59e09,3,0.2061666093984648
'Windkraft',de,Energie,#20950f,#29c014,3,0.1988389123463588
'Energie sparen',de,Energie,#176a0b,#29c014,3,0.1833430265294672
'Armut',de,Wohlstand,#f6001d,#cc0018,3,0.17942597601113
'Geld sparen',de,Wohlstand,#f5001d,#cc0018,3,0.1538852729744907
'Risiko',de,Angst,#aa6d00,#9f6805,3,0.1377174850870216
'Hohe Kosten',de,Wohlstand,#76000e,#cc0018,3,0.09327857161976771
'Existenz채ngste',de,Angst,#f59e09,#f59e09,1,0.0179530831027624
'Wohlstandsgef채hrdung',de,Wohlstand,#a00013,#cc0018,1,1.7918429593134926e-07
