index,url,valid,domain,title,description,image,published,archive,content,quote,language,keyword
https://www.zeit.de/wissenschaft/2026-08/zivilschutz-massnahme-initiative-krisenpodcast,https://www.zeit.de/wissenschaft/2026-08/zivilschutz-massnahme-initiative-krisenpodcast,0,www.zeit.de,Zivilschutz: »Im Zweifelsfall rettet mich der Staat – das ist halt nicht so«,"Zivilschutz, was bedeutet das? Die Friedensforscherin Ursula Schröder sagt: Wir dürfen uns bei Flut, Stromausfall oder gar Krieg nicht nur auf den Staat verlassen.",https://img.zeit.de/politik/deutschland/2026-08/auch-das-noch-krisenpodcast-staat-rettet-bild/wide__1300x731,2026-09-01T04:00:09Z,,"Wer hilft, wenn es ernst wird? Beim Zivilschutz geht es auch darum, selbst Verantwortung zu übernehmen.© Joshua Earle/unsplash.com
Von Schutz in Krisenzeiten handelt das neue Buch der Friedens- und … [+2293 chars]",,de,'Krieg'
https://www.zeit.de/news/2026-09/01/ifo-inflation-steigt-2027-auf-3-prozent-wenig-entspannung,https://www.zeit.de/news/2026-09/01/ifo-inflation-steigt-2027-auf-3-prozent-wenig-entspannung,0,www.zeit.de,Verbraucherpreise: Ifo: Inflation steigt 2027 auf 3 Prozent - wenig Entspannung,Hier finden Sie Informationen zu dem Thema „Verbraucherpreise“. Lesen Sie jetzt „Ifo: Inflation steigt 2027 auf 3 Prozent - wenig Entspannung“.,https://img.zeit.de/news/2026-09/01/ifo-inflation-steigt-2027-auf-3-prozent-wenig-entspannung-image-group/wide__1300x731,2026-09-01T06:38:54Z,,"Das Ifo-Institut erwartet vorübergehend weniger Preisdruck in Deutschland, sieht aber keine nachhaltige Entspannung bei der Inflation. Im August planten nach Angaben des Münchner Wirtschaftsforschung… [+1196 chars]",,de,'Inflation'
https://www.faz.net/aktuell/finanzen/finanzmarkt/inflation-im-euroraum-steigt-auf-3-3-prozent-accg-201176214.html,https://www.faz.net/aktuell/finanzen/finanzmarkt/inflation-im-euroraum-steigt-auf-3-3-prozent-accg-201176214.html,0,www.faz.net,"Vor der EZB-Sitzung: Inflation im Euroraum steigt deutlich auf 3,3 Prozent",Die spürbar höhere Inflation dürfte im Euroraum zu einer Zinserhöhung führen. Was heißt das für Sparer und Kreditnehmer?,https://media0.faz.net/image/w1200h627/54d8ddab627b/w7675h4010x0y554o/202608/43601.0.2473316706/notenbankzentrale-in-frankfurt.webp,2026-09-01T09:01:51Z,,"Die Inflation im Euroraum belief sich im August auf 3,3 Prozent. Das hat das europäische Statistikamt Eurostat in Luxemburg am Dienstag aufgrund einer ersten Schätzung mitgeteilt. Im Juli hatte die R… [+4436 chars]",,de,'Inflation'
https://www.faz.net/aktuell/politik/ausland/endet-die-hegemonie-der-usa-im-nahen-osten-accg-201163994.html,https://www.faz.net/aktuell/politik/ausland/endet-die-hegemonie-der-usa-im-nahen-osten-accg-201163994.html,0,www.faz.net,Naher Osten: Das Ende der amerikanischen Ordnung,Der amerikanisch-israelische Krieg gegen Iran hat die alte Ordnung des Nahen Ostens zerstört. Besonders Syrien wird zur Arena machtpolitischer Kraftproben.,https://media0.faz.net/image/w1200h627/42bc90416c4d/w2816h1471x0y227o/202608/43601.0.2397754271/eine-iranerin-laeuft-in.webp,2026-09-01T10:02:45Z,,"Wir sollten niemals gezwungen sein, zwischen israelischer und iranischer expansionistischer Politik in der Region zu wählen, sagte Syriens Übergangspräsident Ahmed al-Scharaa Mitte August in einem In… [+13435 chars]",,de,'Krieg'
https://www.tagesschau.de/inland/innenpolitik/drohnen-vorfall-forderungen-100.html,https://www.tagesschau.de/inland/innenpolitik/drohnen-vorfall-forderungen-100.html,0,www.tagesschau.de,Nach Drohnenvorfall: Macht die Bundesregierung Russland verantwortlich?,"Wer steckt hinter dem Anschlagsversuch am Flughafen Leipzig/Halle? Die Bundesregierung will heute bekanntgeben, wen sie dafür verantwortlich macht. Mehrere Medien berichten, dass es Hinweise auf eine russische Urheberschaft gebe.",https://images.tagesschau.de/image/5f5a3718-8935-4bf7-a91d-6bff273a9e07/AAABn9eTzL4/AAABnSSvrFg/16x9-big/06082026-drohne-leipzig-100.jpg?width=1280,2026-09-01T10:19:10Z,,"Stand: 01.09.2026 12:19 Uhr
Wer steckt hinter dem Anschlagsversuch am Flughafen Leipzig/Halle? Die Bundesregierung will heute bekanntgeben, wen sie dafür verantwortlich macht. Mehrere Medien bericht… [+3684 chars]",,de,'Gefährdung'
https://www.zeit.de/news/2026-09/01/schwerer-luftangriff-auf-kiew-mit-toten-und-verletzten,https://www.zeit.de/news/2026-09/01/schwerer-luftangriff-auf-kiew-mit-toten-und-verletzten,0,www.zeit.de,Krieg gegen die Ukraine: Schwerer Luftangriff auf Kiew mit Toten und Verletzten,Hier finden Sie Informationen zu dem Thema „Krieg gegen die Ukraine“. Lesen Sie jetzt „Schwerer Luftangriff auf Kiew mit Toten und Verletzten“.,https://img.zeit.de/news/2026-09/01/schwerer-luftangriff-auf-kiew-mit-toten-und-verletzten-image-group/wide__1300x731,2026-09-01T12:56:50Z,,Durch einen massiven russischen Luftangriff mit ballistischen Raketen und Drohnen sind in der Ukraine mindestens zwölf Menschen getötet und Dutzende verletzt worden. Das teilte der ukrainische Präsid… [+5162 chars],,de,'Krieg'
https://www.faz.net/aktuell/politik/ausland/gedenken-an-zweiten-weltkrieg-tusk-und-nawrocki-mit-unterschiedlichen-botschaften-201178623.html,https://www.faz.net/aktuell/politik/ausland/gedenken-an-zweiten-weltkrieg-tusk-und-nawrocki-mit-unterschiedlichen-botschaften-201178623.html,0,www.faz.net,Weltkriegsgedenken in Polen: „Das Schicksal der Ukraine ist auch unser Schicksal in naher Zukunft“,"Vor 87 Jahren wurde Polen von Garantiemächten alleingelassen. So etwas dürfe nie mehr passieren, sagt Donald Tusk. Präsident Nawrocki fordert Reparationen von Berlin.",https://media0.faz.net/image/w1200h627/802b483172d7/w5578h2914x218y1934o/202609/43601.0.2491926612/donald-tusk-ministerpraesident.webp,2026-09-01T12:59:54Z,,"Das Gedenken an den Zweiten Weltkrieg glich in der Vergangenheit oft Ritualen. Das hat sich gewandelt, seit wieder Krieg in Europa herrscht. Russlands Überfall auf die Ukraine ist der Rückfall, vor d… [+4272 chars]",,de,'Ukraine'
https://www.telepolis.de/article/Zur-Heuristik-der-Furcht-Das-oekologische-Vernichtungsszenario-11434989.html,https://www.telepolis.de/article/Zur-Heuristik-der-Furcht-Das-oekologische-Vernichtungsszenario-11434989.html,0,www.telepolis.de,Zur Heuristik der Furcht: Das ökologische Vernichtungsszenario,"Kann die Furcht vor der ökologischen Katastrophe zum Umsteuern bewegen? Ein Gastbeitrag über Hans Jonas, Klimakollaps und planetare Verantwortung.",https://heise.cloudimg.io/v7/_www-heise-de_/imgs/18/5/1/5/5/8/4/2/moedl-1e0d80c55e53cc8d.gif,2026-09-01T13:00:00Z,,"Kann die Furcht vor der ökologischen Katastrophe zum Umsteuern bewegen? Ein Gastbeitrag über Hans Jonas, Klimakollaps und planetare Verantwortung.
Die Zuspitzung der gegenwärtigen krisenhaften Zustä… [+29913 chars]",,de,'Ukraine'
https://www.nzz.ch/international/hohe-kosten-begrenzter-erfolg-amerika-zieht-nach-sechs-monaten-iran-krieg-bilanz-ld.10021770,https://www.nzz.ch/international/hohe-kosten-begrenzter-erfolg-amerika-zieht-nach-sechs-monaten-iran-krieg-bilanz-ld.10021770,0,www.nzz.ch,"Hohe Kosten, begrenzter Erfolg: Amerika zieht nach sechs Monaten Iran-Krieg Bilanz","In den USA sehen viele Beobachter den Iran-Krieg als Misserfolg, die Unzufriedenheit in der Bevölkerung nimmt zu. Aber im Abnützungskampf steigt nun auch der Druck auf Iran stark an.","https://img-msp-prod.nzz.ch/2026/09/01/248043d6-4f94-4333-b115-2cdc84923214.jpg?width=1200&height=674&fit=bounds&quality=75&auto=webp&crop=5727,3221,x0,y0&wmark=nzz",2026-09-01T13:11:02Z,,"In den USA sehen viele Beobachter den Iran-Krieg als Misserfolg, die Unzufriedenheit in der Bevölkerung nimmt zu. Aber im Abnützungskampf steigt nun auch der Druck auf Iran stark an.
Kommentieren
Z… [+7415 chars]",,de,'Krieg'
https://www.focus.de/politik/ausland/luftalarm-vor-schulbeginn-russland-greift-kiew-mit-raketen-und-drohnen-an-drei-tote-und-mehrere-verletzte_6527d065-c152-45d3-8dbe-84f1cfb94936.html,https://www.focus.de/politik/ausland/luftalarm-vor-schulbeginn-russland-greift-kiew-mit-raketen-und-drohnen-an-drei-tote-und-mehrere-verletzte_6527d065-c152-45d3-8dbe-84f1cfb94936.html,0,www.focus.de,Luftalarm vor Schulbeginn: Russland greift Kiew mit Raketen und Drohnen an – drei Tote und mehrere Verletzte,"Auch vor dem ersten Schultag dürften viele Kinder in der Ukraine nicht durchgeschlafen haben. Vielerorts herrscht Luftalarm. Die Behörden fordern die Menschen auf, sich in Schutzräume zu begeben.","https://quadro.burda-forward.de/ctf/fb1c5a94-7b30-41d0-8088-e7b53082368a.5e978259-79c5-4884-95c6-417627ac6a1d.jpeg?im=RegionOfInterestCrop=(1200,630),regionOfInterest=(1024,683)&hash=d042f04ea616fba11a5c81eadb38edf3eef1efc16c188acd37dc9e7f88d3c36d",2026-09-01T13:13:00Z,,"Russland hat die ukrainische Hauptstadt Kiew in der Nacht erneut mit Raketen und Drohnen angegriffen. Der Gouverneur des Gebiets Kiew, Tymur Tkatschenko, warf den russischen Streitkräften vor, geziel… [+1683 chars]",,de,'Ukraine'
https://www.sueddeutsche.de/politik/g20-russland-usa-finanzminister-klingbeil-siluanow-li.3540547,https://www.sueddeutsche.de/politik/g20-russland-usa-finanzminister-klingbeil-siluanow-li.3540547,0,www.sueddeutsche.de,G-20-Gipfel in den USA: Plötzlich sollte Klingbeil mit einem russischen Minister aufs Bild,Beim G-20-Gipfel in den USA trifft der russische Finanzminister auf Europa und USA. Vizekanzler Klingbeil kritisiert die Teilnahme und fordert ein Ende des Ukraine-Kriegs.,https://www.sueddeutsche.de/2026/09/01/58e8a2ff-4cc7-43d4-a674-723876d471e7.jpg?q=60&fm=webp&width=1200&rect=0%2C209%2C4000%2C2250,2026-09-01T13:18:09Z,,"Wenn es in einer Familie einen Cousin gibt, der immer wieder gewalttätig wird, dann hilft manchmal nur der Kontaktabbruch. Der Cousin wird dann nicht mehr zu Familienfesten eingeladen. Wenn dann aber… [+118 chars]",,de,'Ukraine'
https://www.faz.net/aktuell/politik/ausland/liveblog-irankrieg-irans-praesident-dankt-putin-fuer-haltung-waehrend-des-krieges-faz-200583539.html,https://www.faz.net/aktuell/politik/ausland/liveblog-irankrieg-irans-praesident-dankt-putin-fuer-haltung-waehrend-des-krieges-faz-200583539.html,0,www.faz.net,Liveblog Irankrieg: Irans Präsident dankt Putin für Haltung während des Krieges,Peseschkian: Moskau hat zu jedem Zeitpunkt unsere Standpunkte vertreten +++ Iran will bei Rückkehr Amerikas zu Abkommen nachziehen +++ Tanker in Straße von Hormus angegriffen +++ alle Entwicklungen im Liveblog,https://media0.faz.net/image/w1200h627/6a8ec3a02c23/w5000h2612x0y300o/202609/43601.0.2492994709/der-russische-praesident.webp,2026-09-01T13:34:00Z,,"Das US-Verteidigungsministerium dementiert zumindest in Teilen einen Bericht, wonach mehrere ranghohe US-Militärs vor einer Verlängerung des US-Einsatzes gegen Iran warnen. Vieles davon ist schlichtw… [+1001 chars]",,de,'Putin'
https://www.tagesspiegel.de/berlin/dpa-bisher-keine-spur-16005533.html,https://www.tagesspiegel.de/berlin/dpa-bisher-keine-spur-16005533.html,0,www.tagesspiegel.de,Bisher keine Spur: Weltweite Fahndung nach Windkraftbetrüger Holt,"Behörden rätseln, wohin und wie der Windkraftbetrüger Hendrik Holt geflohen ist. Hat er Europa verlassen?",https://www.tagesspiegel.de/images/16005532/alternates/BASE_16_9_W1400/1788270117000/hendrik-holt.jpeg,2026-09-01T13:41:57Z,,"Nach dem flüchtigen Windkraftbetrüger Hendrik Holt wird inzwischen weltweit gefahndet. Das teilte die Staatsanwaltschaft Osnabrück mit. Weitere Angaben zum Stand der Fahndung gab es nicht.
Bisher hi… [+1590 chars]",,de,'Windkraft'
https://www.focus.de/panorama/hamburg-mietet-designhotel-fuer-ukrainer-es-hagelt-kritik_7236d26d-e86a-49db-96b4-6e7280851227.html,https://www.focus.de/panorama/hamburg-mietet-designhotel-fuer-ukrainer-es-hagelt-kritik_7236d26d-e86a-49db-96b4-6e7280851227.html,0,www.focus.de,Hamburg mietet Designhotel für Ukrainer - es hagelt Kritik,Die Stadt Hamburg mietet das neue Hotel „The Niu“ im Harburger Binnenhafen zunächst temporär für die Flüchtlingsunterbringung an. Das stößt auf heftige Kritik.,"https://quadro.burda-forward.de/ctf/3482e02b-fc35-4b65-a34a-440843ee123c.0f807396-f57f-4364-937e-602022600009.jpeg?im=RegionOfInterestCrop=(1200,630),regionOfInterest=(2012,1017)&hash=0fc18085cbe7a0427550e076fabf421359cdd3978db3181253e6d1ef6b2dba27",2026-09-01T13:46:00Z,,"Erst im Mai hatte das Designhotel The Niu im Harburger Binnenhafen eröffnet, nicht zuletzt als Teil einer teuren, privat und öffentlich finanzierten Aufwertung des Quartiers. Nun soll es schon wieder… [+3742 chars]",,de,'Ukraine'
https://www.sueddeutsche.de/politik/ukraine-krieg-toedliche-angriffe-auf-kiew-li.3540741,https://www.sueddeutsche.de/politik/ukraine-krieg-toedliche-angriffe-auf-kiew-li.3540741,0,www.sueddeutsche.de,Ukraine-Krieg: Tödliche Angriffe auf Kiew,,https://www.sueddeutsche.de/szde-assets/img/szde-article-sharing-image-no-teaser-image-fallback.png,2026-09-01T13:48:44Z,,"Die ukrainische Hauptstadt Kiew und ihre Umgebung sind erneut Ziel schwerer russischer Luftangriffe. Mindestens neun Menschen wurden dort von Raketen und Drohnen getötet, es gibt offenbar mehr als ei… [+333 chars]",,de,'Ukraine'
https://www.bild.de/politik/ausland-und-internationales/russen-starlink-so-will-putin-den-ukraine-krieg-aus-dem-all-veraendern-6a95642ad7e51a6452b9ec33,https://www.bild.de/politik/ausland-und-internationales/russen-starlink-so-will-putin-den-ukraine-krieg-aus-dem-all-veraendern-6a95642ad7e51a6452b9ec33,0,www.bild.de,Russen-Starlink - So will Putin den Ukraine-Krieg aus dem All verändern,"BILD-Redakteurin Jeanne Plaumann erklärt, wie Putins Rasswet-Satelliten den Ukraine-Krieg beeinflussen könnten.","https://images.bild.de/6a95642ad7e51a6452b9ec33/f41979347a5a676b2bc93df764c1ed36,ce6b465f?w=1280",2026-09-01T14:32:48Z,,"Mehr zum Video anzeigen 
IM BILD-Lagezentrum erklärt Jeanne Plaumann, wie kriegsentscheidend Putins Rasswet-Satellitensystem ist.
Quelle: BILD01.09.2026 - 16:32 Uhr",,de,'Ukraine'
https://www.tagesspiegel.de/internationales/dpa-weiterer-abgang-im-pentagon-16006061.html,https://www.tagesspiegel.de/internationales/dpa-weiterer-abgang-im-pentagon-16006061.html,0,www.tagesspiegel.de,Weiterer Abgang im Pentagon: Stühlerücken im Pentagon - Warum unter Hegseth viele gehen,Mitten im Iran-Krieg wird an der Spitze des US-Militärs und im Pentagon Personal ausgetauscht. Durch die vielen Abgänge gerät auch „Kriegsminister“ Hegseth selbst immer mehr in den Fokus.,https://www.tagesspiegel.de/images/16006060/alternates/BASE_16_9_W1400/1788273178000/pete-hegseth.jpeg,2026-09-01T14:32:58Z,,"Streit, gegensätzliche Ansichten, Gerüchte: Unter Verteidigungsminister Pete Hegseth häufen sich im Pentagon sich die Personalabgänge. Neuestes Beispiel: Der für das US-Heer zuständige Staatssekretär… [+3754 chars]",,de,'Ukraine'
https://www.bild.de/politik/ausland-und-internationales/tuerkei-praesident-erdogan-tuschelt-mit-wladimir-putin-auf-gipfel-gegen-den-westen-6a96ad239452c5223822f5d6,https://www.bild.de/politik/ausland-und-internationales/tuerkei-praesident-erdogan-tuschelt-mit-wladimir-putin-auf-gipfel-gegen-den-westen-6a96ad239452c5223822f5d6,0,www.bild.de,Beim Anti-US-Gipfel - Was tuschelt Nato-Partner Erdogan da mit Putin?,"In diesen Tagen blickt die Welt nach Bischkek, wo Xi und Putin zum Schurken-Gipfel geladen haben. Ausgerechnet der Präsident eines Nato-Staates suchte dort die Nähe zu Putin.","https://images.bild.de/6a96ad239452c5223822f5d6/124d3d4a5cc9d898ca7b3d1213e03d09,4a92c6e3?w=1280",2026-09-01T14:35:49Z,,"TTS-Player überspringenArtikel weiterlesenBischkek Es kommt selten vor, dass Kirgisistan im Zentrum der internationalen Politik steht. Doch in diesen Tagen blickt die Welt nach Bischkek: Xi Jinping (… [+2085 chars]",,de,'Putin'
https://www.derstandard.at/story/3000000337411/iwm-chef-david-foxputin-kann-mit-dem-krieg-nicht-einfach-aufhoeren,https://www.derstandard.at/story/3000000337411/iwm-chef-david-foxputin-kann-mit-dem-krieg-nicht-einfach-aufhoeren,0,www.derstandard.at,"IWM-Chef David-Fox:""Putin kann mit dem Krieg nicht einfach aufhören""","Der US-Historiker und Russland-Experte, der nun in Wien arbeitet, sieht im STANDARD-Interview wenig Chancen auf eine Waffenruhe in der Ukraine und Risiken für Europa",https://i.ds.at/x7_FWg/rs:fill:1200:600/plain/lido-images/2026/08/31/29ddfafa-18c3-448b-aba9-c3fc85c76268.jpg,2026-09-01T14:38:21Z,,"Sie entscheiden darüber, wie Sie unsere Inhalte nutzen wollen. Ihr Gerät erlaubt uns derzeit leider nicht, die entsprechenden Optionen anzuzeigen.
Bitte deaktivieren Sie sämtliche Hard- und Software… [+180 chars]",,de,'Ukraine'
https://www.tagesspiegel.de/potsdam/landeshauptstadt/lesungen-fotos-und-handwerk-potsdamer-ukraine-verein-ladt-zu-film-und-kulturtagen-ein-15991689.html,https://www.tagesspiegel.de/potsdam/landeshauptstadt/lesungen-fotos-und-handwerk-potsdamer-ukraine-verein-ladt-zu-film-und-kulturtagen-ein-15991689.html,0,www.tagesspiegel.de,"Lesungen, Fotos und Handwerk: Potsdamer Ukraine-Verein lädt zu Film und Kulturtagen ein","Ein Filmabend, eine Fotoausstellung und die Ukrainischen Kulturtage geben Einblick in Schicksale aus dem von Russland angegriffenen Land.",https://www.tagesspiegel.de/images/15685950/alternates/BASE_16_9_W1400/1780723651000/flagge-der-ukraine.jpeg,2026-09-01T14:44:07Z,,"Filme, Fotos, Kunst, Workshops, Musik: Der Potsdamer Ukraine-Verein Push UA lädt zu verschiedenen Veranstaltungen rund um die Ukraine ein. So wird am Sonntag (6. September) im Treffpunkt Freizeit, Am… [+2036 chars]",,de,'Ukraine'
https://www.bild.de/politik/ausland-und-internationales/g20-gipfel-klingbeil-draengt-russischen-minister-von-offiziellem-foto-6a95b05b9452c5223822e71c,https://www.bild.de/politik/ausland-und-internationales/g20-gipfel-klingbeil-draengt-russischen-minister-von-offiziellem-foto-6a95b05b9452c5223822e71c,0,www.bild.de,Ärger beim G20-Gipfel - Klingbeil drängt russischen Minister von Foto,Lars Klingbeil legt sich mit Russlands Finanzminister an. Er verhindert ein Gemeinschaftsfoto und stellt Putins Minister wegen des Ukraine-Kriegs zur Rede.,"https://images.bild.de/6a95b05b9452c5223822e71c/94cd052062cb57fa79f778f7915ab52e,64ca862b?w=1280",2026-09-01T14:49:00Z,,TTS-Player überspringenArtikel weiterlesenAshevillle Ausgerechnet jetzt muss Finanzminister Lars Klingbeil (48) mit seinem russischen Amtskollegen Anton Siluanow (63) in einem Raum sitzen. Die Regier… [+3267 chars],,de,'Ukraine'
https://www.tagesspiegel.de/politik/drohnenangriff-auf-leipziger-flughafenputin-bezeichnet-neue-sanktionen-deutschlands-als-schweren-fehler-16005949.html,https://www.tagesspiegel.de/politik/drohnenangriff-auf-leipziger-flughafenputin-bezeichnet-neue-sanktionen-deutschlands-als-schweren-fehler-16005949.html,0,www.tagesspiegel.de,Drohnenangriff auf Leipziger Flughafen: Putin bezeichnet neue Sanktionen Deutschlands als „schweren Fehler“,"Deutschland beschuldigt offiziell Russland, Drahtzieher der Drohnenattacke auf den Flughafen Leipzig/Halle zu sein, und verhängt Strafmaßnahmen. Moskau wirft der Bundesregierung nun vor, die Situation zu eskalieren.",https://www.tagesspiegel.de/images/16007215/alternates/BASE_16_9_W1400/1788298150000/russian-president-putin-talks-to-the-media-after-sco-summit-in-bishkek.jpeg,2026-09-01T15:20:28Z,,Der russische Präsident Wladimir Putin hat deutsche Strafmaßnahmen gegen Russland nach dem Vorfall mit einer Sprengstoffdrohne auf dem Flughafen Leipzig/Halle als schweren Fehler bezeichnet. Wo sind … [+7710 chars],,de,'Putin'
https://www.tagesspiegel.de/politik/drohnenangriff-auf-leipziger-flughafen-putin-bezeichnet-deutsche-reaktion-als-schweren-fehler-und-geht-merz-an-16005949.html,https://www.tagesspiegel.de/politik/drohnenangriff-auf-leipziger-flughafen-putin-bezeichnet-deutsche-reaktion-als-schweren-fehler-und-geht-merz-an-16005949.html,0,www.tagesspiegel.de,Drohnenangriff auf Leipziger Flughafen: Putin bezeichnet deutsche Reaktion als „schweren Fehler“ und geht Merz an,"Die Bundesregierung beschuldigt Russland, Drahtzieher des Vorfalls auf dem Flughafen zu sein. Nach Strafmaßnahmen aus Berlin will auch Brüssel reagieren. Der Kreml droht Deutschland mit „einem direkten Schlag“.",https://www.tagesspiegel.de/images/16007215/alternates/BASE_16_9_W1400/1788298150000/russian-president-putin-talks-to-the-media-after-sco-summit-in-bishkek.jpeg,2026-09-01T15:20:28Z,,Die schweren Spannungen zwischen Berlin und Moskau haben sich infolge des gescheiterten Angriffs mit einer Sprengstoff-Drohne am Flughafen Leipzig/Halle nochmals deutlich verschärft. Die Regierung vo… [+7962 chars],,de,'Russland'
https://www.tagesspiegel.de/politik/drohnenangriff-auf-leipziger-flughafenputin-bezeichnet-reaktion-deutschlands-als-schweren-fehler-und-greift-merz-an-16005949.html,https://www.tagesspiegel.de/politik/drohnenangriff-auf-leipziger-flughafenputin-bezeichnet-reaktion-deutschlands-als-schweren-fehler-und-greift-merz-an-16005949.html,0,www.tagesspiegel.de,Drohnenangriff auf Leipziger Flughafen: Putin bezeichnet deutsche Reaktion als „schweren Fehler“ und geht Merz an,"Deutschland beschuldigt Russland, Drahtzieher der Drohnenattacke auf den Flughafen Leipzig/Halle zu sein. Und verhängt Strafmaßnahmen. Moskau wirft der Bundesregierung vor, die Situation zu eskalieren.",https://www.tagesspiegel.de/images/16007215/alternates/BASE_16_9_W1400/1788298150000/russian-president-putin-talks-to-the-media-after-sco-summit-in-bishkek.jpeg,2026-09-01T15:20:28Z,,Die schweren Spannungen zwischen Berlin und Moskau haben sich infolge des gescheiterten Angriffs mit einer Sprengstoff-Drohne am Flughafen Leipzig/Halle nochmals deutlich verschärft. Russlands Präsid… [+7767 chars],,de,'Ukraine'
https://www.zeit.de/video/2026-09/bundesregierung-drohnenvorfall-leipzig-livestream,https://www.zeit.de/video/2026-09/bundesregierung-drohnenvorfall-leipzig-livestream,0,www.zeit.de,Russland: Jetzt live: Dobrindt und Wadepfuhl zum Drohnenvorfall in Leipzig,Die Regierung macht Russland für den Anschlagsversuch verantwortlich. Mit welchen Folgen? Verfolgen Sie hier die Statements des Bundesinnen- und des Außenministers.,https://img.zeit.de/video/2026-09/pk-drohnenvorfall/wide__1300x731,2026-09-01T15:36:04Z,,"An dieser Stelle ist ein externer Inhalt eingebunden
Zum Anschauen benötigen wir Ihre Zustimmung",,de,'Russland'
https://www.bild.de/unterhaltung/tv-fernsehformate/24-unter-uns-stars-verlieren-ihren-job-ich-weiss-nicht-wie-ich-meine-familie-ernaehren-soll-6a967413d32756d4be19af44,https://www.bild.de/unterhaltung/tv-fernsehformate/24-unter-uns-stars-verlieren-ihren-job-ich-weiss-nicht-wie-ich-meine-familie-ernaehren-soll-6a967413d32756d4be19af44,0,www.bild.de,Sie bangen um ihre Existenz - Auf einen Schlag verlieren 24 „Unter uns“-Stars den Job,Für die Zuschauer ist es das Ende einer TV-Ära. Für die Schauspieler ist es viel mehr als das. Nach 32 Jahren stellt RTL die Daily-Soap „Unter uns“ ein. Bei BILD sprechen die Schauspieler über ihre Existenzängste.,"https://images.bild.de/6a967413d32756d4be19af44/83c32aea5d7011d10c8852f10240487f,26b90a07?w=1280",2026-09-01T16:23:28Z,,"Nach 32 Jahren ist Schluss: RTL stellt Unter uns ein. Für die Fans endet eine TV-Gewohnheit, für viele der 24 festen Darsteller bricht ihre Existenz weg. Einer von ihnen ist Dreifach-Vater Patrick Mü… [+338 chars]",,de,'Existenzängste'
https://www.golem.de/sonstiges/zustimmung/auswahl.html?from=https://www.golem.de/news/flughafen-leipzig-halle-regierung-weist-russland-verantwortung-fuer-anschlagsversuch-zu-2609-212517.html&referer=https://t.co/ea90ddcb73,https://www.golem.de/sonstiges/zustimmung/auswahl.html?from=https://www.golem.de/news/flughafen-leipzig-halle-regierung-weist-russland-verantwortung-fuer-anschlagsversuch-zu-2609-212517.html&referer=https://t.co/ea90ddcb73,0,www.golem.de,Flughafen Leipzig/Halle: Regierung weist Russland Verantwortung für Anschlagsversuch zu,"Die Bundesregierung zieht diplomatische Konsequenzen aus der mutmaßlichen Beteiligung Russlands an dem Drohnenvorfall. (Bundesregierung, Politik)",,2026-09-01T16:37:02Z,,"Besuchen Sie Golem.de wie gewohnt mit Werbung und Tracking,
 indem Sie der Nutzung aller Cookies zustimmen.
 Details zum Tracking finden Sie im Privacy Center.
Skript wurde nicht geladen. Informat… [+607 chars]",,de,'Russland'
https://www.zeit.de/news/2026-09/01/us-militaer-greifen-wieder-ziele-im-iran-an,https://www.zeit.de/news/2026-09/01/us-militaer-greifen-wieder-ziele-im-iran-an,0,www.zeit.de,Krieg: US-Militär: Greifen wieder Ziele im Iran an,Hier finden Sie Informationen zu dem Thema „Krieg“. Lesen Sie jetzt „US-Militär: Greifen wieder Ziele im Iran an“.,https://img.zeit.de/news/2026-09/01/us-militaer-greifen-wieder-ziele-im-iran-an-image-group/wide__1300x731,2026-09-01T16:59:14Z,,Das US-Militär hat nach eigenen Angaben neue Angriffe gegen den Iran gestartet. Diese hätten um 12.00 US-Ostküstenzeit (19.30 Ortszeit in Teheran) begonnen und richteten sich gegen Ziele der iranisch… [+959 chars],,de,'Krieg'
https://www.zeit.de/news/2026-09/01/wie-reagiert-deutschland-auf-die-sprengstoff-drohne,https://www.zeit.de/news/2026-09/01/wie-reagiert-deutschland-auf-die-sprengstoff-drohne,0,www.zeit.de,Hybride Bedrohung: Wie reagiert Deutschland auf die Sprengstoff-Drohne?,Hier finden Sie Informationen zu dem Thema „Hybride Bedrohung“. Lesen Sie jetzt „Wie reagiert Deutschland auf die Sprengstoff-Drohne?“.,https://img.zeit.de/news/2026-09/01/wie-reagiert-deutschland-auf-die-sprengstoff-drohne-image-group/wide__1300x731,2026-09-01T17:04:26Z,,"Für die Bundesregierung ist die Beweislage jetzt klar genug, um zu handeln: Sie macht Russland für den versuchten Anschlag mit einer Sprengstoff-Drohne auf dem Flughafen Leipzig/Halle verantwortlich.… [+5568 chars]",,de,'Bedrohung'
https://www.zeit.de/politik/ausland/2026-09/flughafen-leipzig-halle-anschlagsversuch-drohne-russland-ukraine,https://www.zeit.de/politik/ausland/2026-09/flughafen-leipzig-halle-anschlagsversuch-drohne-russland-ukraine,0,www.zeit.de,Anschlagsversuch am Flughafen Leipzig/Halle: EU und Nato sichern Deutschland Solidarität gegen Russland zu,Nach dem Russland zugeschriebenen Anschlagsversuch in Leipzig haben die Spitzen von EU und Nato ihre Solidarität ausgedrückt. Man stehe gemeinsam gegen hybride Bedrohung.,https://img.zeit.de/politik/ausland/2026-09/flughafen-leipzig-halle-anschlagsversuch-drohne-russland-ukraine-foto-1/wide__1300x731,2026-09-01T18:17:07Z,,Nach der Ankündigung von Strafmaßnahmen gegen Russland wegen des Anschlagsversuchs in Leipzig haben die Europäische Union (EU) und die Nato Deutschland ihre Unterstützung zugesichert. Angesichts des … [+3879 chars],,de,'Bedrohung'
https://www.zeit.de/politik/deutschland/2026-09/drohne-angriff-leipzig-flughafen-bundesregierung-russland,https://www.zeit.de/politik/deutschland/2026-09/drohne-angriff-leipzig-flughafen-bundesregierung-russland,0,www.zeit.de,Drohnenangriff in Leipzig: Russland war’s!,"Zum ersten Mal sagt die Regierung derart laut und deutlich, dass Russland hinter einem Angriff auf Deutschland steht. Das ist klug und immerhin halb mutig.",https://img.zeit.de/politik/deutschland/2026-09/drohne-angriff-leipzig-flughafen-bundesregierung-russland-bild/wide__1300x731,2026-09-01T18:40:18Z,,"Schließen
Artikelzusammenfassung
Berlin nennt erstmals offen Russland als Verantwortlichen für den Drohnenangriff auf ein ukrainisches Flugzeug in Leipzig. Die Minister Dobrindt und Wadephul ordnen… [+1029 chars]",,de,'Russland'
https://www.faz.net/aktuell/politik/inland/dobrindt-und-wadephul-zu-drohnenvorfall-in-leipzig-diesen-preis-soll-russland-bezahlen-201180607.html,https://www.faz.net/aktuell/politik/inland/dobrindt-und-wadephul-zu-drohnenvorfall-in-leipzig-diesen-preis-soll-russland-bezahlen-201180607.html,0,www.faz.net,Anschlag auf Flughafen: Diesen Preis soll Russland bezahlen,Die Bundesregierung schreibt Russland die Drohnenattacke in Leipzig zu. Und verkündet mehrere Maßnahmen. Werden sie etwas ausrichten können im hybriden Krieg?,https://media0.faz.net/image/w1200h627/de32a3dbe761/w3930h2053x0y79o/202609/43601.0.2493604824/aussenminister-wadephul-und.webp,2026-09-01T19:02:16Z,,Die Rollen sind klar verteilt. Bundesinnenminister Alexander Dobrindt (CSU) benennt Russland als den verantwortlichen für den gescheiterten Anschlag auf den Leipziger Flughafen. Außenminister Johann … [+7203 chars],,de,'Krieg'
https://www.zeit.de/politik/ausland/2026-09/russland-drohnenangriff-flughafen-leipzig-halle-konsulat-kulturzentrum,https://www.zeit.de/politik/ausland/2026-09/russland-drohnenangriff-flughafen-leipzig-halle-konsulat-kulturzentrum,0,www.zeit.de,Anschlagsversuch in Leipzig: Russland weist Vorwürfe zu Leipziger Drohnenvorfall zurück,"Deutschlands Vorwürfe zum Drohnenangriff am Leipziger Flughafen seien eine »absurde Provokation«, sagt Russland. Die Maßnahmen seien zudem eine beispiellose Eskalation.",https://img.zeit.de/administratives/sharing/fallback-image-die-zeit/wide__1300x731,2026-09-01T19:38:35Z,,"Russische Regierungsvertreter haben die Schuldzuweisung Deutschlands nach einem
versuchten Drohnenangriff auf den Flughafen Leipzig/Halle im vergangenen Monat
zurückgewiesen. Die russische Botschaf… [+749 chars]",,de,'Russland'
https://www.faz.net/aktuell/politik/inland/liveblog-bundespolitik-putin-nennt-deutsche-strafmassnahmen-einen-schweren-fehler-faz-110093143.html,https://www.faz.net/aktuell/politik/inland/liveblog-bundespolitik-putin-nennt-deutsche-strafmassnahmen-einen-schweren-fehler-faz-110093143.html,0,www.faz.net,Deutschland-Liveblog: Putin bezeichnet deutsche Strafmaßnahmen als „schweren Fehler“,Russischer Präsident hält Beweise zu Leipziger Drohnenvorfall für „gefälscht“ +++ Moskau will auf Berlins „antirussische Entscheidung“ reagieren +++ Bundesregierung geht nach Drohnenangriff gegen Russland vor +++ alle Entwicklungen im Liveblog,https://media0.faz.net/image/w1200h627/2778bb1ff6bd/w5335h2787x0y342o/202609/43601.0.2494335629/wladimir-putin-bei-der.webp,2026-09-01T21:30:17Z,,"Die F.A.Z. hat gesicherte Informationen, dass die Bundesregierung Russland für die Drohnenattacke in Leipzig verantwortlich macht. Fachleute hatten schon unmittelbar danach einen Angriff Russlands ve… [+1704 chars]",,de,'Putin'
https://www.zeit.de/news/2026-09/01/selenskyj-warnt-vor-fluegen-ueber-russland-putin-droht,https://www.zeit.de/news/2026-09/01/selenskyj-warnt-vor-fluegen-ueber-russland-putin-droht,0,www.zeit.de,Ukraine-Krieg: Selenskyj warnt vor Flügen über Russland - Putin droht,Hier finden Sie Informationen zu dem Thema „Ukraine-Krieg“. Lesen Sie jetzt „Selenskyj warnt vor Flügen über Russland - Putin droht“.,https://img.zeit.de/news/2026-09/01/selenskyj-warnt-vor-fluegen-ueber-russland-putin-droht-image-group/wide__1300x731,2026-09-01T21:39:19Z,,"Der ukrainische Präsident Wolodymyr Selenskyj hat wegen Kiews Drohnenattacken alle Fluggesellschaften vor Gefahren über Russland gewarnt. «Der russische Luftraum wird vollkommen unsicher», sagte Sele… [+2247 chars]",,de,'Putin'
https://www.welt.de/politik/ausland/article6a9746f59452c522382305c4/drohnen-aus-der-ukraine-wird-vollkommen-unsicher-selenskyj-erklaert-russischen-luftraum-fuer-faktisch-geschlossen.html,https://www.welt.de/politik/ausland/article6a9746f59452c522382305c4/drohnen-aus-der-ukraine-wird-vollkommen-unsicher-selenskyj-erklaert-russischen-luftraum-fuer-faktisch-geschlossen.html,0,www.welt.de,„Wird vollkommen unsicher“ – Selenskyj erklärt russischen Luftraum für „faktisch“ geschlossen,Der ukrainische Präsident warnt alle Fluggesellschaften vor Drohnen über Russland. Kremlchef Wladimir Putin spricht von „Staatsterrorismus“.,https://images.welt.de/6a9746f59452c522382305c4/e155fed8d2fcb7711bda4493aff73dec-master/ci16x9-w1200/gettyimages-2291800603-jpg,2026-09-01T22:23:31Z,,"Der ukrainische Präsident warnt alle Fluggesellschaften vor Drohnen über Russland. Kremlchef Wladimir Putin spricht von Staatsterrorismus.Klicken Sie hier, um sich Artikel von WELT in der Google-Such… [+2433 chars]",,de,'Putin'
https://www.zeit.de/news/2026-09/02/putin-spricht-bei-vormarsch-in-der-ukraine-von-fortschritten,https://www.zeit.de/news/2026-09/02/putin-spricht-bei-vormarsch-in-der-ukraine-von-fortschritten,0,www.zeit.de,Russischer Angriffskrieg: Putin spricht bei Vormarsch in der Ukraine von Fortschritten,Hier finden Sie Informationen zu dem Thema „Russischer Angriffskrieg“. Lesen Sie jetzt „Putin spricht bei Vormarsch in der Ukraine von Fortschritten“.,https://img.zeit.de/news/2026-09/02/putin-spricht-bei-vormarsch-in-der-ukraine-von-fortschritten-image-group/wide__1300x731,2026-09-01T22:24:27Z,,Im Krieg in der Ukraine kommen die russischen Truppen laut Darstellung von Kremlchef Wladimir Putin immer schneller voran. Russische Einheiten seien im Donezker Gebiet bis auf wenige Kilometer an die… [+1817 chars],,de,'Putin'
https://www.tagesschau.de/ausland/asien/putin-ukraine-deutschland-100.html,https://www.tagesschau.de/ausland/asien/putin-ukraine-deutschland-100.html,0,www.tagesschau.de,Putin bezeichnet deutsche Strafmaßnahmen als schweren Fehler,"Siegesgewiss - so präsentierte sich der russische Präsident bei einer Pressekonferenz. In der Ukraine rückten russische Soldaten vielerorts vor, so Putin. Und die deutschen Strafmaßnahmen seien ein ""schweren Fehler"".",https://images.tagesschau.de/image/0d4cbb15-c8b7-4aaf-b048-aa4f3969fd4a/AAABoF-HLGI/AAABnSSvrFg/16x9-big/putin-bischkek-100.jpg?width=1280,2026-09-02T00:43:28Z,,"Stand: 02.09.2026 02:43 Uhr
Siegesgewiss - so präsentierte sich der russische Präsident bei einer Pressekonferenz. In der Ukraine rückten russische Soldaten vielerorts vor, so Putin. Und die deutsch… [+1881 chars]",,de,'Putin'
https://www.zeit.de/news/2026-09/02/kreml-erzuernt-ueber-deutsche-sanktionen-nach-drohnen-vorfall,https://www.zeit.de/news/2026-09/02/kreml-erzuernt-ueber-deutsche-sanktionen-nach-drohnen-vorfall,0,www.zeit.de,Bedrohung aus Russland: Kreml erzürnt über deutsche Sanktionen nach Drohnen-Vorfall,Hier finden Sie Informationen zu dem Thema „Bedrohung aus Russland“. Lesen Sie jetzt „Kreml erzürnt über deutsche Sanktionen nach Drohnen-Vorfall“.,https://img.zeit.de/news/2026-09/02/kreml-erzuernt-ueber-deutsche-sanktionen-nach-drohnen-vorfall-image-group/wide__1300x731,2026-09-02T02:30:07Z,,Die schweren Spannungen zwischen Berlin und Moskau haben sich infolge des gescheiterten Angriffs mit einer Sprengstoff-Drohne am Flughafen Leipzig/Halle nochmals deutlich verschärft. Russlands Präsid… [+4950 chars],,de,'Russland'
https://www.faz.net/aktuell/politik/inland/liveblog-bundespolitik-polizei-ermittelt-nach-stoerung-im-umspannwerk-bergheim-faz-110093143.html,https://www.faz.net/aktuell/politik/inland/liveblog-bundespolitik-polizei-ermittelt-nach-stoerung-im-umspannwerk-bergheim-faz-110093143.html,0,www.faz.net,Deutschland-Liveblog: Polizei ermittelt nach Störung im Umspannwerk Bergheim,Ermittler gehen von einer Straftat aus +++ Putin bezeichnet deutsche Strafmaßnahmen als „schweren Fehler“ +++ Berlin geht nach Drohnenangriff gegen Russland vor +++ alle Entwicklungen im Liveblog,https://media0.faz.net/image/w1200h627/81f5572dc57f/w1331h695x0y227o/202609/43601.0.2494794041/kriminaltechniker-und.webp,2026-09-02T04:25:00Z,,"Die Bundesregierung macht Russland für den versuchten Drohnenanschlag am 4. August am Leipziger Flughafen verantwortlich. Polizeiliche Ermittlungen, Tatmuster und nachrichtendienstliche Erkenntnisse … [+1271 chars]",,de,'Putin'
https://www.tagesschau.de/wirtschaft/konjunktur/inflation-ezb-renditen-anleihen-preise-100.html,https://www.tagesschau.de/wirtschaft/konjunktur/inflation-ezb-renditen-anleihen-preise-100.html,0,www.tagesschau.de,Was hilft gegen die gestiegene Inflation?,"Die Euro-Inflation liegt inzwischen bei 3,3 Prozent. Grund ist vor allem das teure Rohöl als Folge des Iran-Kriegs - ein Dilemma für Europas Notenbanker. Steigen die Preise bald womöglich noch schneller? Von Angela Göpfert.",https://images.tagesschau.de/image/19238128-5c1b-4352-85f7-01cee85ce630/AAABoBnNk84/AAABnSSvrFg/16x9-big/spritpreise-240.jpg?width=1280,2026-09-02T07:03:04Z,,"Stand: 02.09.2026 09:03 Uhr
Die Euro-Inflation liegt inzwischen bei 3,3 Prozent. Grund ist vor allem das teure Rohöl als Folge des Iran-Kriegs - ein Dilemma für Europas Notenbanker. Steigen die Prei… [+5700 chars]",,de,'Krieg'
https://www.zeit.de/geld/2026-07/geldanlage-frauen-patriarchat-investieren,https://www.zeit.de/geld/2026-07/geldanlage-frauen-patriarchat-investieren,0,www.zeit.de,Geldanlage von Frauen: »An der Börse siehst du fast ausschließlich Finanzbros«,"Weil der Kapitalmarkt von Männern dominiert wird, investieren Frauen seltener. Auch deshalb leiden sie häufiger an Armut. Ist die Lösung feministische Geldanlage?",https://img.zeit.de/geld/2026-07/geldanlage-frauen-patriarchat-investieren-bild/wide__1300x731,2026-09-02T07:22:09Z,,"Louisa Kamrath quält bei der Altersvorsorge ein moralisches Dilemma: »In meiner Bubble gibt es den unausgesprochenen Konsens, dass Geld Scheiße ist, weil es immer zulasten bestimmter Bevölkerungsgrup… [+635 chars]",,de,'Armut'
https://www.zeit.de/news/2026-09/02/schuster-sieht-in-drohnen-vorfall-staatsterrorismus,https://www.zeit.de/news/2026-09/02/schuster-sieht-in-drohnen-vorfall-staatsterrorismus,0,www.zeit.de,Bedrohung aus Russland: Schuster sieht in Drohnen-Vorfall «Staatsterrorismus»,Hier finden Sie Informationen zu dem Thema „Bedrohung aus Russland“. Lesen Sie jetzt „Schuster sieht in Drohnen-Vorfall «Staatsterrorismus»“.,https://img.zeit.de/news/2026-09/02/schuster-sieht-in-drohnen-vorfall-staatsterrorismus-image-group/wide__1300x731,2026-09-02T07:22:15Z,,Sachsens Innenminister Armin Schuster hat den gescheiterten Angriff mit einer Sprengstoff-Drohne am Flughafen Leipzig/Halle als «Staatsterrorismus» eingeordnet. «Die deutschen Sicherheitsbehörden hab… [+1741 chars],,de,'Russland'
https://www.telepolis.de/article/Mietenreport-2026-Wohnkosten-treiben-Mieter-in-die-Armut-11437747.html,https://www.telepolis.de/article/Mietenreport-2026-Wohnkosten-treiben-Mieter-in-die-Armut-11437747.html,0,www.telepolis.de,Mietenreport 2026: Wohnkosten treiben Mieter in die Armut,Laut Mieterbund müssen 58 Prozent der Mieter höhere Wohnkosten stemmen. Viele sparen bei Lebensmitteln und Medikamenten.,https://heise.cloudimg.io/v7/_www-heise-de_/imgs/18/5/1/5/7/2/4/1/shutterstock_2757698719-dd5b1c88904acd71.jpg?func=bound&height=1200&org_if_sml=1&q=85&width=1200,2026-09-02T07:30:00Z,,"Steigende Wohnkosten zwingen viele Mieter zu Einschnitten bei Lebensmitteln und Medikamenten.
(Bild: Grand Warszawski / Shutterstock.com)
Laut Mieterbund müssen 58 Prozent der Mieter höhere Wohnkos… [+3621 chars]",,de,'Armut'
https://www.faz.net/aktuell/politik/ausland/liveblog-irankrieg-trump-koennte-abkommen-mit-iran-nicht-egaler-sein-faz-200583539.html,https://www.faz.net/aktuell/politik/ausland/liveblog-irankrieg-trump-koennte-abkommen-mit-iran-nicht-egaler-sein-faz-200583539.html,0,www.faz.net,Liveblog Irankrieg: Trump: Abkommen mit Iran „könnte mir nicht egaler sein“,US-Präsident spielt Aussichten auf Einigung herunter +++ Amerika greift wieder Ziele in Iran an +++ Teheran dankt Putin für Haltung während des Krieges +++ alle Entwicklungen im Liveblog,https://media0.faz.net/image/w1200h627/485518ad167b/w4759h2486x0y175o/202609/43601.0.2495444769/er-wolle-iran-nicht-an-den.webp,2026-09-02T08:04:11Z,,"Die amerikanischen Streitkräfte haben abermals Ziele in Iran angegriffen. Wie das für die Region zuständige Militärkommando Centcom am Dienstagabend mitteilte, sei dies auf versuchte Angriffe der ira… [+1673 chars]",,de,'Putin'
https://www.zeit.de/2026/38/wladimir-putin-ziele-ukraine-krieg-nato-europa,https://www.zeit.de/2026/38/wladimir-putin-ziele-ukraine-krieg-nato-europa,0,www.zeit.de,Wladimir Putin: Er denkt nur an das eine,"Wladimir Putin wird so weit gehen, wie es der Westen ihm erlaubt. Für ihn ist völlig klar, wer länger durchhält. Drei Szenarien sind denkbar.",https://img.zeit.de/2026/38/er-denkt-nur-an-das-eine-bild-1/wide__1300x731,2026-09-02T08:34:22Z,,"Schließen
Artikelzusammenfassung
Putin setzt auf Eskalation. Der Artikel beschreibt zunächst zwei verbreitete Irrtümer in Deutschland: Weder weniger Waffen für die Ukraine noch maximale militärisch… [+1114 chars]",,de,'Putin'
https://www.zeit.de/news/2026-09/02/sorgen-um-krieg-und-demokratie-kinderwunsch-gesunken,https://www.zeit.de/news/2026-09/02/sorgen-um-krieg-und-demokratie-kinderwunsch-gesunken,0,www.zeit.de,Geburtenrate: Sorgen um Krieg und Demokratie – Kinderwunsch gesunken,Hier finden Sie Informationen zu dem Thema „Geburtenrate“. Lesen Sie jetzt „Sorgen um Krieg und Demokratie – Kinderwunsch gesunken“.,https://img.zeit.de/news/2026-09/02/sorgen-um-krieg-und-demokratie-kinderwunsch-gesunken-image-group/wide__1300x731,2026-09-02T09:17:05Z,,Der Kinderwunsch junger Erwachsener ist laut einer Untersuchung des Bundesinstituts für Bevölkerungsforschung erstmals seit vielen Jahren gesunken. Zudem haben Zukunftssorgen aufgrund globaler Krisen… [+785 chars],,de,'Krieg'
https://www.zeit.de/news/2026-09/02/polens-regierungschef-brand-in-drohnen-fabrik-war-sabotage,https://www.zeit.de/news/2026-09/02/polens-regierungschef-brand-in-drohnen-fabrik-war-sabotage,0,www.zeit.de,Rüstungsindustrie: Polens Regierungschef: Brand in Drohnen-Fabrik war Sabotage,Hier finden Sie Informationen zu dem Thema „Außenministertreffen in Irland“. Lesen Sie jetzt „Nach Leipzig: Russland droht massives Sanktionspaket der EU“.,https://img.zeit.de/news/2026-09/02/polens-regierungschef-brand-in-drohnen-fabrik-war-sabotage-image-group/wide__1300x731,2026-09-02T11:56:49Z,,Russland muss nach dem Anschlagsversuch mit einer Sprengstoffdrohne auf dem Flughafen Leipzig/Halle mit einem umfassenden neuen Sanktionspaket der Europäischen Union rechnen - und verschärft den Ton … [+4693 chars],,de,'Putin'
https://www.faz.net/aktuell/politik/ukraine/putin-droht-der-ukraine-und-medwedjew-berlin-accg-201181674.html,https://www.faz.net/aktuell/politik/ukraine/putin-droht-der-ukraine-und-medwedjew-berlin-accg-201181674.html,0,www.faz.net,Ukrainekrieg: Alle Zeichen stehen auf Eskalation,"Der ukrainische Präsident warnt Fluggesellschaften davor, russische Flughäfen anzusteuern. Der Kreml kündigt seinerseits Schläge gegen Energieanlagen an – und droht Deutschland.",https://media0.faz.net/image/w1200h627/3f11dcc7c8b3/w6144h3210x0y164o/202608/43601.0.2485723291/truemmer-liegen-verteilt-einen.webp,2026-09-02T12:11:50Z,,"Wolodymyr Selenskyj hat den Himmel über Russland zu einem unsicheren Ort erklärt. In einer Videoansprache vom Dienstagabend warnt der ukrainische Präsident internationale Fluggesellschaften davor, ru… [+7960 chars]",,de,'Ukraine'
https://www.zeit.de/news/2026-09/02/pistorius-warnt-vor-militaerischem-erfolg-russlands,https://www.zeit.de/news/2026-09/02/pistorius-warnt-vor-militaerischem-erfolg-russlands,0,www.zeit.de,Abwehrkampf gegen Russland: Pistorius warnt vor militärischem Erfolg Russlands,Hier finden Sie Informationen zu dem Thema „Abwehrkampf gegen Russland“. Lesen Sie jetzt „Pistorius warnt vor militärischem Erfolg Russlands“.,https://img.zeit.de/news/2026-09/02/pistorius-warnt-vor-militaerischem-erfolg-russlands-image-group/wide__1300x731,2026-09-02T16:30:36Z,,"Bundesverteidigungsminister Boris Pistorius hat erneut vor einem militärischen Erfolg Russlands in der Ukraine gewarnt. «Wenn Russland, wenn Wladimir Putin diesen Krieg gewinnt, dann ist das eine Bla… [+1195 chars]",,de,'Putin'
https://www.zeit.de/news/2026-09/02/ukraine-erhaelt-bei-eu-treffen-zusagen-fuer-luftverteidigung,https://www.zeit.de/news/2026-09/02/ukraine-erhaelt-bei-eu-treffen-zusagen-fuer-luftverteidigung,0,www.zeit.de,Abwehrkampf gegen Russland: Ukraine erhält bei EU-Treffen Zusagen für Luftverteidigung,Hier finden Sie Informationen zu dem Thema „Abwehrkampf gegen Russland“. Lesen Sie jetzt „Ukraine erhält bei EU-Treffen Zusagen für Luftverteidigung“.,https://img.zeit.de/news/2026-09/02/ukraine-erhaelt-bei-eu-treffen-zusagen-fuer-luftverteidigung-image-group/wide__1300x731,2026-09-02T17:29:52Z,,"Die Ukraine hat bei einem EU-Außenministertreffen in Irland neue Zusagen zur Unterstützung ihrer Flugabwehr erhalten. «Wir haben uns gefreut, heute Ankündigungen von Mitgliedstaaten zu hören, Luftver… [+1164 chars]",,de,'Russland'
https://www.zeit.de/feuilleton/2026-09/konflikt-russland-moderne-latenz,https://www.zeit.de/feuilleton/2026-09/konflikt-russland-moderne-latenz,0,www.zeit.de,Konflikt mit Russland: Soll das denn ewig so weitergehen?,"Leider ja. Im hybriden Krieg mit Russland wünschen sich Menschen klare Verhältnisse. Dabei käme es vielmehr darauf an, dass die Deutschen eine paradoxe Haltung einüben.",https://img.zeit.de/feuilleton/2026-09/konflikt-russland-moderne-latenz-bild/wide__1300x731,2026-09-02T18:47:53Z,,"Schließen
Artikelzusammenfassung
Der Anschlagsversuch in Leipzig zeigt, wie schwer sich ein hybrider Angriff politisch fassen lässt. Nachdem die Bundesregierung Russland verantwortlich machte und d… [+919 chars]",,de,'Krieg'
https://www.zeit.de/news/2026-09/02/nachrichtendienst-russland-plant-sabotage-in-daenemark,https://www.zeit.de/news/2026-09/02/nachrichtendienst-russland-plant-sabotage-in-daenemark,0,www.zeit.de,Rüstungsindustrie im Visier: Nachrichtendienst: Russland plant Sabotage in Dänemark,Hier finden Sie Informationen zu dem Thema „Rüstungsindustrie im Visier“. Lesen Sie jetzt „Nachrichtendienst: Russland plant Sabotage in Dänemark“.,https://img.zeit.de/news/2026-09/02/nachrichtendienst-russland-plant-sabotage-in-daenemark-image-group/wide__1300x731,2026-09-02T21:22:57Z,,Dänische Behörden haben laut einem Bericht der Zeitung «Berlingske» Pläne und Vorbereitungen für russische Sabotage in Dänemark aufgedeckt. Unter den Zielen seien besonders Unternehmen in der Verteid… [+1774 chars],,de,'Russland'
https://www.faz.net/aktuell/politik/ukraine/ukraine-liveticker-daenischer-nachrichtendienst-warnt-vor-sabotageplaenen-russlands-faz-110683325.html,https://www.faz.net/aktuell/politik/ukraine/ukraine-liveticker-daenischer-nachrichtendienst-warnt-vor-sabotageplaenen-russlands-faz-110683325.html,0,www.faz.net,Liveblog Ukrainekrieg: Dänischer Nachrichtendienst warnt vor Sabotageplänen Russlands,Ziele seien Rüstungsunternehmen mit Verbindung zur Ukraine +++ Putin wirft Selenskyj einen „Aufruf zum Staatsterrorismus“ vor +++ Selenskyj kritisiert Partner für Urlaube und „Diplomatie nach Plan“ +++ alle Neuigkeiten im Liveblog,https://media0.faz.net/image/w1200h627/c292a58d57b6/w4762h2488x0y343o/202609/43601.0.2498222666/daenemarks-behoerden-haben.webp,2026-09-03T00:39:00Z,,Was sind nächsten Ziele Russlands in der Ukraine? Kommt eine neue Mobilisierungswelle? Solchen Fragen zum russischen Angriffskrieg in der Ukraine stellte sich Russlands Präsident Wladimir Putin in de… [+1374 chars],,de,'Ukraine'
https://www.zeit.de/news/2026-09/03/iran-greift-erneut-ziele-in-kuwait-an,https://www.zeit.de/news/2026-09/03/iran-greift-erneut-ziele-in-kuwait-an,0,www.zeit.de,Iran-Krieg: Iran greift erneut Ziele in Kuwait an,Hier finden Sie Informationen zu dem Thema „Iran-Krieg“. Lesen Sie jetzt „Iran greift erneut Ziele in Kuwait an“.,https://img.zeit.de/news/2026-09/03/iran-greift-erneut-ziele-in-kuwait-an-image-group/wide__1300x731,2026-09-03T02:12:44Z,,"Der Golfstaat Kuwait ist am frühen Morgen erneut Ziel iranischer Angriffe geworden. Die Luftabwehr wehre «feindliche Raketen- und Drohnenangriffe ab», teilte das Militär des mit den USA verbündeten L… [+942 chars]",,de,'Krieg'
https://www.zeit.de/news/2026-09/03/lawrow-goethe-institut-in-russland-wird-geschlossen,https://www.zeit.de/news/2026-09/03/lawrow-goethe-institut-in-russland-wird-geschlossen,0,www.zeit.de,Deutsches Kulturinstitut: Lawrow: Goethe-Institut in Russland wird geschlossen,Hier finden Sie Informationen zu dem Thema „Deutsches Kulturinstitut“. Lesen Sie jetzt „Lawrow: Goethe-Institut in Russland wird geschlossen“.,https://img.zeit.de/news/2026-09/03/lawrow-goethe-institut-in-russland-wird-geschlossen-image-group/wide__1300x731,2026-09-03T03:12:22Z,,Die Regierung in Moskau wird nach Angaben von Außenminister Sergej Lawrow die Goethe-Institute in Russland schließen. Es handle sich um eine Reaktion auf die angekündigte Schließung des Russischen Ha… [+2577 chars],,de,'Russland'
https://www.tagesspiegel.de/internationales/dpa-reaktion-auf-deutsche-sanktionenrussland-kundigt-schliessung-von-goethe-instituten-an-16011326.html,https://www.tagesspiegel.de/internationales/dpa-reaktion-auf-deutsche-sanktionenrussland-kundigt-schliessung-von-goethe-instituten-an-16011326.html,0,www.tagesspiegel.de,Reaktion auf deutsche Sanktionen: Russland kündigt Schließung von Goethe-Instituten an,Die Bundesregierung hatte Russland für den versuchten Drohnenangriff in Leipzig verantwortlich gemacht und will unter anderem das Russische Haus in Berlin schließen. Moskau reagiert umgehend.,https://www.tagesspiegel.de/images/16011334/alternates/BASE_16_9_W1400/1788405556000/germany-s-goethe-institut-in-moscow.jpeg,2026-09-03T03:17:29Z,,Die Regierung in Moskau wird nach Angaben von Außenminister Sergej Lawrow die Goethe-Institute in Russland schließen. Es handle sich um eine Reaktion auf die angekündigte Schließung des Russischen Ha… [+5774 chars],,de,'Ukraine'
https://www.nzz.ch/international/ukraine-selenski-will-russlands-flugverkehr-unterbinden-ld.10022044,https://www.nzz.ch/international/ukraine-selenski-will-russlands-flugverkehr-unterbinden-ld.10022044,0,www.nzz.ch,«Russlands Luftraum wird geschlossen»: Selenski stösst eine harsche Drohung aus – mit noch unabsehbaren Folgen,"Am Himmel über Russland sollen so viele ukrainische Drohnen auftauchen, dass eine zivile Luftfahrt unmöglich wird. Der Kreml sieht darin eine Ansage zu Staatsterrorismus. Doch die Ukrainer müssen keine Flugzeuge abschiessen, um den Luftverkehr lahmzulegen.","https://img-msp-prod.nzz.ch/2026/09/02/d31b7f63-a693-40e2-bf48-af30219f3d74.jpg?width=1200&height=675&fit=bounds&quality=75&auto=webp&crop=4000,2250,x0,y346&wmark=nzz",2026-09-03T03:30:00Z,,"Am Himmel über Russland sollen so viele ukrainische Drohnen auftauchen, dass eine zivile Luftfahrt unmöglich wird. Der Kreml sieht darin eine Ansage zu Staatsterrorismus. Doch die Ukrainer müssen kei… [+6054 chars]",,de,'Russland'
https://www.nzz.ch/meinung/der-neuste-inflationssprung-ist-eine-aufforderung-an-die-ezb-sie-sollte-die-leitzinsen-weiter-nach-oben-schrauben-ld.10022033,https://www.nzz.ch/meinung/der-neuste-inflationssprung-ist-eine-aufforderung-an-die-ezb-sie-sollte-die-leitzinsen-weiter-nach-oben-schrauben-ld.10022033,0,www.nzz.ch,KOMMENTAR - Der neuste Inflationssprung ist eine Aufforderung an die EZB: Sie sollte die Leitzinsen weiter nach oben schrauben,"Die hohe Teuerung trifft vor allem die ärmere Bevölkerung. Die EZB sollte das wirtschaftliche Umfeld nutzen, um die Inflation zu stoppen.","https://img-msp-prod.nzz.ch/2026/09/02/660c7c94-b288-4fd0-ba83-1ee143344887.jpg?width=1200&height=675&fit=bounds&quality=75&auto=webp&crop=4641,2611,x0,y0&wmark=nzz",2026-09-03T03:30:00Z,,"Die hohe Teuerung trifft vor allem die ärmere Bevölkerung. Die EZB sollte das wirtschaftliche Umfeld nutzen, um die Inflation zu stoppen.
03.09.2026, 05.30 Uhr
Zusammenfassung
Das Euro-Zeichen im … [+4489 chars]",,de,'Inflation'
https://www.nzz.ch/schweiz/sicherheitspolitik/auch-die-schweiz-ist-fuer-russland-ein-strategisches-ziel-ld.10020535,https://www.nzz.ch/schweiz/sicherheitspolitik/auch-die-schweiz-ist-fuer-russland-ein-strategisches-ziel-ld.10020535,0,www.nzz.ch,«Auch die Schweiz ist für Russland ein strategisches Ziel»,"Kleinstaaten könnten sich im 21. Jahrhundert nicht allein verteidigen, sagt Franz-Stefan Gady, einer der führenden Militärexperten Europas. Er erklärt, warum die Neutralität im Kriegsfall keinen Schutz bietet und was Putin für Europa so gefährlich macht.","https://img-msp-prod.nzz.ch/2026/09/02/1e828ab3-c33d-47a3-87af-992514986a7a.jpg?width=1200&height=675&fit=bounds&quality=75&auto=webp&crop=4405,2478,x0,y459&wmark=nzz",2026-09-03T03:30:00Z,,"Kleinstaaten könnten sich im 21.Jahrhundert nicht allein verteidigen, sagt Franz-Stefan Gady, einer der führenden Militärexperten Europas. Er erklärt, warum die Neutralität im Kriegsfall keinen Schut… [+13962 chars]",,de,'Ukraine'
https://www.sueddeutsche.de/politik/goethe-institut-russland-leipzig-anschlag-li.3541518,https://www.sueddeutsche.de/politik/goethe-institut-russland-leipzig-anschlag-li.3541518,0,www.sueddeutsche.de,Nach Anschlag am Flughafen Leipzig/Halle: Lawrow: Goethe-Institut in Russland wird geschlossen,"Die Bundesregierung hatte zuvor angekündigt, das Russische Haus in Berlin zu schließen – als Reaktion auf den Anschlag am Flughafen Leipzig/Halle, hinter dem Berlin die russische Regierung vermutet.",https://www.sueddeutsche.de/2026/09/03/cd7fcf2c-957e-4abf-9eee-fdeb78852f50.jpg?q=60&fm=webp&width=1200&rect=0%2C107%2C2048%2C1152,2026-09-03T03:40:27Z,,"Nach Angaben des Goethe-Instituts gibt es neben der Hauptstelle in Moskau auch noch Kultureinrichtungen in St. Petersburg und Jekaterinburg. Natürlich werden sie geschlossen, nachdem unser Kulturzent… [+2188 chars]",,de,'Ukraine'
https://www.faz.net/podcasts/f-a-z-podcast-fruehdenker/russland-was-bedeutet-moskaus-harte-antwort-faz-fruehdenker-201184699.html,https://www.faz.net/podcasts/f-a-z-podcast-fruehdenker/russland-was-bedeutet-moskaus-harte-antwort-faz-fruehdenker-201184699.html,0,www.faz.net,F.A.Z. Frühdenker: Was bedeutet die „harte Antwort“ aus Moskau?,Russland leitet Gegenmaßnahmen gegen Deutschland ein. Eine neue Eskalation zwischen Russland und der Ukraine steht bevor. Und ein ewiger Rechtsstreit um wenige Musik-Sekunden könnte enden. Der F.A.Z. Frühdenker.,https://media0.faz.net/image/w1200h627/a1be86433a60/w6144h3210x0y198o/202609/43601.0.2494437414/das-russische-generalkonsulat.webp,2026-09-03T03:47:28Z,,"Das Wichtigste für Sie am Donnerstag:
<ol><li>Wie fällt Russlands harte Antwort auf die Maßnahmen aus?</li><li>Zwischen Russland und der Ukraine stehen alle Zeichen auf Eskalation</li><li>Wie wahrsc… [+14951 chars]",,de,'Ukraine'
https://www.zeit.de/politik/deutschland/2026-09/drohnenanschlag-flughafen-leipzig-roderich-kiesewetter-russland-bundesregierung-gxe,https://www.zeit.de/politik/deutschland/2026-09/drohnenanschlag-flughafen-leipzig-roderich-kiesewetter-russland-bundesregierung-gxe,0,www.zeit.de,Drohnenvorfall: Kiesewetter nennt Reaktion des Bundes auf Drohnenvorfall unzureichend,"Die Bundesregierung habe nur »symbolische und diplomatische Maßnahmen« gegen Russland getroffen, kritisiert Roderich Kiesewetter. Er fordert eine Absprache mit der Nato.",https://img.zeit.de/politik/2026-09/roderich-kiesewetter-bild/wide__1300x731,2026-09-03T03:52:45Z,,Nach dem versuchten Drohnenanschlag in Leipzig hat der prominente CDU-Außen- und Sicherheitspolitiker Roderich Kiesewetter die Reaktion der Bundesregierung als unzureichend kritisiert. Es reiche nich… [+3414 chars],,de,'Russland'
https://www.faz.net/premium/weltwirtschaft/sicherheit/ukrainischer-kriegsveteran-masi-nayyem-ueber-krieg-und-hoffnung-accg-201179800.html,https://www.faz.net/premium/weltwirtschaft/sicherheit/ukrainischer-kriegsveteran-masi-nayyem-ueber-krieg-und-hoffnung-accg-201179800.html,0,www.faz.net,"Masi Nayyem, ukrainischer Veteran: „Ich habe kaum mehr Emotionen“","Masi Nayyem, 41, ist Major der Streitkräfte der Ukraine und Anwalt. 2022 wurde er bei einem Einsatz im Donbass schwer verletzt. Jetzt unterstützt er verwundete Soldaten und Veteranen.",https://media0.faz.net/image/w1200h627/f478f96fc549/w5000h2612x0y360o/202411/43601.0.748169116/ukrainische-soldaten-der-43.webp,2026-09-03T04:00:00Z,,"F.A.Z. Premium Weltwirtschaft
Masi Nayyem, 41, ist Major der Streitkräfte der Ukraine und Anwalt. 2022 wurde er bei einem Einsatz im Donbass schwer verletzt. Jetzt unterstützt er verwundete Soldaten… [+14 chars]",,de,'Ukraine'
https://www.faz.net/aktuell/politik/ukraine/ukraine-liveticker-russland-bezichtigt-norwegen-der-piraterie-faz-110683325.html,https://www.faz.net/aktuell/politik/ukraine/ukraine-liveticker-russland-bezichtigt-norwegen-der-piraterie-faz-110683325.html,0,www.faz.net,Liveblog Ukrainekrieg: Russland bezichtigt Norwegen der Piraterie,Russisches Schiff auf Spitzbergen beschlagnahmt +++ Dänischer Geheimdienst warnt vor Sabotageplänen Russlands +++ alle Neuigkeiten im Liveblog,https://media0.faz.net/image/w1200h627/cfd04774c5c5/w3816h1993x0y275o/202609/43601.0.2500557190/norwegische-flagge-waehrend.webp,2026-09-03T08:28:47Z,,Was sind nächsten Ziele Russlands in der Ukraine? Kommt eine neue Mobilisierungswelle? Solchen Fragen zum russischen Angriffskrieg in der Ukraine stellte sich Russlands Präsident Wladimir Putin in de… [+1374 chars],,de,'Russland'
https://taz.de/1653-Tage-Krieg-in-der-Ukraine/!6209376/,https://taz.de/1653-Tage-Krieg-in-der-Ukraine/!6209376/,0,taz.de,1.653 Tage Krieg in der Ukraine: Checkliste für den kommenden ukrainischen Winter,"In der ukrainischen Hauptstadt wird der russische Beschuss intensiver, und der Herbst beginnt. Wie bereiten sich die Kyjiwer auf die kalte Jahreszeit vor?",https://taz.de/picture/8710592/1200/Surkowa-Gaskocher.jpeg,2026-09-03T09:20:00Z,,"In der ukrainischen Hauptstadt wird der russische Beschuss intensiver, und der Herbst beginnt. Wie bereiten sich die Kyjiwer auf die kalte Jahreszeit vor? mehr...",,de,'Ukraine'
https://www.focus.de/politik/ausland/ein-grosser-schachzug-des-ukrainischen-befehlshabers-die-entscheidende-schlacht-ist-nun-im-gange_5237e7f0-1673-4808-bb31-5f8ef09e37fe.html,https://www.focus.de/politik/ausland/ein-grosser-schachzug-des-ukrainischen-befehlshabers-die-entscheidende-schlacht-ist-nun-im-gange_5237e7f0-1673-4808-bb31-5f8ef09e37fe.html,0,www.focus.de,Ein großer Schachzug des ukrainischen Befehlshabers – die entscheidende Schlacht ist nun im Gange,Russische Truppen stehen vor Slowjansk in Artilleriereichweite. Die Ukraine zieht ihre Führung in Donezk neu auf und reagiert auf wachsenden Druck.,"https://quadro.burda-forward.de/ctf/50b2c883-8fbd-4f37-a0a0-c010490a73d2.04af292f-6f0a-4e2c-a975-a077f9a0ba2d.jpg?im=RegionOfInterestCrop=(1200,630),regionOfInterest=(913,526)&hash=14bdcaffbb6ced2680e012624ffc257ec353e8c7f1a10e03d2b60c1527b56af0",2026-09-03T09:21:00Z,,"Die ukrainische Armeeführung baut den Frontabschnitt in der Region Donezkgrundlegend um. Oberbefehlshaber Mychajlo Drapatyj setzt dabei auf zwei neue Truppengruppen, die große Teile der Verteidigung … [+2281 chars]",,de,'Ukraine'
https://www.focus.de/politik/ausland/estland-kaufte-fuer-70-millionen-euro-munition-fuer-die-ukraine-und-bekam-keine-einzige-verteidigungsminister-tritt-zurueck_944c859c-da44-49e3-ab95-1c253fb383fd.html,https://www.focus.de/politik/ausland/estland-kaufte-fuer-70-millionen-euro-munition-fuer-die-ukraine-und-bekam-keine-einzige-verteidigungsminister-tritt-zurueck_944c859c-da44-49e3-ab95-1c253fb383fd.html,0,www.focus.de,Estland kaufte für 70 Millionen Euro Munition für die Ukraine und bekam keine einzige – Verteidigungsminister tritt zurück,Ein geplatzter Munitionskauf für die Ukraine hat in Estland politische Folgen. Das Land zahlte 70 Millionen Euro für Munition im Voraus – angekommen ist in Tallinn nichts. Nun tritt der Verteidigungsminister zurück.,"https://quadro.burda-forward.de/ctf/c8362152-c453-4d57-a6f3-93343a085c03.2a0c8349-ee3e-4469-8185-f87b95eb6a55.jpg?im=RegionOfInterestCrop=(1200,630),regionOfInterest=(1735,976)&hash=31bff276d8c907b87894f29689cc511211da76da21ff33e6f7ef4139581e659d",2026-09-03T09:48:00Z,,"Estlands Verteidigungsminister Hanno Pevkur tritt zurück. Der Politiker erklärte am 2. September, er übernehme die politische Verantwortung für einen Munitionskauf für die Ukraine, bei dem Estland tr… [+3228 chars]",,de,'Ukraine'
https://www.tagesspiegel.de/berlin/dpa-kulturzentrum-16012942.html,https://www.tagesspiegel.de/berlin/dpa-kulturzentrum-16012942.html,0,www.tagesspiegel.de,Kulturzentrum: Wie geht es mit dem Russischen Haus in Berlin weiter?,Russlands umstrittenes Kulturzentrum wird nicht sofort die Türen schließen - die Rechtslage ist anders. Doch das aus Moskau entsandte Personal muss schnell packen.,https://www.tagesspiegel.de/images/16012941/alternates/BASE_16_9_W1400/1788429384000/russisches-haus-in-berlin.jpeg,2026-09-03T09:56:23Z,,"Die Bundesregierung will das staatliche russische Kulturzentrum in Berlin, das Russische Haus, schließen. Doch der Vertragslage nach wird die Arbeit erst Mitte 2027 auslaufen. Mit der Schließung reag… [+1585 chars]",,de,'Russland'
https://www.sueddeutsche.de/politik/ukraine-krieg-newsblog-russland-norwegen-schiff-beschlagnahmt-li.3524928,https://www.sueddeutsche.de/politik/ukraine-krieg-newsblog-russland-norwegen-schiff-beschlagnahmt-li.3524928,0,www.sueddeutsche.de,Newsblog zum Ukraine-Krieg: Norwegen beschlagnahmt russisches Schiff vor Spitzbergen,"Hintergrund ist ein früherer Beschluss eines Schiedsgerichts, der Russland zu Entschädigungszahlungen verpflichtet hatte. In Russland ist nun von einer Entführung die Rede.",https://www.sueddeutsche.de/2026/09/03/5e74239c-5898-4db8-9350-80a8039b070a.jpg?q=60&fm=webp&width=1200&rect=0%2C239%2C4000%2C2250,2026-09-03T10:04:56Z,,Dänische Behörden haben laut einem Bericht der Zeitung Berlingske Pläne und Vorbereitungen für russische Sabotage in Dänemark aufgedeckt. Unter den Zielen seien besonders Unternehmen in der Verteidig… [+1355 chars],,de,'Ukraine'
https://www.zeit.de/news/2026-09/03/speicherbetreiber-fordern-entlastung-fuer-gas-einspeicherung,https://www.zeit.de/news/2026-09/03/speicherbetreiber-fordern-entlastung-fuer-gas-einspeicherung,0,www.zeit.de,Speicher halb leer: Speicherbetreiber fordern Entlastung für Gas-Einspeicherung,Hier finden Sie Informationen zu dem Thema „Speicher halb leer“. Lesen Sie jetzt „Speicherbetreiber fordern Entlastung für Gas-Einspeicherung“.,https://img.zeit.de/news/2026-09/03/speicherbetreiber-fordern-entlastung-fuer-gas-einspeicherung-image-group/wide__1300x731,2026-09-03T10:10:00Z,,"Angesichts niedriger Füllstände in Gasspeichern fordern die Betreiber der Anlagen Regeländerungen, damit ihre Speicher voller werden. Der Branchenverband Initiative Energien Speichern (Ines) legte ei… [+2194 chars]",,de,'Ukraine'
https://www.zeit.de/news/2026-09/03/bedrohung-in-haeuslichem-umfeld-groesserer-polizeieinsatz,https://www.zeit.de/news/2026-09/03/bedrohung-in-haeuslichem-umfeld-groesserer-polizeieinsatz,0,www.zeit.de,Schwerbewaffnete Polizisten: Bedrohung in häuslichem Umfeld – größerer Polizeieinsatz,Hier finden Sie Informationen zu dem Thema „Schwerbewaffnete Polizisten“. Lesen Sie jetzt „Bedrohung in häuslichem Umfeld – größerer Polizeieinsatz“.,https://img.zeit.de/news/2026-09/03/bedrohung-in-haeuslichem-umfeld-groesserer-polizeieinsatz-image-group/wide__1300x731,2026-09-03T10:21:58Z,,"In der Innenstadt von Karlsruhe ist es wegen einer Bedrohung im häuslichen Umfeld zu einem größeren Polizeieinsatz gekommen. Was genau vorgefallen ist, konnte ein Polizeisprecher zunächst nicht sagen… [+489 chars]",,de,'Bedrohung'
https://www.zeit.de/politik/deutschland/2026-09/russland-konsulat-bonn-schliessung-diplomatische-beziehungen-gxe,https://www.zeit.de/politik/deutschland/2026-09/russland-konsulat-bonn-schliessung-diplomatische-beziehungen-gxe,0,www.zeit.de,Schließung russischer Einrichtungen: Russland will diplomatische Beziehungen zu Berlin erhalten,Russland will nach der angekündigten Schließung des Konsulats in Bonn an den diplomatischen Beziehungen festhalten. Das Land rechne mit weiteren »absurden Schritten«.,https://img.zeit.de/politik/deutschland/2026-09/russland-konsulat-bonn-schliessung-diplomatische-beziehungen-foto-1/wide__1300x731,2026-09-03T10:34:46Z,,Russland will trotz der von Deutschland angekündigten Schließung des Konsulats in Bonn die Beziehungen zu Deutschland vorerst nicht weiter einschränken. Die russische Regierung werde nicht selbst ein… [+3893 chars],,de,'Russland'
https://www.tagesspiegel.de/berlin/dpa-fahnder-zuversichtlich-16013418.html,https://www.tagesspiegel.de/berlin/dpa-fahnder-zuversichtlich-16013418.html,0,www.tagesspiegel.de,Fahnder zuversichtlich: Flucht von Hendrik Holt für Ermittler „keine Überraschung“,"Im Fall des Windkraftbetrügers könne ihn nichts mehr überraschen, sagt ein Oberstaatsanwalt. Warum er sich sicher ist, Holt zu schnappen.",https://www.tagesspiegel.de/images/16013417/alternates/BASE_16_9_W1400/1788432854000/hendrik-holt.jpeg,2026-09-03T10:54:14Z,,Die Flucht von Windkraftbetrüger Hendrik Holt hat den leitenden Ermittler persönlich nicht groß überrascht. Das sagte der Osnabrücker Oberstaatsanwalt Nils Leimbrock der Neuen Osnabrücker Zeitung. In… [+1714 chars],,de,'Windkraft'
https://www.tagesspiegel.de/berlin/dpa-ermittler-sind-sicher-holt-wieder-zu-fassen-16013418.html,https://www.tagesspiegel.de/berlin/dpa-ermittler-sind-sicher-holt-wieder-zu-fassen-16013418.html,0,www.tagesspiegel.de,"„Windkraft-Schwindler“ floh aus Berliner JVA: Ermittler sind sicher, Holt wieder zu fassen","Im Fall des Windkraftbetrügers könne ihn nichts mehr überraschen, sagt ein Oberstaatsanwalt. Warum er sich sicher ist, Holt zu schnappen.",https://www.tagesspiegel.de/images/16013417/alternates/BASE_16_9_W1400/1788432854000/hendrik-holt.jpeg,2026-09-03T10:54:14Z,,Die Flucht von Windkraftbetrüger Hendrik Holt hat den leitenden Ermittler persönlich nicht groß überrascht. Das sagte der Osnabrücker Oberstaatsanwalt Nils Leimbrock der Neuen Osnabrücker Zeitung. In… [+1932 chars],,de,'Windkraft'
https://www.dw.com/de/wie-deutschland-vom-auswanderer-zum-einwandererland-wurde/a-78641831,https://www.dw.com/de/wie-deutschland-vom-auswanderer-zum-einwandererland-wurde/a-78641831,0,www.dw.com,Wie Deutschland vom Auswanderer- zum Einwandererland wurde,"Migration ist ein Reizthema: Die Angst vor unkontrollierter Zuwanderung bestimmt die öffentliche Debatte. Viele vergessen dabei, dass einst auch Millionen Deutsche auf der Suche nach einem besseren Leben auswanderten. ""Sie strömen in Scharen herbei, und werde…",https://static.dw.com/image/78719702_6.jpg,2026-09-03T10:57:00Z,,"""Sie strömen in Scharen herbei, und werden niemals unsere Sprache oder Bräuche annehmenBald werden sie uns zahlenmäßig übertreffen ... und sogar unsere Regierung wird ins Wanken geraten.""
Man könnte… [+10450 chars]",,de,'Armut'
https://www.tagesschau.de/wirtschaft/konjunktur/wirtschaftsinstitute-herbstprognose-100.html,https://www.tagesschau.de/wirtschaft/konjunktur/wirtschaftsinstitute-herbstprognose-100.html,0,www.tagesschau.de,Wirtschaftsinstitute korrigieren Wachstumsprognosen nach oben,Es soll wieder bergauf gehen in der Wirtschaft: Mehrere Forschungsinstitute heben ihre Prognose für das aktuelle Jahr deutlich an. Doch die Inflation bleibt hoch - und könnte zur Belastung werden.,https://images.tagesschau.de/image/5cecefc4-18df-44da-b585-b3e16fa7d7c0/AAABoGaR7k8/AAABnSSvrFg/16x9-big/konjunktur-416.jpg?width=1280,2026-09-03T11:07:18Z,,"Stand: 03.09.2026 13:07 Uhr
Es soll wieder bergauf gehen in der Wirtschaft: Mehrere Forschungsinstitute heben ihre Prognose für das aktuelle Jahr deutlich an. Doch die Inflation bleibt hoch - und kö… [+4743 chars]",,de,'Inflation'
https://www.zeit.de/news/2026-09/03/staatssekretaer-nennt-bsw-und-afd-vaterlandslose-gesellen,https://www.zeit.de/news/2026-09/03/staatssekretaer-nennt-bsw-und-afd-vaterlandslose-gesellen,0,www.zeit.de,Verhältnis zu Russland: Staatssekretär nennt BSW und AfD «vaterlandslose Gesellen»,Hier finden Sie Informationen zu dem Thema „Verhältnis zu Russland“. Lesen Sie jetzt „Staatssekretär nennt BSW und AfD «vaterlandslose Gesellen»“.,https://img.zeit.de/news/2026-09/03/staatssekretaer-nennt-bsw-und-afd-vaterlandslose-gesellen-image-group/wide__1300x731,2026-09-03T11:16:23Z,,"Der CDU-Politiker Christoph de Vries, Parlamentarischer Staatssekretär beim Bundesinnenministerium, hat die Kritik von BSW-Gründerin Sahra Wagenknecht am Russland-Kurs der Bundesregierung scharf zurü… [+1413 chars]",,de,'Russland'
https://www.faz.net/aktuell/politik/ukraine/ukraine-liveticker-putin-keine-weitere-mobilisierung-notwendig-faz-110683325.html,https://www.faz.net/aktuell/politik/ukraine/ukraine-liveticker-putin-keine-weitere-mobilisierung-notwendig-faz-110683325.html,0,www.faz.net,Liveblog Ukrainekrieg: Putin: Keine weitere Mobilisierung notwendig,Rede beim Östlichen Wirtschaftsforum +++ Norwegen beschlagnahmt russisches Schiff +++ Dänischer Geheimdienst warnt vor Sabotageplänen +++ alle Neuigkeiten im Liveblog,https://media0.faz.net/image/w1200h627/2b7752959b8b/w3000h1567x0y216o/202609/43601.0.2501326290/russlands-praesident-wladimir.webp,2026-09-03T11:23:54Z,,Was sind nächsten Ziele Russlands in der Ukraine? Kommt eine neue Mobilisierungswelle? Solchen Fragen zum russischen Angriffskrieg in der Ukraine stellte sich Russlands Präsident Wladimir Putin in de… [+1374 chars],,de,'Putin'
https://www.zeit.de/news/2026-09/03/deutschland-hilft-ukraine-mit-250-millionen-fuer-reparaturen,https://www.zeit.de/news/2026-09/03/deutschland-hilft-ukraine-mit-250-millionen-fuer-reparaturen,0,www.zeit.de,Energieinfrastruktur: Deutschland hilft Ukraine mit 250 Millionen für Reparaturen,Hier finden Sie Informationen zu dem Thema „Energieinfrastruktur“. Lesen Sie jetzt „Deutschland hilft Ukraine mit 250 Millionen für Reparaturen“.,https://img.zeit.de/news/2026-09/03/deutschland-hilft-ukraine-mit-250-millionen-fuer-reparaturen-image-group/wide__1300x731,2026-09-03T11:24:16Z,,Deutschland beteiligt sich mit weiteren 250 Millionen Euro an den Kosten für akute Reparaturarbeiten in der ukrainischen Energieinfrastruktur. Aus einem entsprechenden Fonds werden Ersatzteile und Au… [+1978 chars],,de,'Ukraine'
https://www.telepolis.de/article/Erneuerbare-Wind-und-Solar-erzeugen-19-Prozent-des-US-Stroms-11439561.html,https://www.telepolis.de/article/Erneuerbare-Wind-und-Solar-erzeugen-19-Prozent-des-US-Stroms-11439561.html,0,www.telepolis.de,Erneuerbare: Wind und Solar erzeugen 19 Prozent des US-Stroms,Erneuerbare sind die günstigste Form neuer Stromerzeugung in den USA. Die Daten aus den Bundesstaaten widerlegen die These vom teuren Ökostrom.,https://heise.cloudimg.io/v7/_www-heise-de_/imgs/18/5/1/5/8/1/5/6/harhar38-3ac7b823c97296c3.jpg?func=bound&height=1200&org_if_sml=1&q=85&width=1200,2026-09-03T13:00:00Z,,"Batteriespeicher und Solarkraftwerk in Arizona.
(Bild: harhar38, shutterstock)
Erneuerbare sind die günstigste Form neuer Stromerzeugung in den USA. Die Daten aus den Bundesstaaten widerlegen die T… [+5899 chars]",,de,'Windkraft'
https://www.zeit.de/2026/38/vaterland-pawel-pawlikowski-thomas-mann-film,https://www.zeit.de/2026/38/vaterland-pawel-pawlikowski-thomas-mann-film,0,www.zeit.de,»Vaterland« von Paweł Pawlikowski: Stilles Erkennen eines Desasters,"In »Vaterland« kehrt der Großschriftsteller zum ersten Mal nach dem Krieg in seine alte Heimat zurück. Kaum 70 Minuten dauert der Film, epochal fühlt er sich trotzdem an.",https://img.zeit.de/2026/38/stilles-erkennen-eines-desasters-bild-2/wide__1300x731,2026-09-03T13:49:59Z,,"Schließen
Artikelzusammenfassung
Thomas Mann kehrt 1949 in ein zerrissenes Deutschland zurück. Er reist zum 200. Geburtstag Goethes nach Frankfurt und Weimar, nimmt trotz Kritik Einladungen aus Wes… [+943 chars]",,de,'Krieg'
https://www.zeit.de/politik/2026-09/deutsch-russische-beziehung-goethe-institute-schliessung-nachrichtenpodcast,https://www.zeit.de/politik/2026-09/deutsch-russische-beziehung-goethe-institute-schliessung-nachrichtenpodcast,0,www.zeit.de,Deutsch-russische Beziehungen: Deutschland setzt ein Zeichen – versteht Putin es auch?,Russland schließt die letzten drei Goethe-Institute im Land. Wie reagiert Moskau auf Deutschlands neue Maßnahmen? Und: Neue Hoffnung für die deutsche Wirtschaft,https://img.zeit.de/politik/ausland/2026-09/deutsch-russische-beziehung-goethe-institute-schliessung-nachrichtenpodcast-bild/wide__1300x731,2026-09-03T15:00:16Z,,Die deutsch-russischen Beziehungen sind diese Woche auf einem neuen Tiefpunkt angelangt. Die Bundesregierung machte Russland für den gescheiterten Anschlagsversuch am Leipziger Flughafen verantwortli… [+2324 chars],,de,'Putin'
https://www.zeit.de/politik/deutschland/2026-09/russland-gefahr-sicherheit-umfrage-ard-deutschlandtrend,https://www.zeit.de/politik/deutschland/2026-09/russland-gefahr-sicherheit-umfrage-ard-deutschlandtrend,0,www.zeit.de,ARD-Deutschlandtrend: Mehrheit der Deutschen betrachtet Russland als Bedrohung,Die Deutschen nehmen Russland mehrheitlich als Gefahr für die Sicherheit im Land wahr. Der ARD-Deutschlandtrend offenbart aber Meinungsunterschiede im Osten und Westen.,https://img.zeit.de/politik/deutschland/2026-09/russland-gefahr-sicherheit-umfrage-ard-deutschlandtrend-foto-1/wide__1300x731,2026-09-03T16:03:07Z,,Angesichts von Drohnen-Vorfällen und Ukraine-Krieg wird Russland von den Menschen in Deutschland einer Umfrage zufolge mehrheitlich als Gefahr für die Sicherheit im Land betrachtet. 56 Prozent der Be… [+1180 chars],,de,'Bedrohung'
https://www.zeit.de/politik/ausland/2026-09/sprengstoffanschlag-leipziger-flughafen-russland-grossbritannien-diplomatie,https://www.zeit.de/politik/ausland/2026-09/sprengstoffanschlag-leipziger-flughafen-russland-grossbritannien-diplomatie,0,www.zeit.de,Drohnenvorfall: Verdächtiger von Leipziger Drohnenanschlag hatte Wohnsitz in Russland,Nach dem Drohnenvorfall in Leipzig haben lettische Behörden Informationen zu einem Verdächtigen veröffentlicht. Demnach lebte dieser schon länger in Russland.,https://img.zeit.de/politik/ausland/2026-09/sprengstoffanschlag-leipziger-flughafen-russland-grossbritannien-diplomatie-foto-1/wide__1300x731,2026-09-03T17:04:29Z,,Nach Medienberichten über zwei mutmaßliche Tatverdächtige des versuchten Drohnenanschlags am Flughafen Leipzig/Halle haben sich die Sicherheitsbehörden in Lettland geäußert. Der lettische Staatsbürge… [+1117 chars],,de,'Russland'
https://www.zeit.de/politik/ausland/2026-09/goethe-institute-russland-russisch-deutsche-beziehung-hybrider-krieg,https://www.zeit.de/politik/ausland/2026-09/goethe-institute-russland-russisch-deutsche-beziehung-hybrider-krieg,0,www.zeit.de,Goethe-Institute in Russland: Das Fenster nach Europa schließt sich,Die Goethe-Institute waren eine Brücke zwischen Deutschland und Russland. Jetzt werden sie zugemacht. Wie weit wird die Zerstörung der Zivilgesellschaft noch gehen?,https://img.zeit.de/politik/ausland/2026-09/goethe-institute-russland-russisch-deutsche-beziehung-hybrider-krieg-bild-2/wide__1300x731,2026-09-03T17:36:23Z,,"Hier geht eine
Ära zu Ende. Der russische Außenminister Sergej Lawrow hat gestern die
Schließung der deutschen Goethe-Institute angekündigt, wie er sagte, als
Reaktion auf die Schließung des Russi… [+610 chars]",,de,'Russland'
https://www.zeit.de/news/2026-09/03/wagenknecht-verurteilt-sanktionen-gegen-russland,https://www.zeit.de/news/2026-09/03/wagenknecht-verurteilt-sanktionen-gegen-russland,0,www.zeit.de,Landtagswahl Sachsen-Anhalt: Wagenknecht verurteilt Sanktionen gegen Russland,Hier finden Sie Informationen zu dem Thema „Landtagswahl Sachsen-Anhalt“. Lesen Sie jetzt „Wagenknecht verurteilt Sanktionen gegen Russland“.,https://img.zeit.de/news/2026-09/03/wagenknecht-verurteilt-sanktionen-gegen-russland-image-group/wide__1300x731,2026-09-03T17:58:26Z,,BSW-Gründerin Sahra Wagenknecht hat die Schließung von russischen Institutionen in Deutschland scharf kritisiert. «Wir brechen alle Brücken ab für kulturellen Austausch. Wir brechen alle Brücken ab f… [+1416 chars],,de,'Russland'
https://www.tagesschau.de/ausland/amerika/trump-ukraine-hilfen-forderung-europa-100.html,https://www.tagesschau.de/ausland/amerika/trump-ukraine-hilfen-forderung-europa-100.html,0,www.tagesschau.de,Trump will Geld von Europa für Ukraine-Hilfen zurück,"US-Präsident Trump will von europäischen Staaten die Rückzahlung von US-Militärhilfen für die Ukraine fordern. Es gehe dabei um ""Hunderte Milliarden Dollar"", die sein Vorgänger Biden der Ukraine und der NATO geschenkt habe. Von A. Schneider.",https://images.tagesschau.de/image/f4c6798a-a465-4327-bdb7-e845377736f6/AAABoGnh7WM/AAABnSSvrFg/16x9-big/ukraine-patriot-108.jpg?width=1280,2026-09-04T03:08:47Z,,"Stand: 04.09.2026 05:08 Uhr
US-Präsident Trump will von europäischen Staaten die Rückzahlung von US-Militärhilfen für die Ukraine fordern. Es gehe dabei um ""Hunderte Milliarden Dollar"", die sein Vor… [+1492 chars]",,de,'Ukraine'
https://www.zeit.de/news/2026-09/04/spritkosten-treiben-inflation-im-august,https://www.zeit.de/news/2026-09/04/spritkosten-treiben-inflation-im-august,0,www.zeit.de,Hohe Preise: Spritkosten treiben Inflation im August,Hier finden Sie Informationen zu dem Thema „Hohe Preise“. Lesen Sie jetzt „Spritkosten treiben Inflation im August“.,https://img.zeit.de/news/2026-09/04/spritkosten-treiben-inflation-im-august-image-group/wide__1300x731,2026-09-04T09:39:06Z,,Vor allem Spritkosten haben zuletzt ordentlich angezogen und sich auch in den Geldbörsen der Menschen in Thüringen bemerkbar gemacht. Durchschnittlich erhöhten sich die Verbraucherpreise verglichen m… [+1655 chars],,de,'Inflation'
https://www.tagesspiegel.de/berlin/polizei-justiz/bedrohung-bei-zdf-dreh-in-berlin-mann-richtet-schusswaffe-auf-interviewpartnerin-16018636.html,https://www.tagesspiegel.de/berlin/polizei-justiz/bedrohung-bei-zdf-dreh-in-berlin-mann-richtet-schusswaffe-auf-interviewpartnerin-16018636.html,0,www.tagesspiegel.de,Bedrohung bei ZDF-Dreh in Berlin: Mann richtet Schusswaffe auf Interviewpartnerin,Am Boxhagener Platz will ein ZDF-Team ein Interview mit einer Fachreferentin abdrehen. Dann kommt ein junger Mann auf einem S-Scooter dazu – und zieht plötzlich eine Waffe.,https://www.tagesspiegel.de/images/9074443/alternates/BASE_16_9_W1400/1788519592000/zdf-mainz.jpeg,2026-09-04T11:06:28Z,,"Bei Dreharbeiten für einen ZDF-Fernsehbeitrag ist eine Interviewpartnerin im Berliner Ortsteil Friedrichshain mit einer Schusswaffe bedroht worden. Das teilte die Polizei am Freitag mit.
Zu der Tat … [+1153 chars]",,de,'Bedrohung'
https://www.faz.net/aktuell/politik/ukraine/ukraine-liveticker-schusswechsel-zwischen-sicherheitskraeften-in-kiew-faz-110683325.html,https://www.faz.net/aktuell/politik/ukraine/ukraine-liveticker-schusswechsel-zwischen-sicherheitskraeften-in-kiew-faz-110683325.html,0,www.faz.net,Liveblog Ukrainekrieg: Schusswechsel zwischen Sicherheitskräften in Kiew,Selenskyj kritisiert Zusammenstöße von Mittwoch und verspricht Aufklärung +++ Putin: Keine weitere Mobilisierung notwendig +++ Norwegen beschlagnahmt russisches Schiff +++ alle Neuigkeiten im Liveblog,https://media0.faz.net/image/w1200h627/ab1d3f093d54/w6144h3210x0y441o/202607/43601.0.2309962659/kiew-im-juli-symbolbild.webp,2026-09-04T11:32:38Z,,Vermummte und bewaffnete Sicherheitskräfte sind in Kiew kein seltener Anblick. Sie stehen zum Beispiel an Checkpoints vor dem abgeriegelten Regierungsviertel oder vor militärischen Liegenschaften. Da… [+4025 chars],,de,'Putin'
https://www.tagesschau.de/ausland/asien/jemen-hunger-krise-100.html,https://www.tagesschau.de/ausland/asien/jemen-hunger-krise-100.html,0,www.tagesschau.de,Mit den Kämpfen im Jemen wächst die Gefahr einer Hungerkrise,"Die Lage im Jemen ist so angespannt wie seit Jahren nicht mehr. Während sich Huthi-Rebellen und die von Saudi-Arabien unterstützte Regierung bekämpfen, hungern immer mehr Menschen. Von Nina Amin.",https://images.tagesschau.de/image/5c000b23-c7aa-4266-8b53-c9b17d4f1b9b/AAABoGwr65U/AAABnSSvrFg/16x9-big/strassenverkaeufer-104.jpg?width=1280,2026-09-04T11:54:30Z,,"Stand: 04.09.2026 13:54 Uhr
Die Lage im Jemen ist so angespannt wie seit Jahren nicht mehr. Während sich Huthi-Rebellen und die von Saudi-Arabien unterstützte Regierung bekämpfen, hungern immer mehr… [+3332 chars]",,de,'Kämpfe'
https://www.faz.net/aktuell/politik/ausland/israel-laesst-gefangene-libanesen-frei-accg-201194000.html,https://www.faz.net/aktuell/politik/ausland/israel-laesst-gefangene-libanesen-frei-accg-201194000.html,0,www.faz.net,Krieg gegen die Hizbullah: Israel lässt gefangene libanesische Zivilisten frei,"Israel lässt von der Armee verschleppte Libanesen frei. Bringt das neuen Schwung in die Verhandlungen mit Beirut, um den Konflikt mit der Hizbullah zu beenden?",https://media0.faz.net/image/w1200h627/b1651e376d46/w6144h3210x0y324o/202609/43601.0.2511302099/ein-ikrk-konvoi-mit-vier-von.webp,2026-09-04T11:55:21Z,,"Am Freitagvormittag kamen die übrigen vier Libanesen in der Heimat an, die von den israelischen Streitkräften verschleppt worden waren. Am Donnerstag wurde zunächst ein 22 Jahre alter Mann auf freien… [+4100 chars]",,de,'Krieg'
https://www.zeit.de/news/2026-09/04/waehrend-krieg-verlorenes-buch-in-sozialkaufhaus-entdeckt,https://www.zeit.de/news/2026-09/04/waehrend-krieg-verlorenes-buch-in-sozialkaufhaus-entdeckt,0,www.zeit.de,Band galt als Kriegsverlust: Während Krieg verlorenes Buch in Sozialkaufhaus entdeckt,Hier finden Sie Informationen zu dem Thema „Band galt als Kriegsverlust“. Lesen Sie jetzt „Während Krieg verlorenes Buch in Sozialkaufhaus entdeckt“.,https://img.zeit.de/news/2026-09/04/waehrend-krieg-verlorenes-buch-in-sozialkaufhaus-entdeckt-image-group/wide__1300x731,2026-09-04T12:55:24Z,,"Ein seit dem Zweiten Weltkrieg als verschollen gegoltenes Buch ist in einem Sozialkaufhaus im hessischen Flörsheim wieder aufgetaucht. «Der Band ""Pauli Sententiae"" wurde bei einer Buchspende entdeckt… [+1317 chars]",,de,'Krieg'
https://www.welt.de/politik/deutschland/video6a9abe5208c763dcf81f438b/roman-poseck-es-gehoert-zum-muster-linksextremer-straftaeter-dass-sie-die-kritische-infrastruktur-angreifen.html,https://www.welt.de/politik/deutschland/video6a9abe5208c763dcf81f438b/roman-poseck-es-gehoert-zum-muster-linksextremer-straftaeter-dass-sie-die-kritische-infrastruktur-angreifen.html,0,www.welt.de,"„Es gehört zum Muster linksextremer Straftäter, dass sie die kritische Infrastruktur angreifen“",Hessens Innenminister Roman Poseck warnt vor einer wachsenden Bedrohung kritischer Infrastruktur – durch Russland ebenso wie durch Linksextremisten. Nach den jüngsten Sabotageakten fordert er mehr Schutzmaßnahmen und zusätzliche Befugnisse für die Sicherheits…,https://images.welt.de/6a9abe5208c763dcf81f438b/38904b6331c9241e3dbd469d2b8ed437-master/ci16x9-w1200/poseck-jpg,2026-09-04T12:57:31Z,,Die WELT als ePaper: Die vollständige Ausgabe steht Ihnen bereits am Vorabend zur Verfügung so sind Sie immer hochaktuell informiert. Weitere Informationen https://epaper.welt.de,,de,'Bedrohung'
https://www.n-tv.de/politik/Zwei-Bulgaren-nach-Brandanschlag-in-Muenchen-in-U-Haft-id31270427.html,https://www.n-tv.de/politik/Zwei-Bulgaren-nach-Brandanschlag-in-Muenchen-in-U-Haft-id31270427.html,0,www.n-tv.de,Politisches Motiv wahrscheinlich: Zwei Bulgaren nach Brandanschlag in München in U-Haft,"Aus einem Auto heraus sollen zwei Bulgaren in München Brandsätze auf eine Baustelle geworfen haben. In Tatortnähe befinden sich die Firmenzentralen mehrerer Rüstungsunternehmen, darunter ein Drohnenhersteller, der in die Ukraine liefert. Ermittler prüfen eine…",https://www.n-tv.de/img/31270471/1788531426/Img_16_9/1200/616532722.jpg,2026-09-04T13:14:32Z,,"Polizisten laufen in der Nähe des Tatorts vorbei. (Foto: picture alliance/dpa)
Aus einem Auto heraus sollen zwei Bulgaren in München Brandsätze auf eine Baustelle geworfen haben. In Tatortnähe befin… [+2998 chars]",,de,'Bedrohung'
https://www.tagesspiegel.de/internationales/drohnen-sollen-flughafen-umschwirren-kyjiw-will-den-russischen-luftverkehr-komplett-lahmlegen-16019035.html,https://www.tagesspiegel.de/internationales/drohnen-sollen-flughafen-umschwirren-kyjiw-will-den-russischen-luftverkehr-komplett-lahmlegen-16019035.html,0,www.tagesspiegel.de,Drohnen sollen Flughäfen umschwirren: Kyjiw will den russischen Luftverkehr komplett lahmlegen,Die Ukraine hat zuletzt den Druck auf die russische Volkswirtschaft erhöht. Nach Angriffen auf Raffinerien und Logistikzentren soll nun der zivile Luftverkehr mit Drohnen zum Stillstand gebracht werden.,https://www.tagesspiegel.de/images/16019780/alternates/BASE_16_9_W1400/1788528595000/biometric-boarding-launched-at-moscow-s-sheremetyevo-international-airport.jpeg,2026-09-04T13:35:58Z,,"Die Ukraine plant, mit dem massiven Einsatz von Drohnen den zivilen Flugverkehr in Russland zum Erliegen zu bringen. Dazu sollen die unbemannten Flugkörper vermehrt nahe russischer Flughäfen präsent … [+4412 chars]",,de,'Bedrohung'
https://www.zeit.de/news/2026-09/04/ukraine-russische-drohne-attackiert-geheimdienstzentrale,https://www.zeit.de/news/2026-09/04/ukraine-russische-drohne-attackiert-geheimdienstzentrale,0,www.zeit.de,Ukraine-Krieg: Ukraine: Russische Drohne attackiert Geheimdienstzentrale,Hier finden Sie Informationen zu dem Thema „Ukraine-Krieg“. Lesen Sie jetzt „Ukraine: Russische Drohne attackiert Geheimdienstzentrale“.,https://img.zeit.de/news/2026-09/04/ukraine-russische-drohne-attackiert-geheimdienstzentrale-image-group/wide__1300x731,2026-09-04T13:38:13Z,,Eine russische Drohne hat das Hauptgebäude des ukrainischen Geheimdienstes SBU im Zentrum der Hauptstadt Kiew angegriffen. «Die Drohne zielte direkt auf das Arbeitszimmer des SBU-Leiters in diesem Ge… [+399 chars],,de,'Ukraine'
https://www.faz.net/aktuell/politik/ukraine/ukraine-liveticker-ukrainische-geheimdienstzentrale-von-russischer-drohne-getroffen-faz-110683325.html,https://www.faz.net/aktuell/politik/ukraine/ukraine-liveticker-ukrainische-geheimdienstzentrale-von-russischer-drohne-getroffen-faz-110683325.html,0,www.faz.net,Liveblog Ukrainekrieg: Ukrainische Geheimdienstzentrale von russischer Drohne getroffen,Mindestens fünf Verletzte bei Angriff auf SBU-Hauptquartier +++ Selenskyj kritisiert Zusammenstöße von Mittwoch und verspricht Aufklärung +++ Putin: Keine weitere Mobilisierung notwendig +++ alle Neuigkeiten im Liveblog,https://media0.faz.net/image/w1200h627/3afc061d7b0a/w5503h2875x0y397o/202609/43601.0.2512110015/rauch-ueber-kiew-die-sankt.webp,2026-09-04T13:47:02Z,,Vermummte und bewaffnete Sicherheitskräfte sind in Kiew kein seltener Anblick. Sie stehen zum Beispiel an Checkpoints vor dem abgeriegelten Regierungsviertel oder vor militärischen Liegenschaften. Da… [+4025 chars],,de,'Putin'
https://www.freitag.de/autoren/simon-zeise/august-pradetto-im-interview,https://www.freitag.de/autoren/simon-zeise/august-pradetto-im-interview,0,www.freitag.de,August Pradetto: „Ich traue solche Aktionen ebenso Kräften im Umfeld von Donald Trump zu“,Nach einem Drohnenvorfall in Leipzig macht die Bundesregierung Russland verantwortlich und schließt das Russische Haus in Berlin. Außenpolitikexperte Pradetto hält das für voreilig – und hat noch andere Verdächtige im Blick. Ein Gespräch Nach einem mutmaßlich…,https://www.freitag.de/autoren/simon-zeise/august-pradetto-im-interview/@@images/image/great,2026-09-04T14:53:00Z,,Nach einem mutmaßlichen Drohnenangriff auf ein Ziel in Leipzig macht die Bundesregierung Russland verantwortlich – und schließt das Russische Haus in Berlin sowie das russische Generalkonsulat in Bon… [+18305 chars],,de,'Bedrohung'
https://www.zeit.de/politik/ausland/2026-09/russische-drohne-kiew-sbu-geheimdienst-ukraine,https://www.zeit.de/politik/ausland/2026-09/russische-drohne-kiew-sbu-geheimdienst-ukraine,0,www.zeit.de,Krieg gegen die Ukraine: Russische Drohne trifft Geheimdienstzentrale in Kiew,"Im Hauptquartier des ukrainischen Inlandsgeheimdienstes SBU ist eine Drohne eingeschlagen. Präsident Wolodymyr Selenskyj kündigt eine »angemessene, spürbare« Reaktion an.",https://img.zeit.de/politik/ausland/2026-09/russische-drohne-kiew-sbu-geheimdienst-ukraine-foto-1/wide__1300x731,2026-09-04T14:57:15Z,,"Eine russische Drohne hat das Hauptquartier des ukrainischen Inlandsgeheimdienste SBU in Kiew getroffen. Die Drohne sei auf das Büro des Geheimdienstleiters gerichtet gewesen, schrieb der ukrainische… [+510 chars]",,de,'Ukraine'
https://www.freitag.de/autoren/sebastian-baehr/linke-clara-buenger-zu-drohnen-und-russland-wir-brauchen-belastbare-beweise,https://www.freitag.de/autoren/sebastian-baehr/linke-clara-buenger-zu-drohnen-und-russland-wir-brauchen-belastbare-beweise,0,www.freitag.de,Linke Clara Bünger zu Drohnen und Russland: „Wir brauchen belastbare Beweise“,"Drohnen über Leipzig, Brandanschläge und Cyberangriffe sorgen für Verunsicherung. Die Linke-Politikerin Clara Bünger kritisiert die Bundesregierung für fehlende Transparenz und warnt vor einer weiteren Eskalation Drohnen über Leipzig, Brandanschläge, Cyberang…",https://www.freitag.de/autoren/sebastian-baehr/linke-clara-buenger-zu-drohnen-und-russland-wir-brauchen-belastbare-beweise/@@images/image/great,2026-09-04T15:18:00Z,,"Drohnen über Leipzig, Brandanschläge, Cyberangriffe: In Deutschland wächst die Sorge vor Sabotage und möglicher Einflussnahme aus dem Ausland. Die Bundesregierung zeigt auf Russland, spricht von hybr… [+7571 chars]",,de,'Bedrohung'
https://www.n-tv.de/politik/Trump-tritt-Reise-nach-Irland-in-geschenkter-Boeing-747-an-id31270710.html,https://www.n-tv.de/politik/Trump-tritt-Reise-nach-Irland-in-geschenkter-Boeing-747-an-id31270710.html,0,www.n-tv.de,Ohne nötige Sicherheitsstandards: Trump tritt Reise nach Irland in geschenkter Boeing 747 an,"Donald Trump will mit dem umstrittenen Geschenk-Jet aus Katar nach Irland reisen. Doch trotz Umbaukosten in dreistelliger Millionenhöhe gibt es Sicherheitsbedenken. Eine frühere Reise zeigt, wie ernst das Weiße Haus das Risiko nimmt.",https://www.n-tv.de/img/31270716/1788534306/Img_16_9/1200/imago0859846426h.jpg,2026-09-04T15:19:13Z,,"Ohne nötige SicherheitsstandardsTrump tritt Reise nach Irland in geschenkter Boeing 747 an
Trump vor seinem Regierungsflieger - einem Geschenk aus Katar. (Foto: IMAGO/ZUMA Press Wire)
Donald Trump … [+3487 chars]",,de,'Bedrohung'
https://www.morgenpost.de/politik/article413061819/trump-nbc-reporterin-presse-krieg-usa-kristen-welker.html,https://www.morgenpost.de/politik/article413061819/trump-nbc-reporterin-presse-krieg-usa-kristen-welker.html,0,www.morgenpost.de,Trumps Krieg gegen die Presse erreicht eine neue gefährliche Stufe,Wegen zweier Worte fordert der Präsident Konsequenzen gegen NBC-Star-Moderatorin Kristen Welker. Das hat eine andere Qualität als bisherige Attacken.,https://img.sparknews.funkemedien.de/413022331/413022331_1788538192_v16_9_1600.jpeg,2026-09-04T16:09:52Z,,"Es sind nur zwei unspektakuläre Wörter, die Donald Trump in Rage versetzen: mixed results, gemischte Ergebnisse. Kristen Welker, Star-Moderatorin der NBC-Sendung Meet the Press, sagt sie am Sonntagmo… [+6907 chars]",,de,'Bedrohung'
https://www.bild.de/politik/inland/friedrich-merz-warum-jetzt-scharfschuetzen-seine-auftritte-sichern-6a9ab829dde98c9236181b85,https://www.bild.de/politik/inland/friedrich-merz-warum-jetzt-scharfschuetzen-seine-auftritte-sichern-6a9ab829dde98c9236181b85,0,www.bild.de,Massive Bewachung in Sachsen-Anhalt - Ist der Kanzler ohne Scharfschützen noch sicher?,"Scharfschützen sichern inzwischen Auftritte von Friedrich Merz. Erfahren Sie, warum die Polizei die Bedrohungslage für Spitzenpolitiker als zunehmend vielfältig und hoch einschätzt.","https://images.bild.de/6a9ab829dde98c9236181b85/01480b8cbae8bf4574edcfe513586289,4b81e8cd?w=1280",2026-09-04T16:59:06Z,,"TTS-Player überspringenArtikel weiterlesenBerlin Die Sicherheitslage in Deutschland ist zurzeit besonders kritisch: Vermehrt Sabotageakte (mutmaßlich) russischer Handschrift, beinahe täglich Anschläg… [+2255 chars]",,de,'Bedrohung'
https://www.welt.de/politik/deutschland/video6a9afaf708c763dcf81f4a37/hybride-angriffe-vorstaende-und-geschaeftsfuehrer-wissen-noch-zu-wenig-ueber-die-sicherheitspolitische-bedrohung.html,https://www.welt.de/politik/deutschland/video6a9afaf708c763dcf81f4a37/hybride-angriffe-vorstaende-und-geschaeftsfuehrer-wissen-noch-zu-wenig-ueber-die-sicherheitspolitische-bedrohung.html,0,www.welt.de,„Vorstände und Geschäftsführer wissen noch zu wenig über die sicherheitspolitische Bedrohung“,"Nach den jüngsten Sabotage-Aktionen mahnt Hans-Walter Borries, stellvertretender Vorstandsvorsitzender des BSKI e. V.,   zu einem stärkeren Schutz kritischer Infrastruktur. Neben zusätzlichen Investitionen fordert er mehr Befugnisse und klare Regeln für Betre…",https://images.welt.de/6a9afaf708c763dcf81f4a37/212e0084da31326686aa343e34802092/ci16x9-w1200/1788339093997-afp-c7472zq-jpg,2026-09-04T17:19:46Z,,"Nach den jüngsten Sabotage-Aktionen mahnt Hans-Walter Borries, stellvertretender Vorstandsvorsitzender des BSKI e. V., zu einem stärkeren Schutz kritischer Infrastruktur. Neben zusätzlichen Investiti… [+146 chars]",,de,'Bedrohung'
https://www.zeit.de/news/2026-09/04/selenskyj-us-vermittler-kommen-am-sonntag-nach-kiew,https://www.zeit.de/news/2026-09/04/selenskyj-us-vermittler-kommen-am-sonntag-nach-kiew,0,www.zeit.de,Ukraine-Krieg: Selenskyj: US-Vermittler kommen am Sonntag nach Kiew,Hier finden Sie Informationen zu dem Thema „Ukraine-Krieg“. Lesen Sie jetzt „Selenskyj: US-Vermittler kommen am Sonntag nach Kiew“.,https://img.zeit.de/news/2026-09/04/selenskyj-us-vermittler-kommen-am-sonntag-nach-kiew-image-group/wide__1300x731,2026-09-04T17:21:16Z,,"Der ukrainische Präsident Wolodymyr Selenskyj hat einen Besuch der US-Vermittler Steve Witkoff und Jared Kushner am Sonntag in Kiew angekündigt. Es sei heute besprochen worden, dass Steve Witkoff und… [+2134 chars]",,de,'Krieg'
https://www.sueddeutsche.de/politik/ukraine-krieg-newsblog-kushner-witkoff-kiew-li.3524928,https://www.sueddeutsche.de/politik/ukraine-krieg-newsblog-kushner-witkoff-kiew-li.3524928,0,www.sueddeutsche.de,Newsblog zum Ukraine-Krieg: Selenskij: US-Vermittler kommen am Sonntag nach Kiew,"Steve Witkoff und Jared Kushner haben seit 2025 mehrmals Moskau besucht, waren aber für ihre Vermittlungsbemühungen noch nie in Kiew.",https://www.sueddeutsche.de/2026/09/04/4680f665-00fb-4f27-9fba-f55a50407ed8.jpg?q=60&fm=webp&width=1200&rect=0%2C188%2C3523%2C1982,2026-09-04T17:39:00Z,,Dänische Behörden haben laut einem Bericht der Zeitung Berlingske Pläne und Vorbereitungen für russische Sabotage in Dänemark aufgedeckt. Unter den Zielen seien besonders Unternehmen in der Verteidig… [+1355 chars],,de,'Krieg'
https://www.bild.de/politik/ausland-und-internationales/tschechen-erwarten-krieg-in-europa-in-den-naechsten-20-jahren-6a9a8bcbdde98c9236181570,https://www.bild.de/politik/ausland-und-internationales/tschechen-erwarten-krieg-in-europa-in-den-naechsten-20-jahren-6a9a8bcbdde98c9236181570,0,www.bild.de,Bis 2045 - Tschechen erwarten Krieg in Europa,Ein neues Verteidigungspapier bis 2045 warnt vor einem steigenden Risiko schwerer Sicherheitskrisen und eines möglichen Angriffs auf Nato- und EU-Staaten.,"https://images.bild.de/6a9a8bcbdde98c9236181570/9a1352b4c480f8482a88bb6e6b70672e,2390d4a5?w=1280",2026-09-04T17:57:36Z,,TTS-Player überspringenArtikel weiterlesenPrag Tschechien bereitet sich auf einen möglichen Krieg in Europa vor! In einem neuen Verteidigungspapier warnt das Land: Das Risiko schwerer Sicherheitskris… [+2423 chars],,de,'Krieg'
https://www.zeit.de/news/2026-09/05/vorstoss-zu-ende-des-ukraine-kriegs-trump-schickt-vermittler,https://www.zeit.de/news/2026-09/05/vorstoss-zu-ende-des-ukraine-kriegs-trump-schickt-vermittler,0,www.zeit.de,Die Lage im Überblick: Vorstoß zu Ende des Ukraine-Kriegs? Trump schickt Vermittler,Hier finden Sie Informationen zu dem Thema „Die Lage im Überblick“. Lesen Sie jetzt „Vorstoß zu Ende des Ukraine-Kriegs? Trump schickt Vermittler“.,https://img.zeit.de/news/2026-09/05/vorstoss-zu-ende-des-ukraine-kriegs-trump-schickt-vermittler-image-group/wide__1300x731,2026-09-04T23:28:39Z,,In die Verhandlungen über ein Ende des Ukraine-Kriegs könnte unter Vermittlung der USA wieder Bewegung kommen. Der ukrainische Präsident Wolodymyr Selenskyj kündigte einen Besuch des US-Sondergesandt… [+4570 chars],,de,'Ukraine'
https://www.zeit.de/2026/38/russland-wirtschaft-krise-kriegswirtschaft-struktur-wladimir-putin,https://www.zeit.de/2026/38/russland-wirtschaft-krise-kriegswirtschaft-struktur-wladimir-putin,0,www.zeit.de,Russlands Wirtschaft: Das Codewort lautet: »Mobilisierung«,"Angesichts der Krise fordern russische Politiker, die Wirtschaft staatlich zu kontrollieren wie einst in der UdSSR. Erste Schritte zur Kommandowirtschaft wurden gemacht.",https://img.zeit.de/2026/38/unternehmen-an-die-front-bild-1/wide__1300x731,2026-09-05T04:03:13Z,,"Wenn es mit der russischen Wirtschaft schlecht läuft, tritt der oberste Befehlshaber ans Mikrofon und sagt: »Die Wirtschaft muss unbedingt auf einen stabilen Wachstumspfad zurückkehren!« So sprach Wl… [+742 chars]",,de,'Putin'
https://www.zeit.de/politik/deutschland/2026-09/afd-sachsen-anhalt-innenminister-georg-maier-russland-verfassungsschutz,https://www.zeit.de/politik/deutschland/2026-09/afd-sachsen-anhalt-innenminister-georg-maier-russland-verfassungsschutz,0,www.zeit.de,AfD in Sachsen-Anhalt: Landesminister warnt vor Gefahren für Infrastruktur bei AfD-Regierung,"Sollte die AfD in Sachsen-Anhalt regieren, könnten Daten an Russland gelangen, warnt Thüringens Innenminister Georg Maier. Die kritische Infrastruktur wäre in Gefahr.",https://img.zeit.de/politik/deutschland/2026-09/afd-sachsen-anhalt-innenminister-georg-maier-russland-verfassungsschutz-foto-1/wide__1300x731,2026-09-05T07:02:58Z,,"Thüringens Innenminister Georg Maier sieht wichtige Infrastruktur gefährdet, sollte die AfD in Sachsen-Anhalt künftig den Innenminister stellen. »Angesichts der aktuellen Angriffe auf unsere kritisch… [+733 chars]",,de,'Putin'
https://www.faz.net/aktuell/politik/inland/hacker-veroeffentlichen-sensible-daten-aus-berlin-bsi-warnt-201196182.html,https://www.faz.net/aktuell/politik/inland/hacker-veroeffentlichen-sensible-daten-aus-berlin-bsi-warnt-201196182.html,0,www.faz.net,Datenklau in Berlin: Erpresser veröffentlichen sensible Daten – BSI warnt vor erhörter Cyber-Bedrohung,Nach dem Hackerangriff auf das Berliner Landesnetz bleibt der Senat hart und zahlt kein Lösegeld. Die Erpresser machen ihre Drohung wahr – und veröffentlichen das Datenpaket.,https://media0.faz.net/image/w1200h627/74f5229823ab/w5535h2892x0y395o/202603/43601.0.1915689602/login-auf-dem-bildschirm-eines.webp,2026-09-05T07:47:48Z,,Im Erpressungsfall nach dem massiven Datendiebstahl im Berliner Landesnetz hat die kriminelle Hackergruppe Rhysida ihre Drohung wahr gemacht. Rund eine Stunde nach Ablauf des Ultimatums wurde das run… [+5056 chars],,de,'Bedrohung'
https://www.zeit.de/news/2026-09/05/selenskyj-russland-beschiesst-vor-us-besuch-kiewer-flughaefen,https://www.zeit.de/news/2026-09/05/selenskyj-russland-beschiesst-vor-us-besuch-kiewer-flughaefen,0,www.zeit.de,Vermittlungsmission: Selenskyj: Russland beschießt vor US-Besuch Kiewer Flughäfen,Hier finden Sie Informationen zu dem Thema „Vermittlungsmission“. Lesen Sie jetzt „Selenskyj: Russland beschießt vor US-Besuch Kiewer Flughäfen“.,https://img.zeit.de/news/2026-09/05/selenskyj-russland-beschiesst-vor-us-besuch-kiewer-flughaefen-image-group/wide__1300x731,2026-09-05T10:02:38Z,,Kurz vor dem erwarteten Besuch von US-Unterhändlern in Kiew haben die russischen Streitkräfte nach Angaben des ukrainischen Präsidenten Wolodymyr Selenskyj die Flughäfen der Hauptstadt beschossen. Di… [+1627 chars],,de,'Russland'
https://www.bild.de/politik/ausland-und-internationales/neue-ukraine-gespraeche-trumps-gesandte-in-moskau-gelandet-6a9be66b181cb962d4884726,https://www.bild.de/politik/ausland-und-internationales/neue-ukraine-gespraeche-trumps-gesandte-in-moskau-gelandet-6a9be66b181cb962d4884726,0,www.bild.de,Neue Ukraine-Gespräche - Trumps Gesandte in Moskau gelandet,Steve Witkoff und Jared Kushner sprechen in Moskau über einen Deal zum Ukraine-Krieg.,"https://images.bild.de/6a9be66b181cb962d4884726/0e9c749487ef34c10fc2f0962ccab003,3ed404fb?w=1280",2026-09-05T10:33:40Z,,TTS-Player überspringenArtikel weiterlesenMoskau/Berlin  Kommt jetzt doch noch Bewegung in die festgefahrenen Gespräche über ein Ende des russischen Angriffskriegs gegen die Ukraine? Die US-Unterhänd… [+2474 chars],,de,'Ukraine'
https://www.focus.de/politik/ausland/wir-haben-uns-geirrt-putin-stimmt-russen-auf-laengeren-benzinmangel-ein_c6902acd-2631-4466-915e-c1461686d588.html,https://www.focus.de/politik/ausland/wir-haben-uns-geirrt-putin-stimmt-russen-auf-laengeren-benzinmangel-ein_c6902acd-2631-4466-915e-c1461686d588.html,0,www.focus.de,„Wir haben uns geirrt“: Putin stimmt Russen auf längeren Benzinmangel ein,"In Russland wird Benzin vielerorts knapp. Nun räumt Wladimir Putin ein, dass der Staat auf die Angriffe auf Raffinerien nicht vorbereitet war.","https://quadro.burda-forward.de/ctf/551a3fe6-f930-4353-bcb1-16f7c50ffb74.663801a1-346b-4ace-b9d4-554e86ad469f.jpg?im=RegionOfInterestCrop=(1200,630),regionOfInterest=(1896,1001)&hash=8c1871143966e42e8a8220adfd36ad5b76e3efb3bb71a37c3c431f606b162c16",2026-09-05T10:41:00Z,,Russlands Präsident Wladimir Putin hat die Bevölkerung auf einen länger anhaltenden Benzinmangel eingestimmt. Die Behörden seien auf die ukrainischen Angriffe auf russische Ölraffinerien nicht vorber… [+2469 chars],,de,'Russland'
https://www.focus.de/politik/ausland/russland-wurde-an-einem-wunden-punkt-getroffen-ein-finnisches-unternehmen-profitiert-sofort-davon_e02e0e16-236b-4386-890a-edd54f0f89e2.html,https://www.focus.de/politik/ausland/russland-wurde-an-einem-wunden-punkt-getroffen-ein-finnisches-unternehmen-profitiert-sofort-davon_e02e0e16-236b-4386-890a-edd54f0f89e2.html,0,www.focus.de,Russland wurde an einem wunden Punkt getroffen. Ein finnisches Unternehmen profitiert sofort davon,Russlands Exportstopp macht Diesel auf dem Weltmarkt knapper und teurer. Davon profitiert der finnische Konzern Neste unmittelbar.,"https://quadro.burda-forward.de/ctf/65ae3c56-07df-4a8c-8b83-e34ab443f10d.6ae4b62d-57df-4fc5-ac12-f0f5b093c4f2.jpg?im=RegionOfInterestCrop=(1200,630),regionOfInterest=(1677,1443)&hash=75cc11d78c2b1a3a0d70ce42fc08b0ba825e72e5e2b7d4a9b8298eaf43043e5c",2026-09-05T10:43:00Z,,"Russland hat sein Exportverbot für Diesel bis zum 30. September verlängert. Für die finnische Kraftstofffirma Neste ist das ein Vorteil: Wenn Russland weniger Diesel auf den Weltmarkt liefert, wird d… [+2439 chars]",,de,'Russland'
https://www.focus.de/politik/ausland/ueber-den-malediven-flughafen-sollen-westliche-mikrochips-flugzeugteile-und-andere-sanktionierte-waren-nach-russland-gelangen_527690a7-b101-41e9-b52d-9850a5a050f7.html,https://www.focus.de/politik/ausland/ueber-den-malediven-flughafen-sollen-westliche-mikrochips-flugzeugteile-und-andere-sanktionierte-waren-nach-russland-gelangen_527690a7-b101-41e9-b52d-9850a5a050f7.html,0,www.focus.de,"Über den Malediven-Flughafen sollen westliche Mikrochips, Flugzeugteile und andere sanktionierte Waren nach Russland gelangen","Über den Flughafen der Malediven sollen westliche Mikrochips, Flugzeugteile und andere sanktionierte Waren nach Russland gelangen. Die Handelsroute wuchs 2022 auf mehr als 630 Millionen Dollar.","https://quadro.burda-forward.de/ctf/892fa0b4-c39a-45d2-aa20-f05c5a371212.056ce362-82d6-466f-8c1c-2ff72c9b02bf.png?im=RegionOfInterestCrop=(1200,630),regionOfInterest=(1092,724)&hash=2a43196b77795df83c0ae5034798dd4cb10fe67449702542e3524841b77d15c4",2026-09-05T10:44:00Z,,"Das Urlaubsparadies Malediven dient offenbar als Transitstrecke für sanktionierte Waren auf dem Weg nach Russland. Über den Flughafen der Hauptstadt Malé sollen Mikrochips, optische Geräte, Flugzeugt… [+3112 chars]",,de,'Russland'
https://www.n-tv.de/politik/Selenskyj-Russland-beschiesst-Kiewer-Flughaefen-vor-US-Besuch-id31272795.html,https://www.n-tv.de/politik/Selenskyj-Russland-beschiesst-Kiewer-Flughaefen-vor-US-Besuch-id31272795.html,0,www.n-tv.de,Ukraine droht mit Rache: Selenskyj: Russland beschießt Kiewer Flughäfen vor US-Besuch,Nach einem Stopp in Moskau sollen die US-Unterhändler Witkoff und Kushner am Sonntag nach Kiew kommen - entgegen der üblichen Praxis für Besucher per Flugzeug. Russland spielt vor einer möglichen neuen Friedensinitiative mit den Muskeln und nimmt die Flughäfe…,https://www.n-tv.de/img/31272828/1788611979/Img_16_9/1200/614760862.jpg,2026-09-05T10:55:07Z,,"Seit 2022 ruht der zivile Luftverkehr in der Ukraine. Nur selten gibt es Ausnahmen - so wie nun für Witkoff und Kushner. (Foto: picture alliance / abaca)
Nach einem Stopp in Moskau sollen die US-Unt… [+1982 chars]",,de,'Russland'
https://www.tagesschau.de/ausland/europa/ukraine-russland-witkoff-kushner-100.html,https://www.tagesschau.de/ausland/europa/ukraine-russland-witkoff-kushner-100.html,0,www.tagesschau.de,US-Sondergesandte Witkoff und Kushner zu Gesprächen in Moskau angekommen,Neuer Anlauf in den US-Vermittlungen zwischen Russland und der Ukraine: Die Sondergesandten Kushner und Witkoff sind in Moskau gelandet. Morgen geht es für Gespräche nach Kiew. Die gegenseitigen Angriffe gehen derweil weiter.,https://images.tagesschau.de/image/6306b762-a84c-49cb-a047-ef80b89f0ba7/AAABoHEly5E/AAABnSSvrFg/16x9-big/kushner-witkoff-moskau-100.jpg?width=1280,2026-09-05T10:55:56Z,,"Stand: 05.09.2026 12:55 Uhr
Neuer Anlauf in den US-Vermittlungen zwischen Russland und der Ukraine: Die Sondergesandten Kushner und Witkoff sind in Moskau gelandet. Morgen geht es für Gespräche nach… [+5321 chars]",,de,'Ukraine'
https://www.zeit.de/news/2026-09/05/us-unterhaendler-in-moskau-treffen-mit-putin-geplant,https://www.zeit.de/news/2026-09/05/us-unterhaendler-in-moskau-treffen-mit-putin-geplant,0,www.zeit.de,Ukraine-Krieg: US-Unterhändler in Moskau - Treffen mit Putin geplant,Hier finden Sie Informationen zu dem Thema „Ukraine-Krieg“. Lesen Sie jetzt „US-Unterhändler in Moskau - Treffen mit Putin geplant“.,https://img.zeit.de/news/2026-09/05/us-unterhaendler-in-moskau-treffen-mit-putin-geplant-image-group/wide__1300x731,2026-09-05T11:05:16Z,,Die Unterhändler von US-Präsident Donald Trump zum Ukraine-Krieg sind für Gespräche mit dem russischen Staatschef Wladimir Putin in Moskau eingetroffen. Die staatliche russische Nachrichtenagentur Ta… [+585 chars],,de,'Putin'
https://www.tagesspiegel.de/internationales/dpa-verhandlungen-16021136.html,https://www.tagesspiegel.de/internationales/dpa-verhandlungen-16021136.html,0,www.tagesspiegel.de,Verhandlungen: Ukraine-Krieg: Putin beginnt Gespräche mit US-Unterhändlern,"Kremlchef Putin lässt die US-Gesandten Witkoff und Kushner fast den ganzen Tag warten in Moskau. Nun gibt es neue Gespräche, die zuerst der ukrainische Präsident Selenskyj angekündigt hat.",https://www.tagesspiegel.de/images/16021694/alternates/BASE_16_9_W1400/1788628341000/ukraine-krieg-witkoff-in-moskau.jpeg,2026-09-05T11:06:25Z,,In Moskau haben am Abend die kurzfristig anberaumten neuen Gespräche zum Ukraine-Krieg zwischen Kremlchef Wladimir Putin und den US-Unterhändlern Steve Witkoff und Jared Kushner begonnen. Putin empfi… [+2081 chars],,de,'Russland'
https://www.tagesspiegel.de/internationales/dpa-vermittlungsmission-16021136.html,https://www.tagesspiegel.de/internationales/dpa-vermittlungsmission-16021136.html,0,www.tagesspiegel.de,Vermittlungsmission: US-Unterhändler für Gespräche über Ukraine-Krieg in Moskau,"Nach einer monatelangen Pause kümmern sich die USA wieder um den Krieg in der Ukraine. Trumps Gesandte wollen mit beiden Seiten sprechen. Doch die sehen auch Gründe, weiterzukämpfen.",https://www.tagesspiegel.de/images/16021396/alternates/BASE_16_9_W1400/1788613397000/ukraine-krieg-witkoff-in-moskau.jpeg,2026-09-05T11:06:25Z,,"Die USA nehmen nach einer Pause ihre Vermittlungsversuche für ein Ende des Ukraine-Kriegs wieder auf. Die Unterhändler von Präsident Donald Trump, Steve Witkoff und Jared Kushner, trafen für ein Gesp… [+4182 chars]",,de,'Ukraine'
https://www.focus.de/politik/selenskyj-russland-schiesst-kurz-vor-us-besuch-auf-flughaefen_60e8328b-6120-4e5a-b9e7-215c599e6ca0.html,https://www.focus.de/politik/selenskyj-russland-schiesst-kurz-vor-us-besuch-auf-flughaefen_60e8328b-6120-4e5a-b9e7-215c599e6ca0.html,0,www.focus.de,Selenskyj: Russland schießt kurz vor US-Besuch auf Flughäfen,Kurz vor dem erwarteten Besuch von US-Unterhändlern in Kiew haben die russischen Streitkräfte nach Angaben des ukrainischen Präsidenten Wolodymyr Selenskyj die Flughäfen der Hauptstadt beschossen.,"https://quadro.burda-forward.de/ctf/61b301c1-83b6-4826-b413-bdf51221d555.61fc3194-a1be-4f9b-b126-599d78c4bb29.jpg?im=RegionOfInterestCrop=(1200,630),regionOfInterest=(619,495)&hash=5f49e8721a1847906eb7ff731501bf67a5f93b154527bd756f6af4800475be8f",2026-09-05T11:10:00Z,,"Die Flughäfen Schuljany und Boryspil seien demonstrativ zum ersten Mal seit einiger Zeit angegriffen worden, schrieb er in den sozialen Netzwerken.
Selenskyj unterstellte, dass Moskau damit Unsicher… [+1782 chars]",,de,'Russland'
https://www.bild.de/politik/ausland-und-internationales/bis-2045-tschechien-erwartet-krieg-in-europa-6a9a8bcbdde98c9236181570,https://www.bild.de/politik/ausland-und-internationales/bis-2045-tschechien-erwartet-krieg-in-europa-6a9a8bcbdde98c9236181570,0,www.bild.de,Bis 2045 - Tschechien erwartet Krieg in Europa,Ein neues Verteidigungspapier bis 2045 warnt vor einem steigenden Risiko schwerer Sicherheitskrisen und eines möglichen Angriffs auf Nato- und EU-Staaten.,"https://images.bild.de/6a9a8bcbdde98c9236181570/9a1352b4c480f8482a88bb6e6b70672e,2390d4a5?w=1280",2026-09-05T11:19:07Z,,TTS-Player überspringenArtikel weiterlesenPrag Tschechien bereitet sich auf einen möglichen Krieg in Europa vor! In einem neuen Verteidigungspapier warnt das Land: Das Risiko schwerer Sicherheitskris… [+2425 chars],,de,'Krieg'
https://www.sueddeutsche.de/politik/ukraine-krieg-newsblog-kushner-witkoff-kiew-moskau-li.3524928,https://www.sueddeutsche.de/politik/ukraine-krieg-newsblog-kushner-witkoff-kiew-moskau-li.3524928,0,www.sueddeutsche.de,Newsblog zum Ukraine-Krieg: US-Unterhändler in Moskau - Treffen mit Putin geplant,Witkoff und Kushner nehmen für die USA die Vermittlung für ein Ende des Kriegs in der Ukraine wieder auf. Nach dem Besuch in Russland soll erstmals auch ein Gespräch in Kiew folgen.,https://www.sueddeutsche.de/2026/09/04/4680f665-00fb-4f27-9fba-f55a50407ed8.jpg?q=60&fm=webp&width=1200&rect=0%2C188%2C3523%2C1982,2026-09-05T11:19:24Z,,Vor der Inselgruppe Spitzbergen ist ein russisches Schiff von norwegischen Behörden beschlagnahmt worden. Der staatliche ukrainische Energiekonzern Naftogaz hatte zuvor einen entsprechenden Antrag ge… [+1346 chars],,de,'Krieg'
https://www.diepresse.com/41233164/armin-laschet-dass-sie-mit-herrn-kickl-befreundet-ist-macht-die-afd,https://www.diepresse.com/41233164/armin-laschet-dass-sie-mit-herrn-kickl-befreundet-ist-macht-die-afd,0,www.diepresse.com,"Armin Laschet: „Dass sie mit Herrn Kickl befreundet ist, macht die AfD nicht sympathischer“ [premium]","Die AfD steht in Sachsen-Anhalt vor einem historischen Erfolg, die CDU unter massivem Druck: Ex-Kanzlerkandidat Armin Laschet spricht im Interview mit der „Presse“ über die bröckelnde Brandmauer, den angezählten Kanzler Friedrich Merz und Deutschlands Angst v…",https://img.diepresse.com/public/incoming/irjqdl-05a4681jpg/alternates/WEBP_WIDE_1200/_05A4681.jpg,2026-09-05T11:20:04Z,,"Die AfD liegt vor der Landtagswahl in Sachsen-Anhalt am Sonntag in Umfragen bei rund 40 Prozent, die CDU abgeschlagen dahinter. Ist die Strategie der Brandmauer gescheitert?Armin Laschet: Ich glaube,… [+13462 chars]",,de,'Russland'
https://www.n-tv.de/politik/US-Gesandte-Witkoff-und-Kushner-fahren-im-Konvoi-zu-Putin-id31272865.html,https://www.n-tv.de/politik/US-Gesandte-Witkoff-und-Kushner-fahren-im-Konvoi-zu-Putin-id31272865.html,0,www.n-tv.de,Unterhändler landen in Moskau: US-Gesandte Witkoff und Kushner fahren im Konvoi zu Putin,"Nächster Stopp: Wladimir Putin. Die US-Unterhändler für die russisch-ukrainischen Friedensverhandlungen sind in Moskau gelandet. In wenigen Stunden dürfte Klarheit herrschen, ob Jared Kushner und Steve Witkoff neuen Schwung in die festgefahrenen Verhandlungen…",https://www.n-tv.de/img/31272885/1788613830/Img_16_9/1200/2026-09-05T104317Z_1425676026_RC2YCNARSQBP_RTRMADP_3_UKRAINE-CRISIS-RUSSIA-USA.jpg,2026-09-05T11:20:22Z,,"Der unübersehbare Konvoi hat das Interesse der Moskauer Anwohner erregt. (Foto: REUTERS)
Nächster Stopp: Wladimir Putin. Die US-Unterhändler für die russisch-ukrainischen Friedensverhandlungen sind … [+2730 chars]",,de,'Putin'
https://www.sueddeutsche.de/politik/radfahren-eiserner-vorhang-russland-li.3541564,https://www.sueddeutsche.de/politik/radfahren-eiserner-vorhang-russland-li.3541564,0,www.sueddeutsche.de,Krise mit Russland: Die „Eisernen Veteranen“ und die Rückkehr der Geschichte,"Jetzt, wo ein neuer kalter Krieg  in Europa droht, setzen Rennradfahrer, die noch im Krieg geboren wurden, ein Zeichen. Sie radeln den Eisernen Vorhang ab. Und haben zwei Botschaften.",https://www.sueddeutsche.de/2026/09/04/4d107780-0d25-4d0f-a649-52027b65c4a2.jpg?q=60&fm=webp&width=1200&rect=0%2C208%2C4000%2C2250,2026-09-05T11:31:20Z,,"Es ist sicher zielgruppenadäquat. Der Hauptsponsor des wohl ältesten Rennradteams der Welt ist ein Pharmaunternehmen für Herz-Kreislauf-Mittel. Herbert Lackner, 85 Jahre alter Österreicher, steht, di… [+309 chars]",,de,'Russland'
https://www.nzz.ch/international/krieg-in-der-ukraine-putin-kuendigt-dreitaegige-waffenruhe-fuer-kiew-an-us-unterhaendler-kushner-und-witkoff-zu-besuch-in-moskau-ld.10021245,https://www.nzz.ch/international/krieg-in-der-ukraine-putin-kuendigt-dreitaegige-waffenruhe-fuer-kiew-an-us-unterhaendler-kushner-und-witkoff-zu-besuch-in-moskau-ld.10021245,0,www.nzz.ch,LIVE-TICKER - Krieg in der Ukraine: Putin kündigt dreitägige Waffenruhe für Kiew an +++ US-Unterhändler Kushner und Witkoff zu Besuch in Moskau,Seit über vier Jahren führt Russland Krieg gegen die Ukraine. Die wichtigsten News und aktuelle Entwicklungen im Liveticker.,"https://img-msp-prod.nzz.ch/2026/09/05/a08ee85b-f42c-4045-bad4-dc481fb795db.jpg?width=960&height=540&fit=bounds&quality=75&auto=webp&crop=960,540,x0,y191",2026-09-05T12:18:43Z,,Nach den von Russland ausgelösten Explosionen in einem Munitionsdepot nahe der ukrainischen Hauptstadt Kiew ist die Zahl der Toten weiter gestiegen. Von nunmehr 38 Toten und noch 4 Vermissten sprach … [+1142 chars],,de,'Russland'
https://www.faz.net/aktuell/politik/ukraine/ukraine-liveticker-putin-ordnet-dreitaegige-pause-fuer-angriffe-auf-kiew-an-faz-110683325.html,https://www.faz.net/aktuell/politik/ukraine/ukraine-liveticker-putin-ordnet-dreitaegige-pause-fuer-angriffe-auf-kiew-an-faz-110683325.html,0,www.faz.net,Liveblog Ukrainekrieg: Putin ordnet dreitägige Pause für Angriffe auf Kiew an,US-Sondergesandte Witkoff und Kushner in Moskau +++ Kreml-Sprecher begründet Feuerpause mit geplantem Besuch der Amerikaner in Kiew +++ alle Neuigkeiten im Liveblog,https://media0.faz.net/image/w1200h627/6ba1b850d290/w2248h1174x0y174o/202609/43601.0.2514951404/ein-konvoi-in-dem-steve.webp,2026-09-05T12:49:37Z,,Vermummte und bewaffnete Sicherheitskräfte sind in Kiew kein seltener Anblick. Sie stehen zum Beispiel an Checkpoints vor dem abgeriegelten Regierungsviertel oder vor militärischen Liegenschaften. Da… [+4025 chars],,de,'Ukraine'
https://www.faz.net/aktuell/politik/berlin-sucht-antworten-auf-russlands-hybride-eskalation-accg-201175986.html,https://www.faz.net/aktuell/politik/berlin-sucht-antworten-auf-russlands-hybride-eskalation-accg-201175986.html,0,www.faz.net,Russland abschrecken: Paragraphen als Waffe,"Deutschland will Russland von weiteren Angriffen abhalten. Um die Schattentanker in der Ostsee zu stoppen, könnte ein Mittel zum Einsatz kommen, das weltweit berüchtigt ist: die deutsche Bürokratie.",https://media0.faz.net/image/w1200h627/73f729711674/w6144h3210x0y443o/202609/43601.0.2493560134/aussenminister-johann-wadephul.webp,2026-09-05T13:09:21Z,,Für die Bundesregierung stand in dieser Woche eines fest: Der Drohnenangriff auf den Flughafen Leipzig/Halle vom 4. August war ein Angriff Russlands. Außenminister Johann Wadephul und Innenminister A… [+12472 chars],,de,'Russland'
https://www.n-tv.de/politik/Putin-kuendigt-dreitaegige-Pause-von-Angriffen-auf-Kiew-an-id31273063.html,https://www.n-tv.de/politik/Putin-kuendigt-dreitaegige-Pause-von-Angriffen-auf-Kiew-an-id31273063.html,0,www.n-tv.de,Für Reise von US-Delegation: Putin kündigt dreitägige Pause von Angriffen auf Kiew an,"Die russischen Angriffe auf die ukrainische Hauptstadt werden nach Kreml-Angaben ab Mitternacht für drei Tage eingestellt. Die beschränkte Feuerpause hängt mit der Reise der beiden US-Unterhändler Witkoff und Kushner zusammen, die nach Kiew reisen werden.",https://www.n-tv.de/img/31273044/1788620280/Img_16_9/1200/616991761.jpg,2026-09-05T13:11:15Z,,"Putin empfängt Kushner und Witkoff in Moskau. (Foto: picture alliance / TASS)
Die russischen Angriffe auf die ukrainische Hauptstadt werden nach Kreml-Angaben ab Mitternacht für drei Tage eingestell… [+2074 chars]",,de,'Russland'
https://orf.at/stories/3441300/,https://orf.at/stories/3441300/,0,orf.at,Putin setzt für drei Tage Angriffe auf Kiew aus,"Der russische Staatschef Wladimir Putin hat wegen des Besuchs von US-Unterhändlern einen dreitägigen Stopp der Luftangriffe auf die ukrainische Hauptstadt Kiew angeordnet. Das teilte Kreml-Sprecher Dmitri Peskow in Moskau mit, wie die staatliche Nachrichtenag…",https://ibs.orf.at/news?image=https%3A%2F%2Fassets.orf.at%2Fmims%2F2026%2F36%2F29%2Fcrops%2Fw%3D1200%2Ch%3D630%2Cq%3D75%2F3172855_master_1230329_ukraine_russland_usa_besuch_putin_afp.jpg%3Fs%3Debb50e81eba7c70f372e610c542f1fbe066bb75e,2026-09-05T13:15:14Z,,"Peskow bestätigte, dass Putin am Samstag den US-Sondergesandten Steve Witkoff und den Schwiegersohn von US-Präsident Donald Trump, Jared Kushner, empfangen werde.
Die Ukraine hatte zugesagt, wegen d… [+4244 chars]",,de,'Putin'
https://www.derstandard.at/story/3000000338555/witkoff-und-kushner-zu-gespraechen-in-moskau-waehrend-fuer-drei-tage-waffenruhe-gelten-soll,https://www.derstandard.at/story/3000000338555/witkoff-und-kushner-zu-gespraechen-in-moskau-waehrend-fuer-drei-tage-waffenruhe-gelten-soll,0,www.derstandard.at,"Witkoff und Kushner zu Gesprächen in Moskau, während für drei Tage Waffenruhe gelten soll","Die US-Vertreter haben einen Vorschlag nach Russland mitgebracht, über den allerdings bisher nichts bekannt ist. Im Hintergrund könnte es Donald Trump um den Iran gehen",https://i.ds.at/gnR--A/rs:fill:1200:600/plain/lido-images/2026/09/05/11400005-1611-4041-a412-e0f56918e5c0.jpg,2026-09-05T13:29:05Z,,"Kirill Dmitrijew (Mitte), Wladimir Putins Chefunterhändler in Sachen Ukraine, postete dieses Foto in sozialen Medien mit Jared Kushner (links) und Steve Witkoff (rechts), die aus den USA einen Vorsch… [+897 chars]",,de,'Russland'
https://www.focus.de/politik/russland-will-kiew-drei-tage-nicht-angreifen_77fb4325-3d6e-42fa-860a-f0d39f440f12.html,https://www.focus.de/politik/russland-will-kiew-drei-tage-nicht-angreifen_77fb4325-3d6e-42fa-860a-f0d39f440f12.html,0,www.focus.de,Russland will Kiew drei Tage nicht angreifen,Der russische Staatschef Wladimir Putin hat wegen des Besuchs von US-Unterhändlern einen dreitägigen Stopp der Luftangriffe auf die ukrainische Hauptstadt Kiew angeordnet.,"https://quadro.burda-forward.de/ctf/551a3fe6-f930-4353-bcb1-16f7c50ffb74.663801a1-346b-4ace-b9d4-554e86ad469f.jpg?im=RegionOfInterestCrop=(1200,630),regionOfInterest=(1896,1001)&hash=8c1871143966e42e8a8220adfd36ad5b76e3efb3bb71a37c3c431f606b162c16",2026-09-05T13:33:00Z,,"Das teilte Kremlsprecher Dmitri Peskow in Moskau mit, wie die staatliche Nachrichtenagentur Tass meldete. Die Angriffspause gelte mit Tagesbeginn des Sonntags für drei Tage.
Peskow bestätigte, dass … [+2393 chars]",,de,'Russland'
https://www.tagesspiegel.de/politik/klar-unbestreitbar-gerichtsfest-merz-bekraftigt-russlands-verantwortung-fur-den-anschlag-von-leipzig-16021435.html,https://www.tagesspiegel.de/politik/klar-unbestreitbar-gerichtsfest-merz-bekraftigt-russlands-verantwortung-fur-den-anschlag-von-leipzig-16021435.html,0,www.tagesspiegel.de,"„Klar, unbestreitbar, gerichtsfest“: Merz bekräftigt Russlands Verantwortung für den Anschlag von Leipzig","Deutschland sei entschlossen, sein Territorium zu verteidigen, betonte Friedrich Merz vor Parteifreunden. Auch die Unterstützung der Ukraine werde fortgesetzt.",https://www.tagesspiegel.de/images/16021443/alternates/BASE_16_9_W1400/1788614614000/kanzler-merz-zu-besuch-bei-cdu-niedersachsen.jpeg,2026-09-05T13:44:20Z,,Der Flughafen Leipzig/Halle ist bei dem Anschlag auf eine ukrainische Frachtmaschine Anfang August nach Angaben von Kanzler Friedrich Merz nur knapp einer Katastrophe entgangen. Wir haben diesen Vorf… [+1345 chars],,de,'Russland'
https://www.diepresse.com/41233894/putin-ordnet-dreitaegige-feuerpause-an-usa-starten-neuen-im-ukraine,https://www.diepresse.com/41233894/putin-ordnet-dreitaegige-feuerpause-an-usa-starten-neuen-im-ukraine,0,www.diepresse.com,Putin ordnet dreitägige Feuerpause an: USA starten neuen Vermittlungsversuch im Ukraine-Krieg [premium],Die US-Unterhändler Steve Witkoff und Jared Kushner trafen in Moskau zu Gesprächen mit Präsident Wladimir Putin ein. Danach sollen sie nach Kiew zu Präsident Selenskyj weiterreisen. Putin ordnet dreitägige Feuerpause an.,https://img.diepresse.com/public/incoming/blolvx-afpc7f23wfjpg/alternates/WEBP_WIDE_1200/AFP_C7F23WF.jpg,2026-09-05T14:12:10Z,,"Moskau/Kiew. In Russland und der Ukraine keimt zarte Hoffnung auf Frieden auf. Doch so wirklich glaubt kaum jemand daran. Es scheint eher so zu sein, dass sowohl die Staatsführung in Moskau als auch … [+2762 chars]",,de,'Ukraine'
https://www.n-tv.de/wirtschaft/Europa-haengt-am-russischen-LNG-Hahn-dreht-die-Ukraine-ihn-ab-id31265765.html,https://www.n-tv.de/wirtschaft/Europa-haengt-am-russischen-LNG-Hahn-dreht-die-Ukraine-ihn-ab-id31265765.html,0,www.n-tv.de,Putins verwundbare Gasflotte: Europa hängt am russischen LNG-Hahn - dreht die Ukraine ihn ab?,Im Sommer verwandelt die Ukraine Russlands wichtigste Geldquelle in eine strategische Schwachstelle: das Ölgeschäft. Dasselbe könnte sie mit russischen LNG-Lieferungen machen. 15 Tanker halten den Export am Laufen. Sie rücken in Reichweite. Doch es gibt ein P…,https://www.n-tv.de/img/31265771/1788439979/Img_16_9/1200/387773714.jpg,2026-09-05T14:14:38Z,,"Für LNG-Lieferungen aus dem hohen Norden sind ebenso teure wie seltene Tanker der Eisklasse nötig. (Foto: picture alliance/dpa/TASS)
Im Sommer verwandelt die Ukraine Russlands wichtigste Geldquelle … [+6822 chars]",,de,'Gas'
https://www.zeit.de/news/2026-09/05/merz-an-russland-fest-entschlossen-uns-zu-verteidigen,https://www.zeit.de/news/2026-09/05/merz-an-russland-fest-entschlossen-uns-zu-verteidigen,0,www.zeit.de,"Drohnen-Angriff: Merz an Russland: «Fest entschlossen, uns zu verteidigen»","Hier finden Sie Informationen zu dem Thema „Drohnen-Angriff“. Lesen Sie jetzt „Merz an Russland: «Fest entschlossen, uns zu verteidigen»“.",https://img.zeit.de/news/2026-09/05/merz-an-russland-fest-entschlossen-uns-zu-verteidigen-image-group/wide__1300x731,2026-09-05T14:51:15Z,,"Nach dem gescheiterten Drohnen-Angriff auf den Leipziger Flughafen hat Bundeskanzler Friedrich Merz eindringlich gefordert, die «hybride Kriegsführung» gegen Deutschland zu stoppen. «Jeder, der uns a… [+2031 chars]",,de,'Bedrohung'
https://www.faz.net/aktuell/politik/ukraine/ukraine-liveticker-selenskyj-will-angriffe-auf-moskau-bis-montagabend-aussetzen-faz-110683325.html,https://www.faz.net/aktuell/politik/ukraine/ukraine-liveticker-selenskyj-will-angriffe-auf-moskau-bis-montagabend-aussetzen-faz-110683325.html,0,www.faz.net,Liveblog Ukrainekrieg: Selenskyj will Angriffe auf Moskau bis Montagabend aussetzen,Zuvor hatte Putin eine dreitägige Pause für Angriffe auf Kiew angeordnet +++ US-Sondergesandte Witkoff und Kushner in Moskau +++ alle Neuigkeiten im Liveblog,https://media0.faz.net/image/w1200h627/6ba1b850d290/w2248h1174x0y174o/202609/43601.0.2514951404/ein-konvoi-in-dem-steve.webp,2026-09-05T15:34:06Z,,Vermummte und bewaffnete Sicherheitskräfte sind in Kiew kein seltener Anblick. Sie stehen zum Beispiel an Checkpoints vor dem abgeriegelten Regierungsviertel oder vor militärischen Liegenschaften. Da… [+4025 chars],,de,'Ukraine'
https://www.focus.de/kultur/kino-tv/derbe-existenzaengste-gruender-hoffen-bei-die-hoehle-der-loewen-nach-jahren-ohne-erfolg-auf-hilfe_d2e26d0e-ab53-4e52-97ef-042f973b8426.html,https://www.focus.de/kultur/kino-tv/derbe-existenzaengste-gruender-hoffen-bei-die-hoehle-der-loewen-nach-jahren-ohne-erfolg-auf-hilfe_d2e26d0e-ab53-4e52-97ef-042f973b8426.html,0,www.focus.de,„Derbe Existenzängste”: Gründer hoffen bei „Die Höhle der Löwen” nach Jahren ohne Erfolg auf Hilfe,Elke und Marlon Osthoff sorgen in der ersten Folge der neuen Staffel von „Die Höhle der Löwen“ für große Emotionen. Am Ende erhalten sie ein besonderes Angebot.,"https://quadro.burda-forward.de/ctf/19c43552-f7cb-424a-9238-03927fe576a0.4ef48014-a860-47d6-b1fc-7785139db3e5.jpeg?im=RegionOfInterestCrop=(1200,630),regionOfInterest=(680,383)&hash=2acb115d2b819a21c9416ff1f1ee5f234d73d8711781164bf55f8250b7286ed3",2026-09-05T17:23:00Z,,"Für Elke und Marlon Osthoff steht bei ihrem Auftritt in Die Höhle der Löwen enorm viel auf dem Spiel. Seit 30 Jahren gibt es ihre Erfindung Piesel Piepser, die Kindern dabei helfen soll, trocken zu w… [+3442 chars]",,de,'Existenzängste'
https://www.faz.net/aktuell/politik/ukraine/ukraine-liveticker-putin-empfaengt-us-gesandte-witkoff-und-kushner-faz-110683325.html,https://www.faz.net/aktuell/politik/ukraine/ukraine-liveticker-putin-empfaengt-us-gesandte-witkoff-und-kushner-faz-110683325.html,0,www.faz.net,Liveblog Ukrainekrieg: Putin empfängt US-Gesandte,Witkoff und Kushner in Moskau +++ Selenskyj erwartet US-Gesandte am Sonntag in Kiew +++ alle Neuigkeiten im Liveblog,https://media0.faz.net/image/w1200h627/b1026a679778/w3381h1766x0y86o/202609/43601.0.2516330232/der-konvoi-in-dem-die-us.webp,2026-09-05T17:28:12Z,,Vermummte und bewaffnete Sicherheitskräfte sind in Kiew kein seltener Anblick. Sie stehen zum Beispiel an Checkpoints vor dem abgeriegelten Regierungsviertel oder vor militärischen Liegenschaften. Da… [+4025 chars],,de,'Putin'
https://www.tagesschau.de/ausland/europa/witkoff-kushner-treffen-putin-100.html,https://www.tagesschau.de/ausland/europa/witkoff-kushner-treffen-putin-100.html,0,www.tagesschau.de,US-Sondergesandte Witkoff und Kushner treffen Putin in Moskau,"Mit einer ""Idee für den Frieden"" sind die US-Sondergesandten Witkoff und Kushner nach Russland gereist und dort von Präsident Putin empfangen worden. Details des Friedensplans bleiben unbekannt - als nächstes wird er in Kiew vorgestellt.",https://images.tagesschau.de/image/32a0ad20-ce64-46b0-ac00-166040620a87/AAABoHNETuA/AAABnSSvrFg/16x9-big/putin-witkoff-kushner-100.jpg?width=1280,2026-09-05T20:42:55Z,,"Stand: 05.09.2026 22:42 Uhr
Mit einer ""Idee für den Frieden"" sind die US-Sondergesandten Witkoff und Kushner nach Russland gereist und dort von Präsident Putin empfangen worden. Details des Friedens… [+3329 chars]",,de,'Putin'
https://www.faz.net/aktuell/politik/ukraine/ukraine-liveticker-us-gesandte-reisen-nach-treffen-mit-putin-nach-kiew-faz-110683325.html,https://www.faz.net/aktuell/politik/ukraine/ukraine-liveticker-us-gesandte-reisen-nach-treffen-mit-putin-nach-kiew-faz-110683325.html,0,www.faz.net,Liveblog Ukrainekrieg: US-Gesandte reisen nach Treffen mit Putin nach Kiew,Weißes Haus und Kreml äußern sich positiv zu Gesprächen in Moskau +++ Selenskyj erwartet US-Gesandte am Sonntag in Kiew +++ Angriffe auf Kiew und Moskau sollen jeweils für kurze Zeit ausgesetzt werden +++ alle Neuigkeiten im Liveblog,https://media0.faz.net/image/w1200h627/b66ce9a0f684/w3863h2018x0y218o/202609/43601.0.2516839125/kremlchef-putin-m-im-gespraech.webp,2026-09-06T02:15:00Z,,Vermummte und bewaffnete Sicherheitskräfte sind in Kiew kein seltener Anblick. Sie stehen zum Beispiel an Checkpoints vor dem abgeriegelten Regierungsviertel oder vor militärischen Liegenschaften. Da… [+4025 chars],,de,'Putin'
https://www.zeit.de/politik/ausland/2026-09/us-sondergesandte-jared-kushner-steve-witkoff-wladimir-putin-wolodymyr-selenskyj-russland-ukraine,https://www.zeit.de/politik/ausland/2026-09/us-sondergesandte-jared-kushner-steve-witkoff-wladimir-putin-wolodymyr-selenskyj-russland-ukraine,0,www.zeit.de,US-Sondergesandte: US-Sondergesandte Kushner und Witkoff reisen erstmals nach Kyjiw,Nach Gesprächen mit Putin in Moskau trifft sich das US-Verhandlungsduo heute mit Selenskyj. Angeblich haben sie »neue Ideen« für eine Lösung des Konflikts im Gepäck.,https://img.zeit.de/politik/ausland/2026-09/ukraine-krieg-putin-beginnt-gespraeche-mit-us-unterhaendlern-bild/wide__1300x731,2026-09-06T02:36:31Z,,Die US-Sondergesandten Jared Kushner und Steve Witkoff sind nach Gesprächen mit Russlands Präsident Wladimir Putin in die Ukraine weitergereist. Dort wollen sie heute den ukrainischen Präsidenten Wol… [+3155 chars],,de,'Putin'
https://www.tagesschau.de/ausland/europa/ukraine-russland-usa-verhandlungen-102.html,https://www.tagesschau.de/ausland/europa/ukraine-russland-usa-verhandlungen-102.html,0,www.tagesschau.de,Witkoff und Kushner erstmals in Kiew erwartet,In Moskau hatten sie sich mit Kremlchef Putin getroffen und mit ihm über ein Ende des Ukraine-Kriegs verhandelt. Nun kommen die US-Gesandten Witkoff und Kushner nach Kiew - auf einem ungewöhnlichen Weg.,https://images.tagesschau.de/image/365bdc88-a99f-4d81-bd8d-a736f1eb4e4b/AAABoHSnfdk/AAABnSSvrFg/16x9-big/witkoff-kushner-putin-100.jpg?width=1280,2026-09-06T02:58:49Z,,"Stand: 06.09.2026 04:58 Uhr
In Moskau hatten sie sich mit Kremlchef Putin getroffen und mit ihm über ein Ende des Ukraine-Kriegs verhandelt. Nun kommen die US-Gesandten Witkoff und Kushner nach Kiew… [+1957 chars]",,de,'Putin'
https://www.zeit.de/politik/ausland/2026-09/ukraine-krieg-drohne-russland-moskau-steve-witkoff-jared-kushner,https://www.zeit.de/politik/ausland/2026-09/ukraine-krieg-drohne-russland-moskau-steve-witkoff-jared-kushner,0,www.zeit.de,Ukraine-Krieg: Drohnenangriffe gehen trotz US-Vermittlungsgesprächen weiter,Nach ihrem Moskau-Besuch treffen die US-Sondergesandten Steve Witkoff und Jared Kushner nun in Kyjiw ein. Derweil kam es in mehreren Gebieten erneut zu Drohnenangriffen.,https://img.zeit.de/politik/ausland/2026-09/pause-angriffe-kiew-moskau-ukraine-russland-steve-witkoff-jared-kushner-foto-1/wide__1300x731,2026-09-06T07:39:00Z,,Trotz der laufenden Vermittlungsaktion im Ukraine-Krieg durch die US-Gesandten Steve Witkoff und Jared Kushner ist es zu Luftangriffen in der Ukraine gekommen. Die Hauptstädte Kyjiw und Moskau bliebe… [+1341 chars],,de,'Putin'
https://www.tagesschau.de/ausland/europa/ukraine-angriffe-vermittlungsversuch-100.html,https://www.tagesschau.de/ausland/europa/ukraine-angriffe-vermittlungsversuch-100.html,0,www.tagesschau.de,US-Gesandte in Russland und der Ukraine: Krieg und Friedensgespräche,Nach ihrem Treffen mit Kremlchef Putin in Moskau sind die US-Sondergesandten Kushner und Witkoff zu Präsident Selenskyj nach Kiew weitergereist. Während der Gespräche gilt in beiden Städten eine Waffenruhe - andernorts gehen die Angriffe weiter.,https://images.tagesschau.de/image/ed4a6f29-32a5-40e3-b80e-ab5f1f0d8b80/AAABoHYF1VA/AAABnSSvrFg/16x9-big/kushner-144.jpg?width=1280,2026-09-06T09:23:44Z,,"Stand: 06.09.2026 11:23 Uhr
Nach ihrem Treffen mit Kremlchef Putin in Moskau sind die US-Sondergesandten Kushner und Witkoff zu Präsident Selenskyj nach Kiew weitergereist. Während der Gespräche gil… [+2905 chars]",,de,'Putin'
https://www.zeit.de/news/2026-09/06/us-unterhaendler-witkoff-und-kushner-erstmals-in-kiew,https://www.zeit.de/news/2026-09/06/us-unterhaendler-witkoff-und-kushner-erstmals-in-kiew,0,www.zeit.de,Ukraine-Krieg: US-Unterhändler Witkoff und Kushner erstmals in Kiew,Hier finden Sie Informationen zu dem Thema „Ukraine-Krieg“. Lesen Sie jetzt „US-Unterhändler Witkoff und Kushner erstmals in Kiew“.,https://img.zeit.de/administratives/sharing/fallback-image-die-zeit/wide__1300x731,2026-09-06T10:33:04Z,,Im Ringen um ein Ende des Ukraine-Kriegs sind die US-Unterhändler Steve Witkoff und Jared Kushner erstmals in Kiew eingetroffen. Das berichteten mehrere Kiewer Medien; die Nachrichtenagentur Unian ze… [+126 chars],,de,'Ukraine'
https://www.zeit.de/news/2026-09/06/drohnenvorfall-leipzig-lawrow-nennt-vorwuerfe-echten-krieg,https://www.zeit.de/news/2026-09/06/drohnenvorfall-leipzig-lawrow-nennt-vorwuerfe-echten-krieg,0,www.zeit.de,Gespanntes Verhältnis: Drohnenvorfall Leipzig: Lawrow nennt Vorwürfe «echten Krieg»,Hier finden Sie Informationen zu dem Thema „Gespanntes Verhältnis“. Lesen Sie jetzt „Drohnenvorfall Leipzig: Lawrow nennt Vorwürfe «echten Krieg»“.,https://img.zeit.de/news/2026-09/06/drohnenvorfall-leipzig-lawrow-nennt-vorwuerfe-echten-krieg-image-group/wide__1300x731,2026-09-06T11:42:44Z,,Russlands Außenminister Sergej Lawrow nennt die deutschen Vorwürfe gegen Moskau wegen des versuchten Sprengstoffanschlags am Flughafen in Leipzig den «Beginn eines echten Krieges». Dem russischen Sta… [+1182 chars],,de,'Krieg'
https://www.faz.net/aktuell/politik/ukraine/ukraine-liveticker-selenskyj-witkoff-und-kushner-beginnen-gespraeche-faz-110683325.html,https://www.faz.net/aktuell/politik/ukraine/ukraine-liveticker-selenskyj-witkoff-und-kushner-beginnen-gespraeche-faz-110683325.html,0,www.faz.net,"Liveblog Ukrainekrieg: Selenskyj, Witkoff und Kushner beginnen Gespräche",Selenskyj begrüßte Sondergesandte in Kiew +++ Lawrow nach Leipzig-Anschlag: Im Großen und Ganzen Beginn eines echten Krieges +++ Luftangriffe Russlands und der Ukraine trotz Vermittlungsaktion der USA +++ alle Neuigkeiten im Liveblog,https://media0.faz.net/image/w1200h627/63c7b7c942c9/w3000h1567x0y216o/202609/43601.0.2519194822/wolodymyr-selenskyj-r-und-die.webp,2026-09-06T12:24:29Z,,Die US-Sondergesandten Steve Witkoff und Jared Kushner sind in der ukrainischen Hauptstadt Kiew eingetroffen. Die beiden wollen mit dem ukrainischen Präsidenten Wolodymyr Selenskyj beraten. Am Samsta… [+1018 chars],,de,'Putin'
https://www.faz.net/aktuell/politik/ukraine/haben-hohe-ukrainische-beamte-der-generalstaatsanwaltschaft-von-telefonbetrug-profitiert-accg-201199038.html,https://www.faz.net/aktuell/politik/ukraine/haben-hohe-ukrainische-beamte-der-generalstaatsanwaltschaft-von-telefonbetrug-profitiert-accg-201199038.html,0,www.faz.net,Telefonbetrug: Durchsuchungen bei der ukrainischen Generalstaatsanwaltschaft,In der Ukraine wird gegen hohe Beamte der Generalstaatsanwaltschaft ermittelt: Sie sollen von Telefonbetrug profitiert haben.,https://media0.faz.net/image/w1200h627/eee2cdc9b7c3/w640h334x0y206o/202609/43601.0.2518976745/bilder-bereitgestellt-vom.webp,2026-09-06T13:07:06Z,,"In der Ukraine sorgen neue Korruptionsermittlungen für Aufruhr. Sie richten sich gegen betrügerische Callcenter, im Zentrum stehen ranghohe Beamte der Generalstaatsanwaltschaft. Noch dazu fallen sie … [+3227 chars]",,de,'Ukraine'
https://www.faz.net/aktuell/politik/ukraine/ukraine-liveticker-witkoff-nennt-erste-gespraechsrunde-ermutigend-faz-110683325.html,https://www.faz.net/aktuell/politik/ukraine/ukraine-liveticker-witkoff-nennt-erste-gespraechsrunde-ermutigend-faz-110683325.html,0,www.faz.net,Liveblog Ukrainekrieg: Witkoff nennt erste Gesprächsrunde „ermutigend“,Erste Gespräche von Selenskyj mit Witkoff und Kushner beendet +++ Lawrow nach Leipzig-Anschlag: Im Großen und Ganzen Beginn eines echten Krieges +++ Luftangriffe Russlands und der Ukraine trotz Vermittlungsaktion der USA +++ alle Neuigkeiten im Liveblog,https://media0.faz.net/image/w1200h627/dcd8e245f9ea/w5917h3091x0y735o/202609/43601.0.2519858090/wolodymyr-selenskyj-links.webp,2026-09-06T14:57:01Z,,Die US-Sondergesandten Steve Witkoff und Jared Kushner sind in der ukrainischen Hauptstadt Kiew eingetroffen. Die beiden wollen mit dem ukrainischen Präsidenten Wolodymyr Selenskyj beraten. Am Samsta… [+1018 chars],,de,'Putin'
https://www.faz.net/aktuell/feuilleton/medien-und-film/kino/festspiele-venedig-filme-von-paul-schrader-und-sergei-loznitsa-accg-201199160.html,https://www.faz.net/aktuell/feuilleton/medien-und-film/kino/festspiele-venedig-filme-von-paul-schrader-und-sergei-loznitsa-accg-201199160.html,0,www.faz.net,Filmfestspiele Venedig: Zurück im Imperium der USSR,"Während Paul Schrader sich an der Philosophie verhebt, wird man über Sergei Loznitsas dreistündiges „Imperium“ wohl noch lange reden – der Film ist ein Versuch, die Sowjetunion zu legitimieren, der auch Putin interessieren dürfte.",https://media0.faz.net/image/w1200h627/43ac33794198/w1506h786x0y83o/202609/43601.0.2512006000/zurueck-zu-lenin-ueber-stalin.webp,2026-09-06T15:14:05Z,,"Das Kino hat, wie andere Künste auch, den Vorteil, für alles zuständig zu sein. Niemand muss sich hier thematisch qualifizieren, wie es in den Wissenschaften der Fall ist. Von den Anfängen von allem … [+6541 chars]",,de,'Putin'
https://www.faz.net/aktuell/politik/inland/tag-der-heimat-die-vertriebenen-niemals-vergessen-201199221.html,https://www.faz.net/aktuell/politik/inland/tag-der-heimat-die-vertriebenen-niemals-vergessen-201199221.html,0,www.faz.net,Tag der Heimat: Die Vertriebenen nicht vergessen,"Im Gedenken an die Vertreibung von Millionen Deutschen am Tag der Heimat geht es auch um praktische Politik. Gegen Krieg, ethnische Säuberung, Genozid.",https://media0.faz.net/image/w1200h627/77690b296155/w6144h3210x0y443o/202605/43601.0.2147509420/teilnehmer-beim.webp,2026-09-06T15:33:46Z,,"Heimatschutz ist wieder in aller Munde. Doch was ist mit der alten Heimat, in der Millionen Deutsche jahrhundertelang gelebt haben, die sie geprägt haben und aus der sie mit Gewalt vertrieben wurden?… [+1439 chars]",,de,'Krieg'
https://www.faz.net/aktuell/politik/ukraine/ukraine-liveticker-selenskyj-gespraeche-ueber-sicherheits-und-wirtschaftsgarantien-gefuehrt-faz-110683325.html,https://www.faz.net/aktuell/politik/ukraine/ukraine-liveticker-selenskyj-gespraeche-ueber-sicherheits-und-wirtschaftsgarantien-gefuehrt-faz-110683325.html,0,www.faz.net,Liveblog Ukrainekrieg: Selenskyj: Gespräche über Sicherheits- und Wirtschaftsgarantien geführt,Unterredungen mit Witkoff und Kushner „sehr substanziell“ +++ Witkoff nennt erste Gesprächsrunde „ermutigend“ +++ Lawrow nach Leipzig-Anschlag: Im Großen und Ganzen Beginn eines echten Krieges +++ alle Neuigkeiten im Liveblog,https://media0.faz.net/image/w1200h627/6d379a3c17c4/w4593h2399x0y92o/202609/43601.0.2520268274/jared-kushner-steve-witkoff.webp,2026-09-06T16:29:35Z,,Die US-Sondergesandten Steve Witkoff und Jared Kushner sind in der ukrainischen Hauptstadt Kiew eingetroffen. Die beiden wollen mit dem ukrainischen Präsidenten Wolodymyr Selenskyj beraten. Am Samsta… [+1018 chars],,de,'Ukraine'
https://www.faz.net/aktuell/politik/ukraine/trumps-emissaere-in-kiew-putin-bleibt-im-ukrainekrieg-bei-seinen-forderungen-201198420.html,https://www.faz.net/aktuell/politik/ukraine/trumps-emissaere-in-kiew-putin-bleibt-im-ukrainekrieg-bei-seinen-forderungen-201198420.html,0,www.faz.net,Witkoff und Kushner: Die US-Emissäre bringen Kiew eine Verschnaufpause,"Trumps Gesandte reisen erstmals nicht nur nach Moskau, sondern auch nach Kiew. Putin zeigt sich im Hinblick auf seinen Angriffskrieg weiter stur.",https://media0.faz.net/image/w1200h627/921ba3ff3d93/w3342h1746x0y197o/202609/43601.0.2517013075/jared-kushner-steve-witkoff.webp,2026-09-06T17:26:18Z,,"Ein handfestes Ergebnis der Reise von Jared Kushner und Steve Witkoff war in Kiew schon am Samstagabend zu spüren. Seit dem späten Nachmittag, also nachdem die beiden Unterhändler des amerikanischen … [+9035 chars]",,de,'Putin'
https://www.zeit.de/news/2026-09/07/usa-hoffen-auf-direkte-gespraeche-zwischen-moskau-und-kiew,https://www.zeit.de/news/2026-09/07/usa-hoffen-auf-direkte-gespraeche-zwischen-moskau-und-kiew,0,www.zeit.de,Ukraine-Krieg: USA hoffen auf direkte Gespräche zwischen Moskau und Kiew,Hier finden Sie Informationen zu dem Thema „Ukraine-Krieg“. Lesen Sie jetzt „USA hoffen auf direkte Gespräche zwischen Moskau und Kiew“.,https://img.zeit.de/news/2026-09/07/usa-hoffen-auf-direkte-gespraeche-zwischen-moskau-und-kiew-image-group/wide__1300x731,2026-09-07T03:03:59Z,,"Auch nach den Gesprächen der US-Unterhändler Steve Witkoff und Jared Kushner in Moskau und Kiew ist weiterhin unklar, welche Vorschläge für eine Friedenslösung sie den Kriegsparteien vorgelegt haben.… [+4591 chars]",,de,'Ukraine'
https://www.zeit.de/news/2026-09/07/armut-in-der-ausbildung-dgb-warnt-und-stellt-forderungen,https://www.zeit.de/news/2026-09/07/armut-in-der-ausbildung-dgb-warnt-und-stellt-forderungen,0,www.zeit.de,Gesellschaft: Armut in der Ausbildung - DGB warnt und stellt Forderungen,Hier finden Sie Informationen zu dem Thema „Gesellschaft“. Lesen Sie jetzt „Armut in der Ausbildung - DGB warnt und stellt Forderungen“.,https://img.zeit.de/news/2026-09/07/armut-in-der-ausbildung-dgb-warnt-und-stellt-forderungen-image-group/wide__1300x731,2026-09-07T09:00:06Z,,"Der DGB in Rheinland-Pfalz und dem Saarland sieht ein gestiegenes Armutsrisiko für junge Menschen und fordert ein ganzes Bündel an Maßnahmen. Viele junge Menschen erlebten in ihrer Ausbildung, dass d… [+1641 chars]",,de,'Hohe Kosten'
https://www.sueddeutsche.de/politik/liveblog-nahost-libanon-israel-angriffe-li.3530668,https://www.sueddeutsche.de/politik/liveblog-nahost-libanon-israel-angriffe-li.3530668,0,www.sueddeutsche.de,Newsblog zum Nahost-Krieg: Libanon meldet elf Tote bei israelischen Angriffen,"Israelische Kampfflugzeuge hätten unter anderem ein Wohngebäude angegriffen, berichtet die Nachrichtenagentur NNA. Israels Armee äußerte sich bisher nicht zu den neuen Attacken.",https://www.sueddeutsche.de/2026/09/07/2c2b1e0e-0fb3-40a5-846f-16e9911d40fc.jpg?q=60&fm=webp&width=1200&rect=0%2C0%2C4000%2C2250,2026-09-07T09:09:17Z,,Der israelische Verteidigungsminister Israel Katz hat Iran im Fall eines Angriffs mit einer massiven Reaktion gedroht. Wir würden die gesamte nationale militärische und zivile Infrastruktur in Iran t… [+1065 chars],,de,'Angst'
https://www.n-tv.de/politik/Wie-Europas-Rechtspopulisten-den-Sieg-der-AfD-feiern-id31277223.html,https://www.n-tv.de/politik/Wie-Europas-Rechtspopulisten-den-Sieg-der-AfD-feiern-id31277223.html,0,www.n-tv.de,Jubel in Portugal und Co: Wie Europas Rechtspopulisten den Sieg der AfD feiern,So groß war die internationale Aufmerksamkeit für Sachsen-Anhalt wohl noch nie: Auf den Wahlsieg der AfD folgen zahlreiche Gratulationen aus Europas rechtspopulistischen Parteien. Andere Europäer zeigen sich besorgt - möglicherweise aus Angst vor den Entwickl…,https://www.n-tv.de/img/31277258/1788777147/Img_16_9/1200/HRjDqvSXUAUkmP7.jpg,2026-09-07T09:13:17Z,,"Jubel in Portugal und CoWie Europas Rechtspopulisten den Sieg der AfD feiern
Unter anderem der portugiesische Rechtspopulist André Venturas stellte seinen Glückwünschen für die AfD ein Foto von sich… [+5539 chars]",,de,'Angst'
https://www.zeit.de/news/2026-09/07/fluechtlingsrat-wahlergebnis-loest-angst-aus,https://www.zeit.de/news/2026-09/07/fluechtlingsrat-wahlergebnis-loest-angst-aus,0,www.zeit.de,Landtagswahl: Flüchtlingsrat: Wahlergebnis löst Angst aus,Hier finden Sie Informationen zu dem Thema „Landtagswahl“. Lesen Sie jetzt „Flüchtlingsrat: Wahlergebnis löst Angst aus“.,https://img.zeit.de/news/2026-09/07/fluechtlingsrat-wahlergebnis-loest-angst-aus-image-group/wide__1300x731,2026-09-07T09:36:17Z,,"Nach dem AfD-Erfolg bei der Landtagswahl in Sachsen-Anhalt sehen Akteure, die sich für Geflüchtete einsetzen und gegen Rassismus engagieren, ihre Arbeit in Gefahr. «Das Wahlergebnis ist eine historis… [+2789 chars]",,de,'Angst'
https://www.zeit.de/news/2026-09/07/iran-neue-anti-schiffs-rakete-im-einsatz,https://www.zeit.de/news/2026-09/07/iran-neue-anti-schiffs-rakete-im-einsatz,0,www.zeit.de,Iran-Krieg: Iran: Neue Anti-Schiffs-Rakete im Einsatz,Hier finden Sie Informationen zu dem Thema „Iran-Krieg“. Lesen Sie jetzt „Iran: Neue Anti-Schiffs-Rakete im Einsatz“.,https://img.zeit.de/news/2026-09/07/iran-neue-anti-schiffs-rakete-im-einsatz-image-group/wide__1300x731,2026-09-07T09:42:07Z,,Der Iran hat im Persischen Golf nach eigenen Angaben eine neue Anti-Schiffs-Rakete gegen die US-Marine eingesetzt. In einem Interview mit dem staatlichen Rundfunk berichtete der Generalsekretär des N… [+2706 chars],,de,'Krieg'
https://www.freitag.de/autoren/velten-schaefer/serdar-somuncu-die-panik-dass-die-afd-eine-zweite-nsdap-sei-ist-ueberzogen,https://www.freitag.de/autoren/velten-schaefer/serdar-somuncu-die-panik-dass-die-afd-eine-zweite-nsdap-sei-ist-ueberzogen,0,www.freitag.de,"Serdar Somuncu: „Ich distanziere mich von allem, was ich in der Vergangenheit gesagt habe“","Nach der Landtagswahl in Sachsen-Anhalt diskutiert Deutschland wieder über den richtigen Umgang mit der AfD. Satiriker Serdar Somuncu bezieht klar Stellung – und hält die Angst vor einer zweiten NSDAP trotzdem für übertrieben. Ein Gespräch Serdar Somuncu, 196…",https://www.freitag.de/autoren/velten-schaefer/serdar-somuncu-die-panik-dass-die-afd-eine-zweite-nsdap-sei-ist-ueberzogen/@@images/image/great,2026-09-07T10:09:00Z,,"Serdar Somuncu, 1968 in Istanbul geboren, ist der Stuntman unter den deutschen Bühnen-Leuten. Im Jahr 2018 zum Beispiel sorgte er für überregionale Aufmerksamkeit für das beschauliche Stadtteater in … [+20448 chars]",,de,'Angst'
https://www.bild.de/politik/ausland-und-internationales/donald-tusk-idioten-oder-verraeter-freuen-sich-ueber-afd-sieg-6a9e77b6181cb962d48866c5,https://www.bild.de/politik/ausland-und-internationales/donald-tusk-idioten-oder-verraeter-freuen-sich-ueber-afd-sieg-6a9e77b6181cb962d48866c5,0,www.bild.de,Polens Ministerpräsident Tusk - „Nur Idioten oder Verräter“ freuen sich über Sieg,Polens Ministerpräsident Donald Tusk kritisiert den Jubel über den AfD-Wahlsieg in Sachsen-Anhalt scharf. Warum Warschau vor deutschem Nationalismus und einer Annäherung an Russland warnt.,"https://images.bild.de/6a9e77b6181cb962d48866c5/8cbafba2ccc7b0566a74918d8a117884,e4bf6ae0?w=1280",2026-09-07T10:41:29Z,,"TTS-Player überspringenArtikel weiterlesenMagdeburg/Warschau Glückwünsche von europäischen Rechtspopulisten und sogar von AfD-Fan Elon Musk (55). Doch am Wahlsieg von Ulrich Siegmund (35, AfD) und vo… [+1915 chars]",,de,'Russland'
https://www.kino.de/news/vor-angst-in-die-hose-machen-andrew-garfield-geht-fuer-the-uprising-gegen-milliardaere-auf-die-barrikaden--01M1XSRPMV7KEFG89HD1DHQW51,https://www.kino.de/news/vor-angst-in-die-hose-machen-andrew-garfield-geht-fuer-the-uprising-gegen-milliardaere-auf-die-barrikaden--01M1XSRPMV7KEFG89HD1DHQW51,0,www.kino.de,„Vor Angst in die Hose machen“: Andrew Garfield geht für „The Uprising“ gegen Milliardäre auf die Barrikaden,Für seinen historischen Action-Thriller wird Andrew Garfield sehr deutlich – und positioniert sich gegen die Reichen dieser Welt.,https://static.kino.de/2a/1d/26/511d00e8129839865dcc895e90_ZmMgODk3OTZmYThmZmZmIDE5MjAgMTA4MAMyZDVkZTIzNmM5OQ==.jpg,2026-09-07T11:23:59Z,,"Für seinen historischen Action-Thriller wird Andrew Garfield sehr deutlich und positioniert sich gegen die Reichen dieser Welt.
Am 10. September ist es so weit: Andrew Garfields neuer Film The Upris… [+3249 chars]",,de,'Angst'
https://www.bild.de/leben-wissen/bubble-tea-studie-findet-zusammenhang-mit-angst-bei-jugendlichen-6a9e6c1d240b302c8a83bd7a,https://www.bild.de/leben-wissen/bubble-tea-studie-findet-zusammenhang-mit-angst-bei-jugendlichen-6a9e6c1d240b302c8a83bd7a,0,www.bild.de,Studie zu Angstzuständen - Ausgerechnet dieses Trend-Getränk fällt auf,"Eine Auswertung von 59 Studien mit 2,05 Millionen Menschen zeigt: Hoher Konsum alkoholfreier Getränke war mit 31 Prozent höherer Wahrscheinlichkeit für Angst verbunden. Besonders auffällig war Bubble Tea bei Kindern und Jugendlichen – ein ursächlicher Zusamme…","https://images.bild.de/6a9e6c1d240b302c8a83bd7a/8749a1897e1ee4f201c580239c738ba2,67c4867a?w=1280",2026-09-07T11:25:44Z,,"TTS-Player überspringenArtikel weiterlesenSoftdrinks, Energy-Drinks, Bubble Tea was wir trinken, hängt möglicherweise mit unserer psychischen Gesundheit zusammen. Eine große wissenschaftliche Auswert… [+2100 chars]",,de,'Angst'
https://www.faz.net/aktuell/feuilleton/debatten/neue-gesetze-putins-entrechten-russische-buerger-accg-201140532.html,https://www.faz.net/aktuell/feuilleton/debatten/neue-gesetze-putins-entrechten-russische-buerger-accg-201140532.html,0,www.faz.net,"neues Strafgesetz: Wer Russland verlässt, verliert seine Rechte","„Das Land verlassen, das Land verraten – raus mit dir.“ Stalin hat es vorgemacht: Wie Russland seine Gesellschaft durch Normalitätsentzug für den Krieg mobilisieren will.",https://media0.faz.net/image/w1200h627/39f02b232f8e/w4490h2346x554y1400o/202608/43601.0.2401247454/praesident-putin-am-4-august.webp,2026-09-07T11:42:37Z,,"Russland schafft eine neue Kategorie entrechteter Bürger. Ein am 4. August 2026 von Präsident Putin unterzeichnetes Gesetz ermöglicht es, Menschen, die das Land verlassen haben und in Russland strafr… [+14543 chars]",,de,'Angst'
https://www.zeit.de/news/2026-09/07/russland-und-nordkorea-eroeffnen-erste-strassenverbindung,https://www.zeit.de/news/2026-09/07/russland-und-nordkorea-eroeffnen-erste-strassenverbindung,0,www.zeit.de,Ferner Osten: Russland und Nordkorea eröffnen erste Straßenverbindung,Hier finden Sie Informationen zu dem Thema „Ferner Osten“. Lesen Sie jetzt „Russland und Nordkorea eröffnen erste Straßenverbindung“.,https://img.zeit.de/news/2026-09/07/russland-und-nordkorea-eroeffnen-erste-strassenverbindung-image-group/wide__1300x731,2026-09-07T12:02:01Z,,Zwischen Nordkorea und Russland gibt es nun erstmals eine Straßenverbindung. Der russische Ministerpräsident Michail Mischustin bezeichnete den Brückenbau in einer Rede gemäß einer Mitteilung als «hi… [+1136 chars],,de,'Russland'
https://www.bild.de/politik/inland/angst-ums-geld-darum-gewann-die-afd-so-hoch-6a9e8ff0680fe93dc7d87371,https://www.bild.de/politik/inland/angst-ums-geld-darum-gewann-die-afd-so-hoch-6a9e8ff0680fe93dc7d87371,0,www.bild.de,Zahlen beweisen - Angst ums Geld! Darum gewann die AfD so hoch,Zahlen beweisen: Angst vor steigenden Preisen spielte eine riesige Rolle in der Wahlentscheidung vieler Wähler.,"https://images.bild.de/6a9e8ff0680fe93dc7d87371/e6e9817c68fcbcafa45f3cba575f4623,26646af2?w=1280",2026-09-07T12:06:05Z,,"TTS-Player überspringenArtikel weiterlesenBerlin  Warum haben so viele Menschen in Sachsen-Anhalt AfD gewählt? Fragt man AfD-Politiker, spulen sie unter anderem Berliner Politiker-Abgehobenheit, Kult… [+2888 chars]",,de,'Angst'
https://www.n-tv.de/politik/Berliner-Senat-gibt-nach-Hackerangriff-Entwarnung-id31278355.html,https://www.n-tv.de/politik/Berliner-Senat-gibt-nach-Hackerangriff-Entwarnung-id31278355.html,0,www.n-tv.de,Keine hochsensiblen Daten dabei: Berliner Senat gibt nach Hackerangriff Entwarnung,"Über eine Million Dateien der Berliner Verwaltung stehen seit Freitag im Darknet. Einige davon scheinen auf den ersten Blick hochsensibel. Nun erklärt Berlins Digital-Staatssekretär, es liege keine Gefährdung vor - und Bürgermeister Wegner steht ein weiteres …",https://www.n-tv.de/img/31271295/1788786887/Img_16_9/1200/616777303.jpg,2026-09-07T12:10:56Z,,"Hinter dem Angriff steckt wohl die kriminelle Hackergruppe Rhysida. (Foto: picture alliance/dpa | Philip Dulian)
Über eine Million Dateien der Berliner Verwaltung stehen seit Freitag im Darknet. Ein… [+2614 chars]",,de,'Gefährdung'
https://www.zeit.de/news/2026-09/07/ukraine-krieg-will-putin-nach-duma-wahl-verhandeln,https://www.zeit.de/news/2026-09/07/ukraine-krieg-will-putin-nach-duma-wahl-verhandeln,0,www.zeit.de,Russischer Angriffskrieg: Ukraine-Krieg: Will Putin nach Duma-Wahl verhandeln?,Hier finden Sie Informationen zu dem Thema „Russischer Angriffskrieg“. Lesen Sie jetzt „Ukraine-Krieg: Will Putin nach Duma-Wahl verhandeln?“.,https://img.zeit.de/news/2026-09/07/ukraine-krieg-will-putin-nach-duma-wahl-verhandeln-image-group/wide__1300x731,2026-09-07T15:26:10Z,,Die USA setzen nach Angaben aus dem französischen Präsidentenpalast auf einen zügigen Beginn von konkreten neuen Verhandlungen über ein Ende des russischen Angriffskriegs gegen die Ukraine. «Was die … [+2316 chars],,de,'Ukraine'
https://www.zeit.de/news/2026-09/07/eu-aussenbeauftragte-russland-nicht-an-frieden-interessiert,https://www.zeit.de/news/2026-09/07/eu-aussenbeauftragte-russland-nicht-an-frieden-interessiert,0,www.zeit.de,Ukraine-Krieg: EU-Außenbeauftragte: Russland nicht an Frieden interessiert,Hier finden Sie Informationen zu dem Thema „Ukraine-Krieg“. Lesen Sie jetzt „EU-Außenbeauftragte: Russland nicht an Frieden interessiert“.,https://img.zeit.de/news/2026-09/07/eu-aussenbeauftragte-russland-nicht-an-frieden-interessiert-image-group/wide__1300x731,2026-09-07T17:56:12Z,,"Trotz des neuen Vorstoßes der US-Vermittler hat die EU-Außenbeauftragte Kaja Kallas wenig Hoffnung auf ein baldiges Ende des Ukraine-Kriegs. «Wir sehen nicht, dass Russland wirklich an Frieden intere… [+958 chars]",,de,'Ukraine'
https://www.zeit.de/politik/ausland/2026-09/finnland-grenzzaun-russland-ostgrenze-sicherheit,https://www.zeit.de/politik/ausland/2026-09/finnland-grenzzaun-russland-ostgrenze-sicherheit,0,www.zeit.de,Grenzzaun zu Russland: Finnland errichtet 200 Kilometer langen Grenzzaun zu Russland,Ein Zaun und ein technisches Überwachungssystem sichern Abschnitte der Grenze Finnlands zu Russland. So soll »hybride Kriegsführung« durch Migranten eingedämmt werden.,https://img.zeit.de/politik/ausland/2026-09/finnland-grenzzaun-russland-ostgrenze-sicherheit-foto-1/wide__1300x731,2026-09-07T18:49:47Z,,Nach zwei Jahren Bauzeit hat Finnland einen 200 Kilometer langen Stacheldrahtzaun an der Grenze zu Russland fertiggestellt. »Der Grenzzaun an der Ostgrenze ist in diesen unvorhersehbaren Zeiten ein w… [+962 chars],,de,'Russland'
https://www.businessinsider.de/gruenderszene/dhdl-gruender-von-piesel-piepser-geben-unternehmen-an-sohn-ab/,https://www.businessinsider.de/gruenderszene/dhdl-gruender-von-piesel-piepser-geben-unternehmen-an-sohn-ab/,0,www.businessinsider.de,„Richtig derbe Existenzängste“: Piesel Piepser-Gründer suchten bei DHDL Hilfe – jetzt übernimmt der Sohn,Nach 30 Jahren suchen Marlon und Elke Osthoff erstmals einen Investor für ihr Familienunternehmen. Doch nach der Sendung wagen sie einen neuen Schritt.,https://cdn.businessinsider.de/wp-content/uploads/2026/09/2A36A.jpg?ver=1788795890,2026-09-07T21:00:00Z,,"Nach 30 Jahren suchen Marlon und Elke Osthoff erstmals einen Investor für ihr Familienunternehmen und gewinnen zwei Geldgeber bei ""Die Höhle der Löwen"". Doch nach der Sendung wagen sie einen neuen Sc… [+4850 chars]",,de,'Existenzängste'
https://www.faz.net/aktuell/feuilleton/medien-und-film/talkshow/hart-aber-fair-in-der-tv-kritik-will-die-afd-ueberhaupt-regieren-accg-201204678.html,https://www.faz.net/aktuell/feuilleton/medien-und-film/talkshow/hart-aber-fair-in-der-tv-kritik-will-die-afd-ueberhaupt-regieren-accg-201204678.html,0,www.faz.net,TV-Kritik „Hart aber fair“: Will die AfD überhaupt regieren?,"Die Polit-Talkshow nach einem historischen Wahlabend geriet zum Rätselraten, was der Wahlsieger in Sachsen-Anhalt mit seinem Triumph anfängt. Der AfD-Gast in der Runde trug nicht wirklich zur Aufklärung bei.",https://media0.faz.net/image/w1200h627/528c05990756/w6000h3135x0y433o/202603/43601.0.1861605884/markus-frohnmaier.webp,2026-09-08T04:39:58Z,,"Von Schockwellen und Zäsur war schon vor dem 6. September angesichts der Umfragen in Kommentaren die Rede, die der Wahlabend in Sachsen-Anhalt im übrigen Deutschland, aber auch im Ausland auslösen we… [+13506 chars]",,de,'Gas'
https://www.welt.de/regionales/hamburg/article6a9fa4f2181cb962d4887739/innenministerkonferenz-afd-an-der-regierung-grote-sieht-gravierende-bedrohung-fuer-sicherheitsbehoerden.html,https://www.welt.de/regionales/hamburg/article6a9fa4f2181cb962d4887739/innenministerkonferenz-afd-an-der-regierung-grote-sieht-gravierende-bedrohung-fuer-sicherheitsbehoerden.html,0,www.welt.de,AfD an der Regierung? Grote sieht „gravierende“ Bedrohung für Sicherheitsbehörden,Nach dem AfD-Sieg in Sachsen-Anhalt sieht Hamburgs Innensenator Andy Grote ein gravierendes Sicherheitsrisiko. Eine AfD-Regierung erhielte Zugriff auf Polizei und Verfassungsschutz – die Daten könnten auch nach Russland fließen.,https://images.welt.de/6a9fa4f2181cb962d4887739/82ad471b01340b8eae4935d0966ecb88-master/ci16x9-w1200/dpa-com-260907-935-1593359-jpeg,2026-09-08T07:14:13Z,,Nach dem AfD-Sieg in Sachsen-Anhalt sieht Hamburgs Innensenator Andy Grote ein gravierendes Sicherheitsrisiko. Eine AfD-Regierung erhielte Zugriff auf Polizei und Verfassungsschutz die Daten könnten … [+3288 chars],,de,'Russland'
https://www.zeit.de/news/2026-09/08/mehr-als-70-verletzte-bei-huthi-angriffen-in-saudi-arabien,https://www.zeit.de/news/2026-09/08/mehr-als-70-verletzte-bei-huthi-angriffen-in-saudi-arabien,0,www.zeit.de,Jemen-Krieg: Mehr als 70 Verletzte bei Huthi-Angriffen in Saudi-Arabien,Hier finden Sie Informationen zu dem Thema „Jemen-Krieg“. Lesen Sie jetzt „Mehr als 70 Verletzte bei Huthi-Angriffen in Saudi-Arabien“.,https://img.zeit.de/news/2026-09/08/mehr-als-70-verletzte-bei-huthi-angriffen-in-saudi-arabien-image-group/wide__1300x731,2026-09-08T08:20:13Z,,"Bei Angriffen der jemenitischen Huthi-Miliz sind in Saudi-Arabien nach dortigen Angaben 73 Menschen verletzt worden. Unter den Opfern seien auch Frauen und Kinder, teilte der Sprecher des saudisch an… [+1914 chars]",,de,'Krieg'
https://www.zeit.de/politik/ausland/2026-09/ungarn-russland-diplomaten-ausweisung-anita-orban,https://www.zeit.de/politik/ausland/2026-09/ungarn-russland-diplomaten-ausweisung-anita-orban,0,www.zeit.de,Ungarn und Russland: Ungarn weist zehn russische Diplomaten aus,"Ungarn hat zehn Mitglieder der russischen Vertretung aufgefordert, das Land zu verlassen. Das russische Außenministerium droht mit einer »harten Reaktion«.",https://img.zeit.de/politik/ausland/2026-09/ungarn-russland-diplomaten-ausweisung-anita-orban-foto-1/wide__1300x731,2026-09-08T10:22:58Z,,"Ungarn hat zehn Mitglieder der russischen diplomatischen Vertretung aufgefordert, das Land zu verlassen. Die ungarische Außenministerin Anita Orbán sagte, die Diplomaten würden ausgewiesen, weil sie … [+706 chars]",,de,'Russland'
https://www.zeit.de/news/2026-09/08/ungarn-weist-zehn-russische-diplomaten-aus,https://www.zeit.de/news/2026-09/08/ungarn-weist-zehn-russische-diplomaten-aus,0,www.zeit.de,Ungarn-Russland: Ungarn weist zehn russische Diplomaten aus,Hier finden Sie Informationen zu dem Thema „Ungarn-Russland“. Lesen Sie jetzt „Ungarn weist zehn russische Diplomaten aus“.,https://img.zeit.de/news/2026-09/08/ungarn-weist-zehn-russische-diplomaten-aus-image-group/wide__1300x731,2026-09-08T10:55:20Z,,"Ungarn weist zehn russische Diplomaten aus. Diese hätten in Ungarn Aktivitäten ausgeübt, «die für Diplomaten gemäß der Wiener Konvention inakzeptabel sind», wie Ungarns Außenministerin Anita Orban au… [+1580 chars]",,de,'Russland'
https://www.tagesspiegel.de/berlin/dpa-berliner-unternehmen-von-holts-frau-wirft-fragen-auf-16030607.html,https://www.tagesspiegel.de/berlin/dpa-berliner-unternehmen-von-holts-frau-wirft-fragen-auf-16030607.html,0,www.tagesspiegel.de,„Windkraft-Schwindler“ weiterhin auf der Flucht: Berliner Unternehmen von Holts Frau wirft Fragen auf,Das Holt Family Office gehört der Frau des Betrügers. Seine Anschrift teilt es sich mit einem weiteren Unternehmen mit Verbindungen zu Holt.,https://www.tagesspiegel.de/images/16030606/alternates/BASE_16_9_W1400/1788870032000/hendrik-holt.jpeg,2026-09-08T12:20:31Z,,Eine Million Euro Grundkapital und eine auffällige Adresse  im Fall des flüchtigen Windkraftbetrügers Hendrik Holt erregt eine Firma von dessen Frau Aufsehen. Das Holt Family Office hat seinen Sitz i… [+3792 chars],,de,'Windkraft'
https://www.zeit.de/news/2026-09/08/nach-us-gespraechen-kiew-meldet-neue-russische-angriffe,https://www.zeit.de/news/2026-09/08/nach-us-gespraechen-kiew-meldet-neue-russische-angriffe,0,www.zeit.de,Ukraine-Krieg: Nach US-Gesprächen: Kiew meldet neue russische Angriffe,Hier finden Sie Informationen zu dem Thema „Ukraine-Krieg“. Lesen Sie jetzt „Nach US-Gesprächen: Kiew meldet neue russische Angriffe“.,https://img.zeit.de/news/2026-09/08/nach-us-gespraechen-kiew-meldet-neue-russische-angriffe-image-group/wide__1300x731,2026-09-08T12:58:28Z,,Nach einer kurzzeitigen Feuerpause während des Besuchs der Unterhändler von US-Präsident Donald Trump in der Ukraine hat Russland seine Luftangriffe auf Kiew wieder aufgenommen. In der Nacht wurden E… [+3698 chars],,de,'Krieg'
https://www.bild.de/sport/fussball/ueberraschender-gast-ex-nationalspieler-bei-werder-bremen-aufgetaucht-6a9fd90454ff84194d4cab33,https://www.bild.de/sport/fussball/ueberraschender-gast-ex-nationalspieler-bei-werder-bremen-aufgetaucht-6a9fd90454ff84194d4cab33,0,www.bild.de,Überraschender Gast - Ex-Nationalspieler bei Werder aufgetaucht,Bei Werder Bremen ist eine Bundesliga-Legende zu Gast.,"https://images.bild.de/6a9fd90454ff84194d4cab33/ac20923be1800199e690502928438588,af7fb5a5?w=1280",2026-09-08T14:35:52Z,,"+++Wer soll ihm das glauben? Putin gibt Trump ein Europa-Versprechen
+++Wer soll ihm das glauben? Putin gibt Trump ein Europa-Versprechen
+++Wer soll ihm das glauben? Putin gibt Trump ein Europa-Ve… [+498 chars]",,de,'Putin'
https://www.bild.de/news/wer-soll-ihm-das-glauben-putin-gibt-trump-ein-europa-versprechen-6aa01d8e1c634564db632e34,https://www.bild.de/news/wer-soll-ihm-das-glauben-putin-gibt-trump-ein-europa-versprechen-6aa01d8e1c634564db632e34,0,www.bild.de,Wer soll ihm das glauben? - Putin gibt Trump ein Europa-Versprechen,"Putin versichert Trump, Russland habe keine aggressiven Pläne gegen Europa. Zugleich hält Moskau an seinen militärischen Zielen in der Ukraine fest.","https://images.bild.de/6aa01d8e1c634564db632e34/0e845204ffa9bc59bc81cfed8de999be,eaf0e0b3?w=1280",2026-09-08T14:51:31Z,,"TTS-Player überspringenArtikel weiterlesenMoskau Jetzt versucht Wladimir Putin (73) plötzlich, Europa zu beruhigen. Russlands Machthaber hat US-Präsident Donald Trump (80) in einem Telefonat versiche… [+2288 chars]",,de,'Russland'
https://www.zeit.de/news/2026-09/08/putin-zu-trump-keine-aggressiven-plaene-gegen-europa,https://www.zeit.de/news/2026-09/08/putin-zu-trump-keine-aggressiven-plaene-gegen-europa,0,www.zeit.de,Telefonat: Putin zu Trump: «Keine aggressiven Pläne» gegen Europa,Hier finden Sie Informationen zu dem Thema „Telefonat“. Lesen Sie jetzt „Putin zu Trump: «Keine aggressiven Pläne» gegen Europa“.,https://img.zeit.de/news/2026-09/08/putin-zu-trump-keine-aggressiven-plaene-gegen-europa-image-group/wide__1300x731,2026-09-08T15:03:17Z,,Nach der Reise von US-Vermittlern nach Kiew und Moskau zu Gesprächen über ein Ende des Ukraine-Krieges haben US-Präsident Donald Trump und der russische Präsident Wladimir Putin telefoniert. Der russ… [+1139 chars],,de,'Putin'
https://www.tagesspiegel.de/internationales/dpa-krieg-in-der-ukraine-16031552.html,https://www.tagesspiegel.de/internationales/dpa-krieg-in-der-ukraine-16031552.html,0,www.tagesspiegel.de,Krieg in der Ukraine: Hilfe aus Europa für ukrainische Flugabwehr,"Europa hat das lange Flehen aus Kiew erhört. Mit einer Ausnahmeregelung und weiteren 3,2 Milliarden Euro will die EU die Ukraine beim Schutz ihres Luftraums unterstützen.",https://www.tagesspiegel.de/images/16032064/alternates/BASE_16_9_W1400/1788887184000/neue-patriot-raketen-fur-die-ukraine.jpeg,2026-09-08T15:04:12Z,,Die Europäische Union hat auf die wochenlangen Bitten des ukrainischen Präsidenten Wolodymyr Selenskyj nach besserer Flugabwehr und dessen Hinweise auf leere Munitionslager reagiert. Brüssel will der… [+4925 chars],,de,'Ukraine'
https://www.tagesspiegel.de/internationales/dpa-telefonat-16031552.html,https://www.tagesspiegel.de/internationales/dpa-telefonat-16031552.html,0,www.tagesspiegel.de,Telefonat: Putin zu Trump: „Keine aggressiven Pläne“ gegen Europa,Seit Monaten versucht Washington Russland zu einem Ende des Ukraine-Krieges zu bewegen. Nach einer Reise von US-Vermittlern nach Moskau und Kiew telefonieren Trump und Putin.,https://www.tagesspiegel.de/images/16031551/alternates/BASE_16_9_W1400/1788879852000/donald-trump-und-wladimir-putin-haben-telefoniert.jpeg,2026-09-08T15:04:12Z,,Nach der Reise von US-Vermittlern nach Kiew und Moskau zu Gesprächen über ein Ende des Ukraine-Krieges haben US-Präsident Donald Trump und der russische Präsident Wladimir Putin telefoniert. Der russ… [+1187 chars],,de,'Putin'
https://www.focus.de/politik/putin-zu-trump-keine-aggressiven-plaene-gegen-europa_a621a2ce-699c-4058-ba73-cc5cd5ea7135.html,https://www.focus.de/politik/putin-zu-trump-keine-aggressiven-plaene-gegen-europa_a621a2ce-699c-4058-ba73-cc5cd5ea7135.html,0,www.focus.de,Putin zu Trump: „Keine aggressiven Pläne“ gegen Europa,Nach der Reise von US-Vermittlern nach Kiew und Moskau zu Gesprächen über ein Ende des Ukraine-Krieges haben US-Präsident Donald Trump und der russische Präsident Wladimir Putin telefoniert.,"https://quadro.burda-forward.de/ctf/d6aa9354-40fa-4082-8c0e-a42141bd2052.0b538bb7-41fb-4111-a27e-5fd0960be88e.jpg?im=RegionOfInterestCrop=(1200,630),regionOfInterest=(910,465)&hash=e51793bdc149b905d766ca541e3479d481f140bc975bffbc8dc07f21d7568315",2026-09-08T15:07:00Z,,"Der russische Staatschef habe Trump zugesichert, keine aggressiven Pläne in Bezug auf Europa zu haben, sagte Putins außenpolitischer Berater Juri Uschakow Journalisten.
Der Kremlchef habe Trump zude… [+915 chars]",,de,'Putin'
https://www.tagesspiegel.de/internationales/dpa-telefonat-der-staatschefsputin-soll-trump-angeblich-zugesichert-haben-keine-aggressiven-plane-gegen-europa-zu-hegen-16031566.html,https://www.tagesspiegel.de/internationales/dpa-telefonat-der-staatschefsputin-soll-trump-angeblich-zugesichert-haben-keine-aggressiven-plane-gegen-europa-zu-hegen-16031566.html,0,www.tagesspiegel.de,"Telefonat der Staatschefs: Putin soll Trump angeblich zugesichert haben, „keine aggressiven Pläne“ gegen Europa zu hegen","Nach dem Besuch zweier US-Vermittler in Moskau und Kyjiw haben die Präsidenten der USA und Russlands telefoniert. Trump stellte seinem Amtskollegen eine Normalisierung der Beziehungen in Aussicht, sollte der Krieg enden.",https://www.tagesspiegel.de/images/16031587/alternates/BASE_16_9_W1400/1788880274000/donald-trump-und-wladimir-putin-haben-telefoniert.jpeg,2026-09-08T15:19:32Z,,Nach der Reise von US-Vermittlern nach Kyjiw und Moskau zu Gesprächen über ein Ende des Ukraine-Krieges haben US-Präsident Donald Trump und der russische Präsident Wladimir Putin telefoniert. Der rus… [+1356 chars],,de,'Putin'
https://www.faz.net/aktuell/feuilleton/debatten/wahl-in-sachsen-anhalt-reaktionen-in-finnland-und-estland-auf-den-sieg-der-afd-201205878.html,https://www.faz.net/aktuell/feuilleton/debatten/wahl-in-sachsen-anhalt-reaktionen-in-finnland-und-estland-auf-den-sieg-der-afd-201205878.html,0,www.faz.net,Blick aus dem Baltikum: Die AfD stärkt Putins Einfluss auf Deutschlands Politik,In Finnland und Estland reagiert man nüchtern auf den Wahlerfolg der AfD in Sachsen-Anhalt. Nur die geopolitischen Folgen sieht man als alarmierend an.,https://media0.faz.net/image/w1200h627/bb2ab358c60e/w6144h3210x0y407o/202607/43601.0.2341464182/afd-erfolge-sind-ein.webp,2026-09-08T16:05:53Z,,"Die Reaktionen der baltischen und skandinavischen Länder auf die Landtagswahlen in Sachsen-Anhalt weisen drei wesentliche Aspekte auf: Erstens fällt es vielen schwer zu unterscheiden, welche Wahlen t… [+3703 chars]",,de,'Putin'
https://www.welt.de/politik/ausland/article6aa029da1c634564db632f71/putin-telefoniert-mit-trump-angeblichkeine-aggressiven-plaene-gegen-europa.html,https://www.welt.de/politik/ausland/article6aa029da1c634564db632f71/putin-telefoniert-mit-trump-angeblichkeine-aggressiven-plaene-gegen-europa.html,0,www.welt.de,Putin telefoniert mit Trump – angeblich „keine aggressiven Pläne gegen Europa“,"In einem Telefonat mit Donald Trump stellt Wladimir Putin Beratern zufolge in Aussicht, Europa nicht zu bedrohen. Für den Fall eines Kriegsendes sei Moskau eine verbesserte Beziehung zu den USA in Aussicht gestellt worden.",https://images.welt.de/6aa029da1c634564db632f71/ed30d1e354e3d27bab4ec19e3e4cfe08-master/ci16x9-w1200/1786692938390-afp-c4mm764-jpg,2026-09-08T16:14:57Z,,"In einem Telefonat mit Donald Trump stellt Wladimir Putin Beratern zufolge in Aussicht, Europa nicht zu bedrohen. Für den Fall eines Kriegsendes sei Moskau eine verbesserte Beziehung zu den USA in Au… [+2468 chars]",,de,'Putin'
https://www.tagesschau.de/ausland/europa/pistorius-waffenhilfe-ukraine-100.html,https://www.tagesschau.de/ausland/europa/pistorius-waffenhilfe-ukraine-100.html,0,www.tagesschau.de,Pistorius verspricht mehr Waffen - Trump telefoniert mit Putin,"Verteidigungsminister Pistorius sagt der Ukraine weitere Abfangraketen zu. Während Kiews Unterstützer ihre Hilfe ausbauen, spricht Moskau nach einem Telefonat zwischen Putin und Trump von einer möglichen Wiederannäherung an die USA.",https://images.tagesschau.de/image/8dd3bd8c-e3f4-40c4-ba09-b40680037abb/AAABoIG8icw/AAABnSSvrFg/16x9-big/boris-pistorius-208.jpg?width=1280,2026-09-08T16:47:44Z,,"Stand: 08.09.2026 18:47 Uhr
Verteidigungsminister Pistorius sagt der Ukraine weitere Abfangraketen zu. Während Kiews Unterstützer ihre Hilfe ausbauen, spricht Moskau nach einem Telefonat zwischen Pu… [+3942 chars]",,de,'Ukraine'
https://www.zeit.de/politik/ausland/2026-09/donald-trump-wladimir-putin-telefonat-ukraine-krieg-russland,https://www.zeit.de/politik/ausland/2026-09/donald-trump-wladimir-putin-telefonat-ukraine-krieg-russland,0,www.zeit.de,Telefonat von Donald Trump und Wladimir Putin: Putin beteuert gegenüber Trump friedliche Absichten gegenüber Europa,"In einem »äußerst offenen Gespräch« versichert der russische Präsident, »keinerlei aggressive Pläne« zu hegen. Mit Donald Trump erläutert er die Situation in der Ukraine.",https://img.zeit.de/politik/ausland/2026-09/donald-trump-wladimir-putin-telefonat-ukraine-krieg-russland-foto-1/wide__1300x731,2026-09-08T16:56:25Z,,Der russische Präsident Wladimir Putin hat in einem Telefonat mit seinem US-Amtskollegen Donald Trump friedliche Absichten gegenüber Europa zugesichert. Auch wenn es anderslautende »Spekulationen« ge… [+3056 chars],,de,'Putin'
https://www.zeit.de/news/2026-09/08/tote-und-verletzte-bei-russischen-angriffen,https://www.zeit.de/news/2026-09/08/tote-und-verletzte-bei-russischen-angriffen,0,www.zeit.de,Ukraine-Krieg: Tote und Verletzte bei russischen Angriffen,Hier finden Sie Informationen zu dem Thema „Ukraine-Krieg“. Lesen Sie jetzt „Tote und Verletzte bei russischen Angriffen“.,https://img.zeit.de/news/2026-09/08/tote-und-verletzte-bei-russischen-angriffen-image-group/wide__1300x731,2026-09-08T20:41:43Z,,"Bei einer Serie von russischen Angriffen sind in der Ukraine zahlreiche Menschen zu Schaden gekommen. In der Hauptstadt Kiew wurden in Folge zahlreicher Angriffe, die bereits in der Nacht begonnen ha… [+1224 chars]",,de,'Krieg'
https://www.zeit.de/news/2026-09/09/iranische-medien-melden-raketenangriffe-auf-jordanien,https://www.zeit.de/news/2026-09/09/iranische-medien-melden-raketenangriffe-auf-jordanien,0,www.zeit.de,Iran-Krieg: Iranische Medien melden Raketenangriffe auf Jordanien,Hier finden Sie Informationen zu dem Thema „Iran-Krieg“. Lesen Sie jetzt „Iranische Medien melden Raketenangriffe auf Jordanien“.,https://img.zeit.de/news/2026-09/09/iranische-medien-melden-raketenangriffe-auf-jordanien-image-group/wide__1300x731,2026-09-08T22:29:15Z,,Der Iran hat Medienberichten zufolge US-Militärstützpunkte in Jordanien mit einer «Welle an Raketen» angegriffen. Wie unter anderem der regierungstreue Sender Press TV in der Nacht auf Telegram melde… [+817 chars],,de,'Krieg'
https://www.faz.net/aktuell/politik/ausland/peter-magyar-und-der-bruch-mit-wladimir-putin-in-ungarn-201206427.html,https://www.faz.net/aktuell/politik/ausland/peter-magyar-und-der-bruch-mit-wladimir-putin-in-ungarn-201206427.html,0,www.faz.net,Diplomaten ausgewiesen: Die Ungarn haben auch Putin abgewählt,Unter Viktor Orbán wurde Budapest zum Flugzeugträger russischer Geheimdienste. Seit der Wahl von Péter Magyar zum Regierungschef scheint sich auch das zu ändern.,https://media0.faz.net/image/w1200h627/676dbd4022c8/w5585h2918x559y677o/202605/43601.0.2080823216/evgeny-stanislavov-russischer.webp,2026-09-09T04:32:21Z,,"Es zählte zu den merkwürdigen Aspekten der Regierungszeit Viktor Orbáns in Ungarn, dass er ein so enges Verhältnis zum russischen Machthaber Wladimir Putin pflegte. Schließlich war Orbán einst mit de… [+1296 chars]",,de,'Putin'
https://www.zeit.de/politik/deutschland/2026-09/boris-pistorius-bundeswehr-schuldenbremse-finanzierung,https://www.zeit.de/politik/deutschland/2026-09/boris-pistorius-bundeswehr-schuldenbremse-finanzierung,0,www.zeit.de,Verteidigungsausgaben: Pistorius wirft AfD Schüren von Kriegsangst vor,"Verteidigungsminister Boris Pistorius hält der AfD vor, die Sorgen vor Krieg auszunutzen, um gegen Verteidigungsausgaben zu wettern. Angst sei »der Treibstoff der AfD«.",https://img.zeit.de/politik/deutschland/2026-09/boris-pistorius-bundeswehr-schuldenbremse-finanzierung-foto-1/wide__1300x731,2026-09-09T06:55:07Z,,"Verteidigungsminister Boris Pistorius hat der AfD vorgeworfen, Kriegsangst zu schüren. Die AfD in Sachsen-Anhalt und anderswo würde »diese Klaviatur sehr, sehr intensiv bespielen«, sagte Pistorius im… [+821 chars]",,de,'Krieg'
https://www.zeit.de/news/2026-09/09/tote-bei-ukrainischen-drohnenangriffen-auf-noworossijsk,https://www.zeit.de/news/2026-09/09/tote-bei-ukrainischen-drohnenangriffen-auf-noworossijsk,0,www.zeit.de,Russisch-ukrainischer Krieg: Tote bei ukrainischen Drohnenangriffen auf Noworossijsk,Hier finden Sie Informationen zu dem Thema „Russisch-ukrainischer Krieg“. Lesen Sie jetzt „Tote bei ukrainischen Drohnenangriffen auf Noworossijsk“.,https://img.zeit.de/news/2026-09/09/tote-bei-ukrainischen-drohnenangriffen-auf-noworossijsk-image-group/wide__1300x731,2026-09-09T06:59:23Z,,"Bei ukrainischen Drohnenangriffen sind in der südrussischen Hafenstadt Noworossijsk mindestens vier Menschen getötet worden. Weitere 29 Menschen seien verletzt worden, teilte der Gouverneur der Regio… [+739 chars]",,de,'Krieg'
https://www.zeit.de/news/2026-09/09/brandenburgs-energieministerin-befuerchtet-keinen-gasmangel,https://www.zeit.de/news/2026-09/09/brandenburgs-energieministerin-befuerchtet-keinen-gasmangel,0,www.zeit.de,Niedrige Füllstände: Brandenburgs Energieministerin befürchtet keinen Gasmangel,Hier finden Sie Informationen zu dem Thema „Niedrige Füllstände“. Lesen Sie jetzt „Brandenburgs Energieministerin befürchtet keinen Gasmangel“.,https://img.zeit.de/news/2026-09/09/brandenburgs-energieministerin-befuerchtet-keinen-gasmangel-image-group/wide__1300x731,2026-09-09T11:35:56Z,,Trotz niedrigerer Füllstände der Speicher droht in Brandenburg nach Ansicht der Landesregierung keine Gefahr für den Winter. «Wir laufen nach aktueller Einschätzung nicht auf eine Gasmangellage zu un… [+1700 chars],,de,'Gefährdung'
https://www.zeit.de/news/2026-09/09/bw-innenminister-muss-wegen-luftalarm-in-kiew-in-bunker,https://www.zeit.de/news/2026-09/09/bw-innenminister-muss-wegen-luftalarm-in-kiew-in-bunker,0,www.zeit.de,Reise in die Ukraine: BW-Innenminister muss wegen Luftalarm in Kiew in Bunker,Hier finden Sie Informationen zu dem Thema „Reise in die Ukraine“. Lesen Sie jetzt „BW-Innenminister muss wegen Luftalarm in Kiew in Bunker“.,https://img.zeit.de/news/2026-09/09/bw-innenminister-muss-wegen-luftalarm-in-kiew-in-bunker-image-group/wide__1300x731,2026-09-09T11:46:54Z,,Baden-Württembergs Innenminister Manuel Hagel (CDU) ist mit einer Delegation nach Kiew gereist und hat die Auswirkungen des Krieges in der ukrainischen Hauptstadt am eigenen Leib zu spüren bekommen. … [+1586 chars],,de,'Ukraine'
https://www.tagesspiegel.de/berlin/dpa-hendrik-holt-16035837.html,https://www.tagesspiegel.de/berlin/dpa-hendrik-holt-16035837.html,0,www.tagesspiegel.de,Hendrik Holt: Flüchtiger Windkraftbetrüger wohl nicht mehr in Deutschland,"Hendrik Holt ist weiterhin auf der Flucht. Seine Anwältin teilt mit, er habe Deutschland verlassen – die Behörden können das bislang nicht bestätigen.",https://www.tagesspiegel.de/images/16035836/alternates/BASE_16_9_W1400/1788963554000/hendrik-holt.jpeg,2026-09-09T14:19:14Z,,"Der flüchtige Windkraftbetrüger Hendrik Holt hat sich laut seiner Anwältin wohl ins Ausland abgesetzt. Der Anwältin zufolge beabsichtige Holt nicht nach Deutschland zurückzukehren, sagte Justizsenato… [+1179 chars]",,de,'Windkraft'
https://www.faz.net/aktuell/politik/ukraine/ukraine-liveticker-drohne-hat-selenskyjs-flugzeug-laut-norwegens-regierungschef-nur-knapp-verfehlt-faz-110683325.html,https://www.faz.net/aktuell/politik/ukraine/ukraine-liveticker-drohne-hat-selenskyjs-flugzeug-laut-norwegens-regierungschef-nur-knapp-verfehlt-faz-110683325.html,0,www.faz.net,Liveblog Ukrainekrieg: Norwegens Regierungschef: Selenskyjs Flugzeug nur knapp von Drohne verfehlt,Kiew: Risiko für Selenskyj bei Vorfall „übertrieben“ +++ Ukrainische Seedrohnen treffen Sotschi +++ Zwei Tote bei russischem Angriff auf Einkaufszentrum +++ alle Neuigkeiten im Liveblog,https://media0.faz.net/image/w1200h627/fea227dd38e3/w5622h2937x0y182o/202609/43601.0.2531115996/der-ukrainische-praesident.webp,2026-09-09T23:50:44Z,,Ein Flugzeug mit dem ukrainischen Präsidenten Wolodymyr Selenskyj an Bord ist nach norwegischen Angaben in Moldau beinahe von einer Drohne getroffen worden. Der Vorfall habe sich beim Start der Masch… [+1547 chars],,de,'Ukraine'
https://www.tagesschau.de/ausland/europa/ukraine-korruptionsermittlungen-staatsanwaltschaft-100.html,https://www.tagesschau.de/ausland/europa/ukraine-korruptionsermittlungen-staatsanwaltschaft-100.html,0,www.tagesschau.de,"Ukraine: Staatsanwaltschaft an Betrug über ""Callcenter"" beteiligt?","In der Ukraine gehen die Behörden gegen Mitarbeiter der Generalstaatsanwaltschaft vor. Sie sollen an systematischem Betrug über angebliche ""Callcenter"" beteiligt gewesen sein. Der Fall ist auch für Präsident Selenskyj heikel. Von F. Kellermann.",https://images.tagesschau.de/image/1e0de475-12a6-4cff-bf9e-f8e9178bf201/AAABoIjH-p4/AAABnSSvrFg/16x9-big/kiew-538.jpg?width=1280,2026-09-10T00:37:15Z,,"Stand: 10.09.2026 02:37 Uhr
In der Ukraine gehen die Behörden gegen Mitarbeiter der Generalstaatsanwaltschaft vor. Sie sollen an systematischem Betrug über angebliche ""Callcenter"" beteiligt gewesen … [+5182 chars]",,de,'Ukraine'
https://www.zeit.de/news/2026-09/10/amnesty-wirft-russland-menschenhandel-bei-rekrutierung-vor,https://www.zeit.de/news/2026-09/10/amnesty-wirft-russland-menschenhandel-bei-rekrutierung-vor,0,www.zeit.de,Ausländische Soldaten: Amnesty wirft Russland Menschenhandel bei Rekrutierung vor,Hier finden Sie Informationen zu dem Thema „Ausländische Soldaten“. Lesen Sie jetzt „Amnesty wirft Russland Menschenhandel bei Rekrutierung vor“.,https://img.zeit.de/news/2026-09/10/amnesty-wirft-russland-menschenhandel-bei-rekrutierung-vor-image-group/wide__1300x731,2026-09-10T09:00:08Z,,Die Menschenrechtsorganisation Amnesty International hat Russland Menschenhandel bei der Rekrutierung von ausländischen Kämpfern für den Krieg in der Ukraine vorgeworfen. «Viele Rekruten wurden mit f… [+3094 chars],,de,'Russland'
https://www.tagesschau.de/ausland/europa/angriffe-ukraine-russland-108.html,https://www.tagesschau.de/ausland/europa/angriffe-ukraine-russland-108.html,0,www.tagesschau.de,Tote nach russischem Angriff auf Einkaufszentrum in Sumy,Russland und die Ukraine haben ihre gegenseitigen Angriffe fortgesetzt. Bei einer russischen Attacke auf ein Einkaufszentrum starben laut Behörden zwei Menschen. Die Ukraine nahm russische Infrastruktur und den Badeort Sotschi ins Visier.,https://images.tagesschau.de/image/4a52c396-448e-4ca8-8191-01dc066552cb/AAABoIptDBI/AAABnSSvrFg/16x9-big/einkaufszentrum-sumy-100.jpg?width=1280,2026-09-10T09:33:23Z,,"Stand: 10.09.2026 11:33 Uhr
Russland und die Ukraine haben ihre gegenseitigen Angriffe fortgesetzt. Bei einer russischen Attacke auf ein Einkaufszentrum starben laut Behörden zwei Menschen. Die Ukra… [+2213 chars]",,de,'Ukraine'
https://www.welt.de/wirtschaft/article6aa17555240b302c8a83f149/russlands-raetselhafte-kapitalflucht-putins-reiche-bringen-ihr-geld-in-sicherheit.html,https://www.welt.de/wirtschaft/article6aa17555240b302c8a83f149/russlands-raetselhafte-kapitalflucht-putins-reiche-bringen-ihr-geld-in-sicherheit.html,0,www.welt.de,Russlands rätselhafte Kapitalflucht – Putins Eliten bringen ihr Geld in Sicherheit,Die „graue“ Kapitalflucht aus Russland hat im zweiten Quartal einen historischen Rekordwert erreicht und lässt sogar die Zentralbank ratlos zurück. Gleichzeitig verkauft die Notenbank selbst Gold in Rekordhöhe. Wovon zeugen diese Vorgänge?,https://images.welt.de/6aa17555240b302c8a83f149/728bfc1e7bf49ce2716193203ccb37e4-master/ci16x9-w1200/gettyimages-2027926930-jpg,2026-09-10T09:40:47Z,,Die graue Kapitalflucht aus Russland hat im zweiten Quartal einen historischen Rekordwert erreicht und lässt sogar die Zentralbank ratlos zurück. Gleichzeitig verkauft die Notenbank selbst Gold in Re… [+5312 chars],,de,'Putin'
https://www.welt.de/politik/ausland/article6aa0109a240b302c8a83d977/hybride-kriegsfuehrung-der-kreml-will-zeigen-dass-russland-keine-roten-linien-mehr-hat.html,https://www.welt.de/politik/ausland/article6aa0109a240b302c8a83d977/hybride-kriegsfuehrung-der-kreml-will-zeigen-dass-russland-keine-roten-linien-mehr-hat.html,0,www.welt.de,"„Der Kreml will zeigen, dass Russland keine roten Linien mehr hat“","Putin verstärkt seine hybride Kriegsführung gegen Verbündete der Ukraine. Russland-Experte Stefan Meister erklärt, warum Moskau gerade jetzt eskaliert – und warum Deutschland besonders im Visier steht.",https://images.welt.de/6aa0109a240b302c8a83d977/93aafcc17234ddf8a28cc06444593ade-master/ci16x9-w1200/apdpa-32b674008fb7d2ac-jpg,2026-09-10T09:42:17Z,,"Putin verstärkt seine hybride Kriegsführung gegen Verbündete der Ukraine. Russland-Experte Stefan Meister erklärt, warum Moskau gerade jetzt eskaliert und warum Deutschland besonders im Visier steht.… [+7922 chars]",,de,'Putin'
https://www.welt.de/videos/video6aa281994efdd38dc3e69ab5/afd-politiker-holm-windkraft-ist-der-grund-warum-unser-land-den-bach-runtergeht.html,https://www.welt.de/videos/video6aa281994efdd38dc3e69ab5/afd-politiker-holm-windkraft-ist-der-grund-warum-unser-land-den-bach-runtergeht.html,0,www.welt.de,"Windkraft ist der Grund, „warum unser Land den Bach runtergeht“",Nach dem Wahlergebnis in Sachsen-Anhalt steht die deutsche Politik vor einem Scherbenhaufen. Sehen Sie hier dazu ein „WELT Talk Spezial“ mit dem AfD-Politiker Leif-Erik Holm im Gespräch mit WELT-Chefredakteur Helge Fuhst.,https://images.welt.de/6aa281994efdd38dc3e69ab5/9bb12679bfb513deef70bd0b2b1212b3/ci16x9-w1200/fuhst-png,2026-09-10T10:31:12Z,,Die WELT als ePaper: Die vollständige Ausgabe steht Ihnen bereits am Vorabend zur Verfügung so sind Sie immer hochaktuell informiert. Weitere Informationen https://epaper.welt.de,,de,'Windkraft'
https://www.faz.net/aktuell/wirtschaft/unternehmen/drohnenabwehr-bei-stromnetzsabotage-amprion-chef-fuehlt-sich-nicht-dafuer-zustaendig-accg-201209240.html,https://www.faz.net/aktuell/wirtschaft/unternehmen/drohnenabwehr-bei-stromnetzsabotage-amprion-chef-fuehlt-sich-nicht-dafuer-zustaendig-accg-201209240.html,0,www.faz.net,STromnetzSicherheit: „Drohnenabwehr ist nicht die Aufgabe von Netzbetreibern“,"Nach den jüngsten Angriffen auf Stromleitungen erklärt der Chef des betroffenen Netzbetreibers Amprion, warum die Bedrohung größer wird, was man dagegen tun könnte und wieso er nicht auf Drohnen schießen will.",https://media0.faz.net/image/w1200h627/a8be8f755086/w6144h3210x0y443o/202609/43601.0.2501629593/abgesperrt-und-trotzdem.webp,2026-09-10T11:58:57Z,,"Herr Müller, ist das deutsche Stromnetz ausreichend geschützt oder ist ein ausreichender Schutz eigentlich gar nicht möglich?
Absoluter Schutz ist in der Tat nicht möglich. Man muss sich ja nur anse… [+8426 chars]",,de,'Bedrohung'
https://www.zeit.de/news/2026-09/10/sprengstoff-drohne-streit-um-beweise-fuer-russlands-schuld,https://www.zeit.de/news/2026-09/10/sprengstoff-drohne-streit-um-beweise-fuer-russlands-schuld,0,www.zeit.de,Sondersitzung im Bundestag: Sprengstoff-Drohne: Streit um Beweise für Russlands Schuld,Hier finden Sie Informationen zu dem Thema „Sondersitzung im Bundestag“. Lesen Sie jetzt „Sprengstoff-Drohne: Streit um Beweise für Russlands Schuld“.,https://img.zeit.de/news/2026-09/10/sprengstoff-drohne-streit-um-beweise-fuer-russlands-schuld-image-group/wide__1300x731,2026-09-10T12:01:01Z,,"Innenpolitiker von Union und SPD haben Forderungen der Opposition zurückgewiesen, die Bundesregierung müsse ihre Schuldzuweisung an Russland nach dem misslungenen Drohnenanschlag am Flughafen Leipzig… [+2177 chars]",,de,'Russland'
https://www.tagesschau.de/wirtschaft/finanzen/ezb-sitzung-leitzins-100.html,https://www.tagesschau.de/wirtschaft/finanzen/ezb-sitzung-leitzins-100.html,0,www.tagesschau.de,"EZB erhöht erneut den Leitzins - auf 2,5 Prozent","Die Teuerungsrate in der Eurozone ist zuletzt über die Drei-Prozent-Marke geklettert. Um die Inflation abzuschwächen, hat die Europäische Zentralbank nun erneut den Leitzins angehoben.",https://images.tagesschau.de/image/a9f81841-6206-4205-aa91-3ddee7a12c89/AAABoITz21g/AAABnSSvrFg/16x9-big/ezb-560.jpg?width=1280,2026-09-10T12:15:29Z,,"Stand: 10.09.2026 14:15 Uhr
Die Teuerungsrate in der Eurozone ist zuletzt über die Drei-Prozent-Marke geklettert. Um die Inflation abzuschwächen, hat die Europäische Zentralbank nun erneut den Leitz… [+2352 chars]",,de,'Hohe Kosten'
https://www.faz.net/aktuell/politik/ukraine/ukraine-liveticker-ukraine-weitreichendster-angriff-mit-drohnen-gegen-russland-faz-110683325.html,https://www.faz.net/aktuell/politik/ukraine/ukraine-liveticker-ukraine-weitreichendster-angriff-mit-drohnen-gegen-russland-faz-110683325.html,0,www.faz.net,Liveblog Ukrainekrieg: Ukraine: Weitreichendster Angriff mit Drohnen gegen Russland,Zwei Ziele in rund 3000 Kilometer Entfernung sollen getroffen worden sein +++ Kiew: Risiko für Selenskyj bei Drohnenvorfall „übertrieben“ +++ Ukrainische Seedrohnen treffen Sotschi +++ alle Neuigkeiten im Liveblog,https://media0.faz.net/image/w1200h627/aa072b219302/w3000h1567x0y231o/202609/43601.0.2535034606/ukrainische.webp,2026-09-10T12:28:55Z,,Ein Flugzeug mit dem ukrainischen Präsidenten Wolodymyr Selenskyj an Bord ist nach norwegischen Angaben in Moldau beinahe von einer Drohne getroffen worden. Der Vorfall habe sich beim Start der Masch… [+1547 chars],,de,'Russland'
https://www.bild.de/politik/ausland-und-internationales/sabotage-im-hohen-norden-nato-ertappt-putins-kabelpfuscher-auf-frischer-tat-6aa28708240b302c8a83ff88,https://www.bild.de/politik/ausland-und-internationales/sabotage-im-hohen-norden-nato-ertappt-putins-kabelpfuscher-auf-frischer-tat-6aa28708240b302c8a83ff88,0,www.bild.de,Sabotage im hohen Norden - Putins Kabel-Pfuscher auf frischer Tat ertappt,Brisante Enthüllung aus dem hohen Norden: Russische Spezial-U-Boote sollen nahe einer Nato-Insel die Sabotage von Unterseekabeln geübt haben.,"https://images.bild.de/6aa28708240b302c8a83ff88/d0455b8019102a26961c0613d92a7170,b23088b3?w=1280",2026-09-10T12:52:33Z,,TTS-Player überspringenArtikel weiterlesenLongyearbyen Brisante Enthüllung aus dem hohen Norden: Russische Spezial-U-Boote sollen im Frühjahr nahe der norwegischen Inselgruppe Spitzbergen mit einer g… [+2373 chars],,de,'Putin'
https://www.sueddeutsche.de/kultur/gastbeitrag-timothy-snyder-9-11-trump-putin-terrorismus-li.3533256,https://www.sueddeutsche.de/kultur/gastbeitrag-timothy-snyder-9-11-trump-putin-terrorismus-li.3533256,0,www.sueddeutsche.de,Debatte: Haben die Terroristen gewonnen?,"Amerikas Antwort auf den 11. September hat genau das erreicht, was die Angreifer wollten: Kriege, Entdemokratisierung und ein Klima der Lüge, das Putin und Trump ausnutzen. Doch es gibt noch Mittel zur Gegenwehr.",https://www.sueddeutsche.de/2026/01/19/cab8c620-6307-409b-ae1e-38e27636d5e9.jpg?q=60&fm=webp&width=1200&rect=0%2C41%2C4000%2C2250,2026-09-10T12:57:56Z,,"Am 11. September 2001, als ich meine dritte Vorlesung als Professor für Osteuropäische Geschichte in Yale hielt, wusste ich, worum es gehen musste: Provokation. Die russischen kaiserlichen Geheimdien… [+220 chars]",,de,'Putin'
https://www.welt.de/politik/deutschland/article6aa25970994a2b48a93c1990/milliardenschwere-unterstuetzung-nach-dem-afd-sieg-entbrennt-in-der-spd-streit-ueber-den-ukraine-kurs.html,https://www.welt.de/politik/deutschland/article6aa25970994a2b48a93c1990/milliardenschwere-unterstuetzung-nach-dem-afd-sieg-entbrennt-in-der-spd-streit-ueber-den-ukraine-kurs.html,0,www.welt.de,Nach dem AfD-Sieg entbrennt in der SPD Streit über den Ukraine-Kurs,"Der AfD-Sieg in Sachsen-Anhalt entfacht in der SPD den Streit über den eigenen Kurs in der Ukraine- und Russland-Politik neu. Außenpolitiker Stegner, der den Aufrüstungskurs kritisch sieht, bekommt Zulauf.",https://images.welt.de/6aa25970994a2b48a93c1990/8b3c6ffc93acee44610e7b8623a6190a/ci16x9-w1200/dwosb-selenskyj2-spd-ms-jpg,2026-09-10T13:03:02Z,,"Der AfD-Sieg in Sachsen-Anhalt entfacht in der SPD den Streit über den eigenen Kurs in der Ukraine- und Russland-Politik neu. Außenpolitiker Stegner, der den Aufrüstungskurs kritisch sieht, bekommt Z… [+8624 chars]",,de,'Russland'
https://www.focus.de/politik/ausland/warum-putin-jetzt-blinde-und-krebskranke-zur-drohnenabwehr-einsetzen-will_7e804414-c321-497c-8f4a-e38a872779ae.html,https://www.focus.de/politik/ausland/warum-putin-jetzt-blinde-und-krebskranke-zur-drohnenabwehr-einsetzen-will_7e804414-c321-497c-8f4a-e38a872779ae.html,0,www.focus.de,Warum Putin jetzt Blinde und Krebskranke zur Drohnenabwehr einsetzen will,Russland will offenbar selbst Menschen mit schweren Erkrankungen für regionale Einheiten gewinnen. Sie sollen unter anderem ukrainische Drohnen über russischen Städten abwehren.,"https://quadro.burda-forward.de/ctf/d6aa9354-40fa-4082-8c0e-a42141bd2052.0b538bb7-41fb-4111-a27e-5fd0960be88e.jpg?im=RegionOfInterestCrop=(1200,630),regionOfInterest=(910,465)&hash=e51793bdc149b905d766ca541e3479d481f140bc975bffbc8dc07f21d7568315",2026-09-10T13:16:00Z,,Russlands Präsident Wladimir Putin unterstützt Pläne zum Einsatz von Menschen mit schweren Erkrankungen und Behinderungen in der Armee. Sie könnten ukrainische Drohnen über russischen Städten und Anl… [+3347 chars],,de,'Putin'
https://www.tagesspiegel.de/internationales/trainingslager-im-natogebiet-britische-ex-soldaten-sollen-russen-fur-den-krieg-in-der-ukraine-ausbilden-16038209.html,https://www.tagesspiegel.de/internationales/trainingslager-im-natogebiet-britische-ex-soldaten-sollen-russen-fur-den-krieg-in-der-ukraine-ausbilden-16038209.html,0,www.tagesspiegel.de,Trainingslager im Nato‑Gebiet: Britische Ex-Soldaten sollen Russen für den Krieg in der Ukraine ausbilden,Russische Staatsbürger könnten in europäischen Trainingslagern für den Fronteinsatz geschult werden. Einem Medienbericht zufolge legen dies geleakte Geheimdienstinfos nahe. Brisant: Eines der Camps liegt offenbar im Nato-Land Bulgarien.,https://www.tagesspiegel.de/images/15639903/alternates/BASE_16_9_W1400/1779809258000/russian-assault-unit-training-in-zaporozhye-region.jpeg,2026-09-10T13:43:23Z,,"Veteranen der britischen Spezialeinheit Special Air Service (SAS) sollen Russen für den Kriegseinsatz in der Ukraine ausbilden. Dies geht aus Berichten der Geheimdienst-Allianz Five Eyes hervor, über… [+4506 chars]",,de,'Krieg'
https://www.diepresse.com/41250249/gefaehrliche-diplomatie-wie-selenskyj-im-krieg-um-die-welt-reist,https://www.diepresse.com/41250249/gefaehrliche-diplomatie-wie-selenskyj-im-krieg-um-die-welt-reist,0,www.diepresse.com,Gefährliche Diplomatie: Wie Selenskyj im Krieg um die Welt reist [premium],Ein Drohnen-Zwischenfall wirft ein Schlaglicht auf die gefährliche Reisediplomatie von Präsident Wolodymyr Selenskyj.,https://img.diepresse.com/public/incoming/fu6cs7-imagost0910105800010866480795jpg/alternates/WEBP_WIDE_1200/imago_st_0910_10580001_0866480795.jpg,2026-09-10T14:20:57Z,,"Das Zitat ging um die Welt: Ein Flieger mit Präsident Wolodymyr Selenskyj sei am Flughafen von Chisinau beinahe von einer Drohne getroffen worden, sagte Norwegens Premier Jonas Gahr Støre am Dienstag… [+1968 chars]",,de,'Putin'
https://www.derstandard.at/story/3000000339285/gemeinsame-interessen-entfachen-die-maennerfreundschaft-zwischen-trump-und-putin-neu,https://www.derstandard.at/story/3000000339285/gemeinsame-interessen-entfachen-die-maennerfreundschaft-zwischen-trump-und-putin-neu,0,www.derstandard.at,Gemeinsame Interessen entfachen die Männerfreundschaft zwischen Trump und Putin neu,"Der US-Präsident engagiert sich wieder im Ukrainekonflikt und spricht von einem ""großartigen"" Telefonat mit Putin. Dass es bald einen Friedensdeal gibt, bezweifeln viele",https://i.ds.at/ZJZ2pQ/rs:fill:1200:600/plain/lido-images/2026/09/10/3535c72c-b0e7-4b5a-9d64-335de7c588c9.jpg,2026-09-10T14:30:03Z,,"Sie entscheiden darüber, wie Sie unsere Inhalte nutzen wollen. Ihr Gerät erlaubt uns derzeit leider nicht, die entsprechenden Optionen anzuzeigen.
Bitte deaktivieren Sie sämtliche Hard- und Software… [+180 chars]",,de,'Putin'
https://www.bild.de/sport/mehr-sport/karen-khachanov-warum-der-putin-freund-weiter-tennis-spielen-darf-6aa2ba59240b302c8a8404d1,https://www.bild.de/sport/mehr-sport/karen-khachanov-warum-der-putin-freund-weiter-tennis-spielen-darf-6aa2ba59240b302c8a8404d1,0,www.bild.de,Halbfinale der US Open - Zverevs Gegner rechtfertigt Putins Krieg,Karen Khachanov trifft im US-Open-Halbfinale auf Alexander Zverev. Trotz prorussischer Kriegssymbole und umstrittener Aussagen blieb der Russe unbehelligt.,"https://images.bild.de/6aa2ba59240b302c8a8404d1/ee4d68a06b55d459791c95e898d414ac,b87afd43?w=1280",2026-09-10T14:58:16Z,,TTS-Player überspringenArtikel weiterlesenEr ist einer der umstrittensten Spieler der Tennis-Szene: Karen Khachanov (30). Am Freitag (21 Uhr MESZ) muss der Russe im Viertelfinale der US Open in New Y… [+2497 chars],,de,'Krieg'
https://www.tagesspiegel.de/internationales/hat-putin-eine-neue-tiefsee-geheimwaffe-nato-staaten-sollen-russischen-u-boot-test-vor-spitzbergen-vereitelt-haben-16039840.html,https://www.tagesspiegel.de/internationales/hat-putin-eine-neue-tiefsee-geheimwaffe-nato-staaten-sollen-russischen-u-boot-test-vor-spitzbergen-vereitelt-haben-16039840.html,0,www.tagesspiegel.de,Hat Putin eine neue Tiefsee-Geheimwaffe?: Nato-Staaten sollen russischen U-Boot-Test vor Spitzbergen vereitelt haben,"In arktischen Gewässern sollen Streitkräfte von Norwegen, Großbritannien und den USA russische U-Boote bei einem Manöver gestört haben. Insiderquellen zufolge soll eine neue Waffe getestet worden sein.",https://www.tagesspiegel.de/images/15393359/alternates/BASE_16_9_W1400/1789050353000/russian-president-putin-observes-zapad-2025-military-exercises-in-nizhny-novgorod-region.jpeg,2026-09-10T15:04:37Z,,Russische Tiefsee-U-Boote sollen nahe dem Spitzbergen-Archipel im Arktischen Ozean eine geheime Technologie zum Ausschalten von Unterseekabeln getestet haben. Das geht aus einem Bericht der Nachricht… [+5540 chars],,de,'Putin'
https://www.n-tv.de/politik/Sachsen-Anhalt-zieht-zu-Onkel-Wladimir-und-Merz-vermeidet-das-Safeword-id31290402.html,https://www.n-tv.de/politik/Sachsen-Anhalt-zieht-zu-Onkel-Wladimir-und-Merz-vermeidet-das-Safeword-id31290402.html,0,www.n-tv.de,Berlin Tag & Macht: Sachsen-Anhalt zieht zu Onkel Wladimir und Merz vermeidet das Safeword,"Sachsen-Anhalt hat gewählt, und plötzlich hat niemand mehr etwas zu lachen, außer Alice Weidel und Wladimir Putin. Über 43,8 Prozent AfD, das politische Safeword im Grundgesetz und die unbequeme Wahrheit, dass hinter dem Rechtsruck vor allem eine Zahl steckt:…",https://www.n-tv.de/img/31290442/1789033553/Img_16_9/1200/617312017.jpg,2026-09-10T15:09:33Z,,"Auch auf diese Frage gibt die Wahl in Sachsen-Anhalt keine Antwort. (Foto: picture alliance/dpa/Revierfoto)
Sachsen-Anhalt hat gewählt, und plötzlich hat niemand mehr etwas zu lachen, außer Alice We… [+7775 chars]",,de,'Putin'
https://www.freitag.de/autoren/lutz-herden/9-11-bot-neue-geopolitische-perspektiven-warum-wurden-sie-vertan,https://www.freitag.de/autoren/lutz-herden/9-11-bot-neue-geopolitische-perspektiven-warum-wurden-sie-vertan,0,www.freitag.de,USA/Russland | 9/11 bot vor 25 Jahren neue internationale Perspektiven. Warum wurden sie vertan?,Russland und die USA bilden eine Zweckallianz innerhalb der westlichen Anti-Terror-Koalition. Wladimir Putin besucht zwei Wochen nach 9/11 Deutschland und spricht vor dem Bundestag zu möglichen strategischen Allianzen Was besonders haften blieb nach der jüngs…,https://www.freitag.de/autoren/lutz-herden/9-11-bot-neue-geopolitische-perspektiven-warum-wurden-sie-vertan/@@images/image/great,2026-09-10T16:16:00Z,,"Was besonders haften blieb nach der jüngsten Moskau-Mission der US-Emissäre Steve Witkoff und Jared Kushner, waren lobende Worte für Wladimir Putin, die eher undiplomatisch klangen. Er sei vom russis… [+5749 chars]",,de,'Putin'
https://www.welt.de/politik/deutschland/article6aa2d901e63dfef5db084ba1/ukraine-putin-ist-zutiefst-ueberzeugt-militaerexperte-spricht-von-absoluter-niederlage-europas.html,https://www.welt.de/politik/deutschland/article6aa2d901e63dfef5db084ba1/ukraine-putin-ist-zutiefst-ueberzeugt-militaerexperte-spricht-von-absoluter-niederlage-europas.html,0,www.welt.de,"„Putin ist zutiefst überzeugt, …“ – Militärexperte spricht von „absoluter Niederlage“ Europas",Putin will die Ukraine laut einem Militärexperten im Winter „endgültig in die Knie zwingen“. Oberst Reisner macht zudem die größte Schwachstelle Kiews aus.,https://images.welt.de/6aa2d901e63dfef5db084ba1/cbf9b66af22caaffad2a79d9c89c734c/ci16x9-w1200/1789042365492-afp-c7w88zq-jpg,2026-09-10T17:35:49Z,,"Putin will die Ukraine laut einem Militärexperten im Winter endgültig in die Knie zwingen. Oberst Reisner macht zudem die größte Schwachstelle Kiews aus.Klicken Sie hier, um sich Artikel von WELT in … [+3767 chars]",,de,'Putin'
https://www.zeit.de/politik/deutschland/2026-09/hybride-kriegsfuehrung-cemas-russland-julia-smirnova-sabotage-landtagswahlen,https://www.zeit.de/politik/deutschland/2026-09/hybride-kriegsfuehrung-cemas-russland-julia-smirnova-sabotage-landtagswahlen,0,www.zeit.de,"Hybride Kriegsführung: »Putin hofft, die AfD könne die Bundesregierung in eine Krise stürzen«","Russland überzieht Deutschland mit hybriden Angriffen. Das Ziel: die Gesellschaft psychisch zu zermürben und die AfD zu stärken, sagt die Forscherin Julia Smirnova.",https://img.zeit.de/politik/deutschland/2026-09/hybride-kriegsfuehrung-cemas-russland-julia-smirnova-sabotage-landtagswahlen-bild-4/wide__1300x731,2026-09-10T18:19:25Z,,"Schließen
Artikelzusammenfassung
Russlands hybride Angriffe auf Deutschland zielen auf Verunsicherung und politische Wirkung. Julia Smirnova beschreibt, wie Moskau den AfD-Erfolg in Sachsen-Anhalt … [+1046 chars]",,de,'Putin'
https://www.freitag.de/autoren/velten-schaefer/haben-alle-mitbekommen-dass-nicht-putin-deutsche-umspannwerke-attackiert-hat,https://www.freitag.de/autoren/velten-schaefer/haben-alle-mitbekommen-dass-nicht-putin-deutsche-umspannwerke-attackiert-hat,0,www.freitag.de,"Ein psychologischer Effekt erklärt, warum wir hinter jeder Sabotage Putin vermuten","Kürzlich sorgten Sabotageakte an deutschen Umspannwerken für Panik – schnell fiel der Verdacht auf Russland. Dabei ist der mutmaßliche Täter nur ein Deutscher aus der Klimaszene. Ein bekanntes Phänomen ließ uns aber nur gen Moskau starren „Ist es das, wonach …",https://www.freitag.de/autoren/velten-schaefer/haben-alle-mitbekommen-dass-nicht-putin-deutsche-umspannwerke-attackiert-hat/@@images/image/great,2026-09-10T18:30:00Z,,"„Ist es das, wonach es aussieht?“ Das fragt jüngst die Zeit in einem Artikel, in dem es um eine Mini-Serie von – wenig spektakulären und wirkungslosen – Sabotageversuchen gegen deutsche Umspannwerke … [+5244 chars]",,de,'Putin'
https://www.bild.de/politik/ausland-und-internationales/der-plan-des-kreml-diktators-so-will-putin-die-ukraine-im-winter-in-die-knie-zwingen-6aa2efdc4efdd38dc3e6a88e,https://www.bild.de/politik/ausland-und-internationales/der-plan-des-kreml-diktators-so-will-putin-die-ukraine-im-winter-in-die-knie-zwingen-6aa2efdc4efdd38dc3e6a88e,0,www.bild.de,Der Plan des Kreml-Diktators - So will Putin die Ukraine in die Knie zwingen,Experte warnt: Putin hat einen Plan für die Entscheidungsschlacht diesen Winter.,"https://images.bild.de/6aa2efdc4efdd38dc3e6a88e/2d118a0dc194e86e3df2682dac5362c6,865fd980?w=1280",2026-09-10T18:33:17Z,,TTS-Player überspringenArtikel weiterlesenMoskau Die Ukraine steht vor dem härtesten Winter seit der russischen Invasion vor vier Jahren. Es könnte sogar der entscheidende Kriegswinter sein. Denn Rus… [+1969 chars],,de,'Ukraine'
https://www.zeit.de/news/2026-09/10/tote-nach-russischem-drohnenangriff-auf-pawlohrad,https://www.zeit.de/news/2026-09/10/tote-nach-russischem-drohnenangriff-auf-pawlohrad,0,www.zeit.de,Ukraine-Krieg: Tote nach russischem Drohnenangriff auf Pawlohrad,Hier finden Sie Informationen zu dem Thema „Ukraine-Krieg“. Lesen Sie jetzt „Tote nach russischem Drohnenangriff auf Pawlohrad“.,https://img.zeit.de/news/2026-09/10/tote-nach-russischem-drohnenangriff-auf-pawlohrad-image-group/wide__1300x731,2026-09-10T18:48:36Z,,Bei einem russischen Drohnenangriff sind in der südostukrainischen Stadt Pawlohrad mindestens vier Menschen getötet und mehr als 60 weitere verletzt worden. Das teilte der ukrainische Präsident Wolod… [+1150 chars],,de,'Krieg'
https://www.tagesspiegel.de/internationales/polens-premier-erhielt-bericht-von-cia-chef-ratcliffe-tusk-warnt-vor-russischen-angriffen-auf-die-eu-ostflanke-16040750.html,https://www.tagesspiegel.de/internationales/polens-premier-erhielt-bericht-von-cia-chef-ratcliffe-tusk-warnt-vor-russischen-angriffen-auf-die-eu-ostflanke-16040750.html,0,www.tagesspiegel.de,Polens Premier erhielt Bericht von CIA-Chef Ratcliffe: Tusk warnt vor russischen Angriffen auf die EU-Ostflanke,"Premier Donald Tusk warnt davor, dass Russland laut einem CIA-Bericht an der Ostflanke weiter eskalieren könnte. Bereits am Mittwoch wurde ein polnischer Grenzübergang attackiert.",https://www.tagesspiegel.de/images/16040755/alternates/BASE_16_9_W1400/1789090300000/v4-country-pms-meet-pm-of-ireland-in-slovakia.jpeg,2026-09-11T01:50:20Z,,"Ende August reiste CIA-Direktor John Ratcliffe für Gespräche nach Russland, sogar ein Treffen mit Wladimir Putin war geplant. Doch der russische Präsident sagte es in letzter Minute ab  angeblich, we… [+2980 chars]",,de,'Russland'
https://www.tagesspiegel.de/internationales/polens-premier-erhielt-cia-bericht-tusk-warnt-vor-russischen-angriffen-auf-die-eu-ostflanke-16040750.html,https://www.tagesspiegel.de/internationales/polens-premier-erhielt-cia-bericht-tusk-warnt-vor-russischen-angriffen-auf-die-eu-ostflanke-16040750.html,0,www.tagesspiegel.de,Polens Premier erhielt CIA-Bericht: Tusk warnt vor russischen Angriffen auf die EU-Ostflanke,"Premier Donald Tusk warnt davor, dass Russland laut Informationen der CIA an der Ostflanke weiter eskalieren könnte. Bereits am Mittwoch wurde ein polnischer Grenzübergang attackiert.",https://www.tagesspiegel.de/images/16040770/alternates/BASE_16_9_W1400/1789092651000/file-photo-polish-swedish-intergovernmental-consultations-in-gdynia.jpeg,2026-09-11T01:50:20Z,,"Ende August reiste CIA-Direktor John Ratcliffe für Gespräche nach Russland, sogar ein Treffen mit Wladimir Putin war geplant. Doch der russische Präsident sagte es in letzter Minute ab  angeblich, we… [+3169 chars]",,de,'Russland'
https://www.zeit.de/news/2026-09/11/ukraine-und-baden-wuerttemberg-wollen-polizei-vernetzen,https://www.zeit.de/news/2026-09/11/ukraine-und-baden-wuerttemberg-wollen-polizei-vernetzen,0,www.zeit.de,"Drohnen, Spionage und Co.: Ukraine und Baden-Württemberg wollen Polizei vernetzen","Hier finden Sie Informationen zu dem Thema „Drohnen, Spionage und Co.“. Lesen Sie jetzt „Ukraine und Baden-Württemberg wollen Polizei vernetzen“.",https://img.zeit.de/news/2026-09/11/ukraine-und-baden-wuerttemberg-wollen-polizei-vernetzen-image-group/wide__1300x731,2026-09-11T02:00:22Z,,Baden-württembergische Polizeibeamte sollen künftig von den Erfahrungen ihrer ukrainischen Kollegen etwa im Umgang mit Drohnen lernen. Eine entsprechende Absichtserklärung mit dem ukrainischen Innenm… [+2163 chars],,de,'Ukraine'
https://www.nzz.ch/international/krieg-im-stundenplan-wie-das-putin-regime-schon-die-kleinsten-fuer-die-front-abrichtet-ld.10022647,https://www.nzz.ch/international/krieg-im-stundenplan-wie-das-putin-regime-schon-die-kleinsten-fuer-die-front-abrichtet-ld.10022647,0,www.nzz.ch,Krieg im Stundenplan: Wie das Putin-Regime schon die Kleinsten für die Front abrichtet,"Verhaltensnoten, militärische Grundausbildung, kaum Staatskunde: An Russlands neuen Lehrplänen lässt sich studieren, wie der Staat einen neuen Menschen formt.","https://img-msp-prod.nzz.ch/2026/09/10/ad5b3ed1-674f-44c6-88cc-5a50eccec79a.jpg?width=1200&height=675&fit=bounds&quality=75&auto=webp&crop=5930,3336,x0,y398&wmark=nzz",2026-09-11T03:30:00Z,,"Verhaltensnoten, militärische Grundausbildung, kaum Staatskunde: An Russlands neuen Lehrplänen lässt sich studieren, wie der Staat einen neuen Menschen formt.
Zusammenfassung
In einer Schule im Mos… [+9313 chars]",,de,'Russland'
https://www.faz.net/aktuell/politik/inland/die-kosten-der-abhaengigkeit-von-russischem-gas-accg-201213548.html,https://www.faz.net/aktuell/politik/inland/die-kosten-der-abhaengigkeit-von-russischem-gas-accg-201213548.html,0,www.faz.net,Gaslieferungen: Was Deutschland die Abhängigkeit von Russland gekostet hat,"Um die Folgen des Stopps der russischen Gaslieferungen 2022 abzumildern, verkündete Olaf Scholz den „Doppelwumms“. 200 Milliarden waren dafür vorgesehen. Was wurde aus dem Geld?",https://media0.faz.net/image/w1200h627/f86d18ad0837/w3000h1567x0y165o/202209/43600.0.1181880814/bundeskanzler-olaf-scholz-spd.webp,2026-09-11T04:30:00Z,,"Die höchste Inflationsrate seit Anfang der Fünfzigerjahre, hohe Gas- und Strompreise: Das war die Lage in Deutschland im September 2022 infolge der russischen Vollinvasion in die Ukraine. Um die Ener… [+4828 chars]",,de,'Gas'
https://www.zeit.de/news/2026-09/11/portal-us-diesel-kostet-erstmals-6-us-dollar-pro-gallone,https://www.zeit.de/news/2026-09/11/portal-us-diesel-kostet-erstmals-6-us-dollar-pro-gallone,0,www.zeit.de,Krieg im Iran: Portal: US-Diesel kostet erstmals 6 US-Dollar pro Gallone,Hier finden Sie Informationen zu dem Thema „Krieg im Iran“. Lesen Sie jetzt „Portal: US-Diesel kostet erstmals 6 US-Dollar pro Gallone“.,https://img.zeit.de/news/2026-09/11/portal-us-diesel-kostet-erstmals-6-us-dollar-pro-gallone-image-group/wide__1300x731,2026-09-11T04:49:54Z,,"Der landesweite Durchschnittspreis für Diesel ist in den USA nach Daten des Marktanalyseportals Gasbuddy auf die Rekordmarke von 6,00 US-Dollar pro Gallone (3,785 Liter) geklettert. Damit sei Diesel … [+1584 chars]",,de,'Krieg'
https://www.zeit.de/politik/ausland/2026-09/afd-sachsen-anhalt-ukraine-russland-5v8,https://www.zeit.de/politik/ausland/2026-09/afd-sachsen-anhalt-ukraine-russland-5v8,0,www.zeit.de,"AfD in Sachsen-Anhalt: Frieden mit Russland? Schön wär’s, AfD","Die AfD will mit Russland verhandeln. Tatsächlich gibt es längst Gespräche. Aber Putin macht deutlich, was er von ihnen hält.",https://img.zeit.de/politik/ausland/2026-09/afd-sachsen-anhalt-ukraine-russland-5v8-bild-3/wide__1300x731,2026-09-11T05:43:44Z,,"Die Freude über
den Sieg der rechtsradikalen AfD in Sachsen-Anhalt dürfte sich in Moskau noch
kaum gelegt haben, da starteten die Wahltriumphierer in Deutschland so richtig durch. Gleich am Montag … [+865 chars]",,de,'Putin'
https://www.n-tv.de/politik/Krieg-gegen-den-Terror-Eine-Bilanz-nach-25-Jahren-id31281121.html,https://www.n-tv.de/politik/Krieg-gegen-den-Terror-Eine-Bilanz-nach-25-Jahren-id31281121.html,0,www.n-tv.de,Dramatische Folgen von 9/11: Krieg gegen den Terror: Eine Bilanz nach 25 Jahren,Nach den Anschlägen vom 11. September rufen die USA den Krieg gegen den Terrorismus aus. Es folgen Niederlagen und Fehleinschätzungen. Deren Auswirkungen zeichnen sich auch im Iran-Krieg ab.,https://www.n-tv.de/img/31281148/1788858099/Img_16_9/1200/458530588.jpg,2026-09-11T06:22:52Z,,"Dramatische Folgen von 9/11Krieg gegen den Terror: Eine Bilanz nach 25 Jahren
Ein Taliban-Kämpfer hebt die Hände zur Kapitulation vor den alliierten Soldaten. (Foto: picture alliance / Zoonar)
Nach… [+6478 chars]",,de,'Bedrohung'
https://www.focus.de/politik/ausland/der-krieg-gegen-terror-nach-9-11-schwaechte-die-usa-selbst_8a626a98-21be-4323-b372-b4d8b659f8cd.html,https://www.focus.de/politik/ausland/der-krieg-gegen-terror-nach-9-11-schwaechte-die-usa-selbst_8a626a98-21be-4323-b372-b4d8b659f8cd.html,0,www.focus.de,Der Krieg gegen Terror nach 9/11 schwächte die USA selbst,9/11 verletzte Amerikas Selbstbild. Die überzogene Reaktion schwächt die USA und den Westen bis heute. Europa muss eigenständiger werden.,"https://quadro.burda-forward.de/ctf/34480048-f94c-4ae6-b92d-e661c7e68aa5.4c925ebe-ea73-45db-9e75-6fed2daaa9a6.jpeg?im=RegionOfInterestCrop=(1200,630),regionOfInterest=(1024,659)&hash=c281918e5449e0ffc55190860f1a8fa0d34959abe2ec67f96a924a9a6e9d16b6",2026-09-11T06:25:00Z,,"Die Anschläge vom 11. September verletzten Amerikas Selbstbild und lösten eine Überreaktion aus, deren Folgen den Westen bis heute schwächen.
Statt grenzenloser Machtdemonstration brauchen die USA s… [+9151 chars]",,de,'Krieg'
https://www.focus.de/politik/saudi-kronprinz-will-us-schlaege-gegen-huthis-trump-lehnt-ab_ed4c9c01-8be6-4ed8-8246-4dab42be9136.html,https://www.focus.de/politik/saudi-kronprinz-will-us-schlaege-gegen-huthis-trump-lehnt-ab_ed4c9c01-8be6-4ed8-8246-4dab42be9136.html,0,www.focus.de,"Saudi-Kronprinz will US-Schläge gegen Huthis, Trump lehnt ab",Mohammed bin Salman hat US-Präsident Trump vergeblich um Luftschläge gegen die Huthi-Rebellen gebeten. Trotz der akuten Bedrohung wichtiger Handelswege lehnte Washington einen direkten Angriff ab.,"https://quadro.burda-forward.de/ctf/99b47273-ecdc-48f9-8df7-93533baa8772.e234a9a2-cab9-4e16-899b-48801e61662c.jpeg?im=RegionOfInterestCrop=(1200,630),regionOfInterest=(1016,502)&hash=d87da348c039a2059e30b23dfa1e1a877090d6196fe5bce280c94979656674d8",2026-09-11T06:45:00Z,,"Nach Angaben von zwei US-Beamten rief der Kronprinz Saudi-Arabiens, Mohammed bin Salman, am Donnerstag gleich zweimal bei Donald Trump an, um US-Luftschläge einzufordern. Das berichtet das US-Medium … [+1966 chars]",,de,'Bedrohung'
https://www.faz.net/aktuell/feuilleton/debatten/folgen-des-11-september-der-krieg-kommt-in-die-staedte-201213251.html,https://www.faz.net/aktuell/feuilleton/debatten/folgen-des-11-september-der-krieg-kommt-in-die-staedte-201213251.html,0,www.faz.net,Folgen des 11. Septembers: Der Krieg kommt in die Städte,"Der 11. September steht am Anfang der multipolaren Welt-Unordnung, in der wir heute leben. Seine Botschaft ist klar: Der Hauptgegner des Westens ist nicht mehr der Marxismus, sondern eine Ideologie der Vernichtung.",https://media0.faz.net/image/w1200h627/015474249812/w2371h1238x0y150o/202609/43601.0.2512172466/feuer-und-rauch-ueber.webp,2026-09-11T06:50:01Z,,"Im August des Jahres 410 nach Christus drang ein gotisches Heer unter Alarich in die Stadt Rom ein. Drei Jahre lang wurde das einstige Zentrum des römischen Weltreichs geplündert, Hunderte Menschen s… [+5583 chars]",,de,'Bedrohung'
https://www.zeit.de/news/2026-09/11/bund-gab-50-milliarden-euro-fuer-folgen-der-energiekrise-aus,https://www.zeit.de/news/2026-09/11/bund-gab-50-milliarden-euro-fuer-folgen-der-energiekrise-aus,0,www.zeit.de,Folgen des Ukraine-Kriegs: Bund gab 50 Milliarden Euro für Folgen der Energiekrise aus,Hier finden Sie Informationen zu dem Thema „Folgen des Ukraine-Kriegs“. Lesen Sie jetzt „Bund gab 50 Milliarden Euro für Folgen der Energiekrise aus“.,https://img.zeit.de/news/2026-09/11/bund-gab-50-milliarden-euro-fuer-folgen-der-energiekrise-aus-image-group/wide__1300x731,2026-09-11T07:41:20Z,,"Die Bundesregierung hat rund 50,4 Milliarden Euro ausgegeben, um Verbraucher in der Energiekrise zu entlasten und die Märkte zu stabilisieren. Das geht aus einer Antwort des Bundesfinanzministeriums … [+1637 chars]",,de,'Ukraine'
https://www.zeit.de/politik/deutschland/2026-09/energiekrise-ausgaben-bund-strompreisbremse-gaspreisbremse-gxe,https://www.zeit.de/politik/deutschland/2026-09/energiekrise-ausgaben-bund-strompreisbremse-gaspreisbremse-gxe,0,www.zeit.de,"Energiekrise: Gaskrise 2022 kostete den Bund 50,4 Milliarden Euro","Um Verbraucherinnen zu entlasten, wurden in der Energiekrise rund 50 Milliarden Euro ausgegeben. Die größten Kosten fielen 2022 für die Strom- und Gaspreisbremse an.",https://img.zeit.de/politik/deutschland/2026-09/energiekrise-ausgaben-bund-strompreisbremse-gaspreisbremse-foto-1/wide__1300x731,2026-09-11T08:28:22Z,,"Die Bundesregierung hat rund 50,4 Milliarden Euro ausgegeben, um Verbraucher in der Energiekrise im Jahr 2022 zu entlasten und die Märkte zu stabilisieren. Das geht aus einer Antwort des Bundesfinanz… [+2747 chars]",,de,'Gas'
https://www.bild.de/politik/ausland-und-internationales/saudi-arabien-huthi-angriffe-rauch-ueber-pipeline-oelpreis-steigt-6aa3940c240b302c8a840da4,https://www.bild.de/politik/ausland-und-internationales/saudi-arabien-huthi-angriffe-rauch-ueber-pipeline-oelpreis-steigt-6aa3940c240b302c8a840da4,0,www.bild.de,Mullah-Verbündete eskalieren - Krieg ums Öl! Huthi-Terroristen blockieren wichtige Seestraße,"Die Huthi greifen Saudi-Arabien mit Raketen und Drohnen an. 73 Menschen werden verletzt, eine Öl-Pipeline brennt und der Brent-Preis steigt auf 105 Dollar.","https://images.bild.de/6aa3940c240b302c8a840da4/310af50101fa6fbd7528dcb0ba27839b,94d65ec4?w=1280",2026-09-11T08:39:45Z,,"TTS-Player überspringenArtikel weiterlesenSanaa/Riad Während Iran auf der einen Seite der Arabischen Halbinsel den Schiffsverkehr durch die Straße von Hormus massiv unter Druck setzt, schlagen jetzt … [+2325 chars]",,de,'Bedrohung'
https://www.welt.de/vermischtes/video6aa3a65d240b302c8a840ecb/25-jahre-nach-9-11-die-tentakeln-des-terrors-spriessen-weltweit-nach-wie-vor.html,https://www.welt.de/vermischtes/video6aa3a65d240b302c8a840ecb/25-jahre-nach-9-11-die-tentakeln-des-terrors-spriessen-weltweit-nach-wie-vor.html,0,www.welt.de,„Die Tentakeln des Terrors sprießen weltweit nach wie vor.“,"Terrorexperte Rolf Tophoven analysiert die anhaltende Bedrohung durch islamistischen Terror und die Lehren für Sicherheitsbehörden. „Wir haben weltweit militant-islamistische Terrorgruppen“, warnt Tophoven.",https://images.welt.de/6aa3a65d240b302c8a840ecb/84fafaddab32c71f2566eca75bd5024c/ci16x9-w1200/tophoven-am-11-09-2026-jpg,2026-09-11T08:44:10Z,,"Terrorexperte Rolf Tophoven analysiert die anhaltende Bedrohung durch islamistischen Terror und die Lehren für Sicherheitsbehörden. Wir haben weltweit militant-islamistische Terrorgruppen, warnt Toph… [+64 chars]",,de,'Bedrohung'
https://www.dw.com/de/iran-kalk%C3%BCl-vor-us-zwischenwahlen/a-79224834,https://www.dw.com/de/iran-kalk%C3%BCl-vor-us-zwischenwahlen/a-79224834,0,www.dw.com,Iran: Kalkül vor US-Zwischenwahlen,"Mit Blick auf die US-Zwischenwahlen im November steigt Iran vorsichtig auf der Eskalationsleiter auf. Teheran versucht offenbar, den Druck auf Washington zu erhöhen, ohne dabei einen umfassenden Krieg zu provozieren.",https://static.dw.com/image/79139673_6.jpg,2026-09-11T09:24:00Z,,"""Der Krieg wird unmittelbar nach den Zwischenwahlen enden, weil der Iran nicht länger durchhalten kann"", sagte US-Präsident Donald Trump am 9. September vor Journalisten. Trump bezeichnete die Wahl a… [+7112 chars]",,de,'Krieg'
https://www.tagesschau.de/ausland/amerika/usa-11-september-aussenpolitik-100.html,https://www.tagesschau.de/ausland/amerika/usa-11-september-aussenpolitik-100.html,0,www.tagesschau.de,Wie der 11. September die US-Außenpolitik verändert hat,"Der ""Krieg gegen den Terror"", die Logik von Präventivkriegen: Die Anschläge am 11. September 2001 hatten dramatische Folgen für die Außen- und Sicherheitspolitik der USA - die bis heute nachwirken. Von Carsten Kühntopp.",https://images.tagesschau.de/image/984e8bac-ccc7-4b49-aa8c-7325a3eceee1/AAABoGLEyoM/AAABnSSvrFg/16x9-big/bush-184.jpg?width=1280,2026-09-11T09:33:10Z,,"Stand: 11.09.2026 11:33 Uhr
Der ""Krieg gegen den Terror"", die Logik von Präventivkriegen: Die Anschläge am 11. September 2001 hatten dramatische Folgen für die Außen- und Sicherheitspolitik der USA … [+7173 chars]",,de,'Putin'
https://www.nzz.ch/meinung/das-zuercher-urteil-gegen-einen-hacker-zeigt-erfolge-sind-moeglich-wenn-die-ermittler-ihre-kraefte-auf-cyberkriminelle-fokussieren-ld.10023268,https://www.nzz.ch/meinung/das-zuercher-urteil-gegen-einen-hacker-zeigt-erfolge-sind-moeglich-wenn-die-ermittler-ihre-kraefte-auf-cyberkriminelle-fokussieren-ld.10023268,0,www.nzz.ch,KOMMENTAR - Das Zürcher Urteil gegen einen Hacker zeigt: Erfolge sind möglich – wenn die Ermittler ihre Kräfte auf Cyberkriminelle fokussieren,"Cyberkriminelle sind eine Bedrohung. Die Verurteilung eines Ukrainers zu zwölf Jahren Haft zeigt, dass die Bekämpfung möglich ist. Doch es braucht mehr Ressourcen. Sonst kapituliert der Rechtsstaat.","https://img-msp-prod.nzz.ch/2026/09/10/43dec83c-041e-4fa0-8d35-9083b9f8f9b3.jpg?width=1200&height=674&fit=bounds&quality=75&auto=webp&crop=3000,1687,x0,y309&wmark=nzz",2026-09-11T09:58:00Z,,"Cyberkriminelle sind eine Bedrohung. Die Verurteilung eines Ukrainers zu zwölf Jahren Haft zeigt, dass die Bekämpfung möglich ist. Doch es braucht mehr Ressourcen. Sonst kapituliert der Rechtsstaat.… [+4196 chars]",,de,'Bedrohung'
https://burgenland.orf.at/stories/3370709/,https://burgenland.orf.at/stories/3370709/,0,burgenland.orf.at,Kampf gegen Rebzikade: AGES setzt auf Drohnen,"Die Rebzikade hat sich zu einer ernsten Bedrohung für den Weinbau entwickelt. Im Kampf gegen das Insekt, das eine unheilbare Krankheit auf Weinreben überträgt, setzt die Agentur für Gesundheit und Ernährungssicherheit (AGES) nun auf Drohnen und Künstliche Int…",https://ibs.orf.at/bgl?image=https%3A%2F%2Foekastatic.orf.at%2Fmims%2F2026%2F37%2F70%2Fcrops%2Fw%3D1200%2Ch%3D627%2Cq%3D75%2F3178998_master_1232770_260911_bh_ages_untersucht_rebzikaden-befall-00_01_29_12.jpg%3Fs%3Dd3cd3ce7d53d590e7bf491af9431fac97ecb47d2,2026-09-11T10:23:43Z,,"Über den Weingärten in Gols (Bezirk Neusiedl am See) zog am Donnerstag eine Drohne ihre Kreise. Gesucht wird bei diesem AGES-Projekt nicht direkt nach der Rebzikade, denn das nur wenige Millimeter gr… [+1439 chars]",,de,'Bedrohung'
https://www.focus.de/politik/ausland/nach-angriffen-auf-paketlager-russland-stattet-postmitarbeiter-mit-anti-drohnen-technik-aus_5ce09701-cbec-46d3-a0d0-cdeb32d76c83.html,https://www.focus.de/politik/ausland/nach-angriffen-auf-paketlager-russland-stattet-postmitarbeiter-mit-anti-drohnen-technik-aus_5ce09701-cbec-46d3-a0d0-cdeb32d76c83.html,0,www.focus.de,Nach Angriffen auf Paketlager: Russland stattet Postmitarbeiter mit Anti-Drohnen-Technik aus,"Nach Angriffen auf Paketlager stattet Russland Postmitarbeiter mit Anti-Drohnen-Technik aus. Welche Geräte eingesetzt werden, bleibt offen.","https://quadro.burda-forward.de/ctf/1e294f32-9a97-4b96-a664-98bcbd2568e1.c3e4c31a-882b-46e5-8faf-8001f304cc85.jpg?im=RegionOfInterestCrop=(1200,630),regionOfInterest=(929,878)&hash=936e80f1af64782c95cbaa70d51b771afa2913b353449ba1e4db6c8b7f22cae8",2026-09-11T10:34:00Z,,Postmitarbeiter in Russland sollen künftig gegen Drohnen geschützt werden. Ein Regierungsbeschluss erweitert die Ausrüstung für Bundesbedienstete im Postdienst um spezielle Anti-Drohnen-Technik. Das … [+2316 chars],,de,'Russland'
https://www.dw.com/de/russlands-drohnenkrieg-erreicht-moldau-und-rumaenien-wolodymyr-selenskyjs-flugzeug-in-gefahr/a-79225903,https://www.dw.com/de/russlands-drohnenkrieg-erreicht-moldau-und-rumaenien-wolodymyr-selenskyjs-flugzeug-in-gefahr/a-79225903,0,www.dw.com,Russlands Drohnenkrieg erreicht Moldau und Rumänien,Immer häufiger dringen russische Drohnen in die Republik Moldau und Rumänien ein. Nun geriet sogar Selenskyjs Flugzeug vor dem Start in Chisinau in Gefahr. Manche Experten sprechen bereits von absichtlichen Angriffen.,https://static.dw.com/image/79196384_6.jpg,2026-09-11T11:17:00Z,,"Für die Ukrainerinnen und Ukrainer ist Russlands Luftkrieg seit Jahren eine blutige, bittere Realität - durch Raketen, Fliegerbomben und Drohnensterben in dem Land jeden Tag Menschen. In unvergleichl… [+7278 chars]",,de,'Russland'
https://www.n-tv.de/politik/Israelischer-Drohnenpilot-enthuellt-wie-wahllos-in-Gaza-getoetet-wurde-id31294793.html,https://www.n-tv.de/politik/Israelischer-Drohnenpilot-enthuellt-wie-wahllos-in-Gaza-getoetet-wurde-id31294793.html,0,www.n-tv.de,"""Du hast zwei Millionen Ziele"": Israelischer Drohnenpilot enthüllt, wie wahllos in Gaza getötet wurde","Mit einer Zeitung spricht ein israelischer Drohnenpilot darüber, was er im Gazastreifen gesehen hat. Seine Berichte über mögliche Kriegsverbrechen decken sich mit den Aussagen von israelischen Geheimdienstmitarbeitern. Die Soldaten hätten ""ihre Menschlichkeit…",https://www.n-tv.de/img/31295186/1789124599/Img_16_9/1200/618028546.jpg,2026-09-11T11:37:06Z,,"Israel greift im Gazastreifen nach eigenen Angaben weiterhin Hamas-Mitglieder an. Dabei sterben regelmäßig auch Zivilisten. (Foto: picture alliance/dpa/AP)
Mit einer Zeitung spricht ein israelischer… [+6676 chars]",,de,'Bedrohung'
https://www.n-tv.de/panorama/Maria-Reva-Es-ist-so-lange-unvorstellbar-bis-es-wirklich-passiert-id31293745.html,https://www.n-tv.de/panorama/Maria-Reva-Es-ist-so-lange-unvorstellbar-bis-es-wirklich-passiert-id31293745.html,0,www.n-tv.de,"Ein Königreich für eine Schnecke: Maria Reva: ""Es ist so lange unvorstellbar, bis es wirklich passiert""","Vielfach ausgezeichnet wurde Maria Revas Roman, ""Ein Königreich für eine Schnecke"" - heute stellt die ukrainisch-kanadische Autorin, die auf der Liste der in Russland unerwünschten Personen steht, ihr Wunderwerk dem Publikum des internationalen Literaturfesti…",https://www.n-tv.de/img/31216896/1787287206/Img_16_9/1200/imago117635621.jpg,2026-09-11T12:02:32Z,,"Als Russland die Ukraine überfiel, reichte es Maria Reva nicht mehr, nur über Schnecken zu schreiben - obwohl die interessanter sind als man sich gemeinhin vorstellt. (Foto: Anya Chibis)
Die Kritik … [+6942 chars]",,de,'Russland'
https://www.focus.de/politik/deutschland/energiekrise-nach-russlands-angriff-auf-die-ukraine-staatliche-hilfen-kosteten-den-bund-ueber-50-milliarden-euro_a6c7cea4-40de-454b-a6b6-21dcff9f3057.html,https://www.focus.de/politik/deutschland/energiekrise-nach-russlands-angriff-auf-die-ukraine-staatliche-hilfen-kosteten-den-bund-ueber-50-milliarden-euro_a6c7cea4-40de-454b-a6b6-21dcff9f3057.html,0,www.focus.de,Energiekrise nach Russlands Angriff auf die Ukraine: Staatliche Hilfen kosteten den Bund über 50 Milliarden Euro,"Strom- und Gaspreisbremse, Soforthilfen und Energiepauschalen summierten sich auf rund 50,4 Milliarden Euro. Allein die Strompreisbremse kostete 16,3 Milliarden Euro.","https://quadro.burda-forward.de/ctf/1b199921-8043-4904-88fc-bf20a4c60fb0.241da7c7-6897-4dfd-a515-ca9dbd9677af.jpeg?im=RegionOfInterestCrop=(1200,630),regionOfInterest=(1024,660)&hash=8ceb099b6e026c38e976034f110f9d4db7fb93b2f920af4df12e7ef25edb0381",2026-09-11T13:05:00Z,,"Die staatlichen Unterstützungsmaßnahmen in der Energiekrise nach dem russischen Angriff auf die Ukraine im Februar 2022 haben die Bundesregierung rund 50,4 Milliarden Euro gekostet.
Das geht aus ein… [+4216 chars]",,de,'Gas'
https://www.tagesspiegel.de/politik/dpa-energiehilfen-kosteten-die-bundesregierung-504-milliarden-euro-16042851.html,https://www.tagesspiegel.de/politik/dpa-energiehilfen-kosteten-die-bundesregierung-504-milliarden-euro-16042851.html,0,www.tagesspiegel.de,"Der „Doppelwumms“ hatte seinen Preis: Energiehilfen kosteten die Bundesregierung 50,4 Milliarden Euro",Hilfen wie die Strom- und Gaspreisbremsen haben den Staat seit 2022 mehr als 50 Milliarden Euro gekostet. Nun wird auch vor neuen Abhängigkeiten gewarnt.,https://www.tagesspiegel.de/images/16042877/alternates/BASE_16_9_W1400/1789131744000/gasherd.jpeg,2026-09-11T13:16:38Z,,"Die staatlichen Unterstützungsmaßnahmen in der Energiekrise nach dem russischen Angriff auf die Ukraine im Februar 2022 haben die Bundesregierung rund 50,4 Milliarden Euro gekostet. Das geht aus eine… [+4397 chars]",,de,'Gas'
https://www.tagesspiegel.de/sport/polizei-auf-der-trainingsanlage-der-streit-bei-tennis-borussia-spitzt-sich-weiter-zu-16042227.html,https://www.tagesspiegel.de/sport/polizei-auf-der-trainingsanlage-der-streit-bei-tennis-borussia-spitzt-sich-weiter-zu-16042227.html,0,www.tagesspiegel.de,Polizei auf der Trainingsanlage: Der Streit bei Tennis Borussia spitzt sich weiter zu,Nach dem Streik der Jugendabteilung vor einer Woche hat der Klub sieben Trainer freigestellt. Einer hat nun Anzeige gegen den Jugendleiter erstattet – wegen Beleidigung und Bedrohung.,https://www.tagesspiegel.de/images/15535148/alternates/BASE_16_9_W1400/1789134724000/fussball-herren-saison-2022-2023-regionalliga-nordost-31-spieltag-tennis-borussia-fsv-luckenwalde-1-3-fans-v.jpeg,2026-09-11T13:44:07Z,,"Die Bitte seines Vorgesetzten kam zu einem denkbar ungünstigen Zeitpunkt. Es waren nur noch wenige Minuten, bis der U-15-Trainer des Berliner Fußball-Oberligisten Tennis Borussia mit seiner Mannschaf… [+288 chars]",,de,'Bedrohung'
https://www.n-tv.de/politik/Schifffahrt-in-Bab-al-Mandab-geraet-durch-Huthi-Vormarsch-weiter-unter-Druck-id31296720.html,https://www.n-tv.de/politik/Schifffahrt-in-Bab-al-Mandab-geraet-durch-Huthi-Vormarsch-weiter-unter-Druck-id31296720.html,0,www.n-tv.de,Durchfahrten schon rückläufig: Schifffahrt in Bab al-Mandab gerät durch Huthi-Vormarsch weiter unter Druck,"Eine für den Welthandel wichtige Meerenge wird seit Monaten durch die Huthi-Rebellen im Jemen bedroht. Die Schifffahrt ging zuletzt bereits zurück, doch jetzt haben die Kämpfer nach Gebietsgewinnen noch mehr Zugriff. Der Verband Deutscher Reeder warnt vor den…",https://www.n-tv.de/img/31296736/1789140874/Img_16_9/1200/2026-03-29T120556Z_1361058911_RC2CEKA8ITG9_RTRMADP_3_IRAN-CRISIS-YEMEN-HOUTHIS.jpg,2026-09-11T14:19:44Z,,"Ein Satellitenbild zeigt die Meerenge mit der Insel Perim. (Foto: via REUTERS)
Eine für den Welthandel wichtige Meerenge wird seit Monaten durch die Huthi-Rebellen im Jemen bedroht. Die Schifffahrt … [+2511 chars]",,de,'Bedrohung'
https://www.faz.net/aktuell/politik/ukraine/mehrere-tote-nach-angriff-auf-ukrainisches-einkaufszentrum-201217376.html,https://www.faz.net/aktuell/politik/ukraine/mehrere-tote-nach-angriff-auf-ukrainisches-einkaufszentrum-201217376.html,0,www.faz.net,Attacke Russlands: Mehrere Tote nach Angriff auf ukrainisches Einkaufszentrum,Russland greift vermehrt Tankstellen und Einkaufszentren in der Ukraine an. Das Ziel: Das Land durch Terror zum Aufgeben zu zwingen.,https://media0.faz.net/image/w1200h627/a823c7e7a79e/w1960h1024x0y135o/202609/43601.0.2536249235/eine-von-der-ukrainischen.webp,2026-09-11T15:09:05Z,,"Russland hat am Freitag abermals Tankstellen in der ukrainischen Hauptstadt Kiew angegriffen. Dabei seien zwei Menschen getötet und acht weitere verletzt worden, teilten die Behörden mit. Der Drohnen… [+2284 chars]",,de,'Ukraine'
https://www.faz.net/aktuell/politik/ausland/bosniens-aussenminister-konakovi-vuis-serbien-verherrlicht-voelkermord-201216620.html,https://www.faz.net/aktuell/politik/ausland/bosniens-aussenminister-konakovi-vuis-serbien-verherrlicht-voelkermord-201216620.html,0,www.faz.net,Bosniens Außenminister: „Serbien verankert die Verherrlichung von Kriegsverbrechen in seiner nationalen Identität“,Bosniens Außenminister Elmedin Konaković fordert im Interview EU-Sanktionen gegen Serbien. Nach den Ehrungen für den verstorbenen  Kriegsverbrecher Mladić erwarte er „Null Toleranz“.,https://media0.faz.net/image/w1200h627/dea5568121dc/w4975h2599x285y361o/202606/43601.0.2237754189/der-bosnische-aussenminister.webp,2026-09-11T15:48:51Z,,"Herr Minister, Sie haben die europäischen Reaktionen auf die Verherrlichung des serbischen Kriegsverbrechers Ratko Mladi und seine Beisetzung mit militärischen Ehren in Serbien als ungenügend kritisi… [+5535 chars]",,de,'Bedrohung'
https://www.bild.de/politik/ausland-und-internationales/ukraine-bei-lyman-gegenoffensive-draengt-russland-im-donbass-zurueck-6aa41eac181cb962d488c2e1,https://www.bild.de/politik/ausland-und-internationales/ukraine-bei-lyman-gegenoffensive-draengt-russland-im-donbass-zurueck-6aa41eac181cb962d488c2e1,0,www.bild.de,Heimliche Gegenoffensive - Ukraine drängt Russen bei Lyman zurück,Die Ukraine hat bei Lyman offenbar 150 bis über 200 Quadratkilometer zurückerobert. Die monatelang geheime Offensive setzt Russland unter Druck und blamiert Putin.,"https://images.bild.de/6aa41eac181cb962d488c2e1/78f62208947e77d7cbcde240f4906345,748d7fe3?w=1280",2026-09-11T16:15:13Z,,TTS-Player überspringenArtikel weiterlesenLyman (Ukraine) Die Ukraine hat offenbar eine der erfolgreichsten Gegenoffensiven des Jahres 2026 durchgeführt. Über mehrere Monate hinweg gelang es Einheite… [+2584 chars],,de,'Ukraine'
https://www.zeit.de/politik/ausland/2026-09/afd-russland-ukraine-krieg-unterstuetzung,https://www.zeit.de/politik/ausland/2026-09/afd-russland-ukraine-krieg-unterstuetzung,0,www.zeit.de,"AfD und Russland : Stellt euch vor, die Front bricht","Lieber heute als morgen würden AfD und BSW die Militärhilfen für die Ukraine stoppen. Die unvermeidliche Folge: eine gewaltige Fluchtbewegung, auch nach Deutschland.",https://img.zeit.de/politik/ausland/2026-09/afd-russland-ukraine-krieg-unterstuetzung-bild-bild-01/wide__1300x731,2026-09-11T17:01:27Z,,"Schließen
Artikelzusammenfassung
Die entscheidende Frage lautet: Hält die Front? Der Autor schildert Eindrücke seiner Reise durch die Ukraine und berichtet von Menschen in Charkiw, Sumy und anderen… [+981 chars]",,de,'Russland'
https://www.dw.com/de/afd-setzt-deutschlands-ukraine-hilfe-unter-druck/a-79226316,https://www.dw.com/de/afd-setzt-deutschlands-ukraine-hilfe-unter-druck/a-79226316,0,www.dw.com,AfD setzt Deutschlands Ukraine-Hilfe unter Druck,"Die in Teilen rechtsextreme AfD fordert nach ihrem Wahlsieg in Sachsen-Anhalt eine Wende in der Ukraine- und Russlandpolitik. Die Bundesregierung hält Kurs, doch der Rückhalt schwindet vor allem im Osten Deutschlands.",https://static.dw.com/image/79196578_6.jpg,2026-09-11T18:43:00Z,,"Bundeskanzler Friedrich Merz hält an den Hilfen für die Ukraine gegen den russischen Angriffskrieg fest. ""Wir unterstützen die Ukraine und wir werden sie weiter unterstützen, weil sie auch unsere Fre… [+7711 chars]",,de,'Ukraine'
https://www.zeit.de/news/2026-09/11/zwoelf-tote-bei-autounfall-in-russland,https://www.zeit.de/news/2026-09/11/zwoelf-tote-bei-autounfall-in-russland,0,www.zeit.de,Region Archangelsk: Zwölf Tote bei Autounfall in Russland,Hier finden Sie Informationen zu dem Thema „Region Archangelsk“. Lesen Sie jetzt „Zwölf Tote bei Autounfall in Russland“.,https://img.zeit.de/news/2026-09/11/zwoelf-tote-bei-autounfall-in-russland-image-group/wide__1300x731,2026-09-11T19:22:04Z,,"In der nordwestrussischen Region Archangelsk sind bei einem Autounfall mindestens zwölf Menschen ums Leben gekommen. Acht weitere seien verletzt worden, meldete die staatliche russische Nachrichtenag… [+370 chars]",,de,'Russland'
https://www.n-tv.de/politik/21-13-Britische-Schaetzung-500-000-russische-Soldaten-getoetet-id31297927.html,https://www.n-tv.de/politik/21-13-Britische-Schaetzung-500-000-russische-Soldaten-getoetet-id31297927.html,0,www.n-tv.de,Ukraine-Krieg im Liveticker: +++ 21:13 Britische Schätzung: 500.000 russische Soldaten getötet +++,"Berlin, Washington, Brüssel - überall. ntv berichtet von allen wichtigen Schauplätzen der Innen- und Außenpolitik.",https://www.n-tv.de/img/2339153/1721988811/Img_16_9/1200/image.jpg,2026-09-11T20:00:00Z,,"Eine britische Militärgeheimdienst-Einschätzung geht davon aus, dass ungefähr eine halbe Million russische Soldaten seit Beginn der großangelegten Invasion der Ukraine im Februar 2022 getötet wurden.… [+27687 chars]",,de,'Ukraine'
https://www.faz.net/aktuell/politik/ukraine/ukraine-liveticker-putin-europaeischen-soldaten-in-ukraine-wuerden-krieg-gegen-russland-bedeuten-faz-110683325.html,https://www.faz.net/aktuell/politik/ukraine/ukraine-liveticker-putin-europaeischen-soldaten-in-ukraine-wuerden-krieg-gegen-russland-bedeuten-faz-110683325.html,0,www.faz.net,Liveblog Ukrainekrieg: Putin warnt vor europäischen Soldaten in Ukraine: Würde „Krieg gegen Russland“ bedeuten,Russischer Angriff auf Einkaufszentrum: Kiew meldet mindestens sieben Tote in der Stadt Pawlohrad +++ Selenskyj: Treffen mit Trump Ende September in New York +++ Ukraine und Kanada bauen Kooperation bei Drohnen aus +++  alle Neuigkeiten im Liveblog,https://media0.faz.net/image/w1200h627/aa4f671cce1b/w5369h2805x0y107o/202609/43601.0.2541994322/der-russische-praesident.webp,2026-09-11T23:29:16Z,,"Russland rekrutiert nach Angaben von Amnesty International mit Täuschung, Zwang und Ausbeutung Menschen aus dem Ausland für seine Streitkräfte und schickt sie in den Krieg gegen die Ukraine. In viele… [+1148 chars]",,de,'Russland'
https://www.welt.de/politik/ausland/article6aa48b2d181cb962d488c780/spannungen-mit-russland-putin-macht-westliche-globalisten-fuer-afd-erfolg-verantwortlich-und-warnt-europa.html,https://www.welt.de/politik/ausland/article6aa48b2d181cb962d488c780/spannungen-mit-russland-putin-macht-westliche-globalisten-fuer-afd-erfolg-verantwortlich-und-warnt-europa.html,0,www.welt.de,Putin macht „westliche Globalisten“ für AfD-Erfolg verantwortlich – und warnt Europa,"Russlands Präsident führt den Wahlsieg der AfD auf Fehler westlicher Eliten zurück. Globalisten in ‌Politik, Sicherheit und Wirtschaft haben laut Putin zudem den Ukraine-Krieg ‌provoziert, indem sie versucht hätten, die Ukraine in die Nato zu ziehen. Für Euro…",https://images.welt.de/6aa48b2d181cb962d488c780/233e8e35228789ce6ab0b4591a9407ca-master/ci16x9-w1200/618631096-jpg,2026-09-11T23:35:25Z,,"Russlands Präsident führt den Wahlsieg der AfD auf Fehler westlicher Eliten zurück. Globalisten in Politik, Sicherheit und Wirtschaft haben laut Putin zudem den Ukraine-Krieg provoziert, indem sie ve… [+2214 chars]",,de,'Krieg'
https://www.faz.net/aktuell/politik/ukraine/ukraine-liveticker-selenskyj-vertrauter-gespraeche-zwischen-usa-ukraine-und-russland-noch-im-oktober-faz-110683325.html,https://www.faz.net/aktuell/politik/ukraine/ukraine-liveticker-selenskyj-vertrauter-gespraeche-zwischen-usa-ukraine-und-russland-noch-im-oktober-faz-110683325.html,0,www.faz.net,"Liveblog Ukrainekrieg: Selenskyj-Vertrauter: Gespräche zwischen USA, Ukraine und Russland noch im Oktober",Kreml: Dialog könnte „in absehbarer Zeit“ fortgesetzt werden +++ Putin warnt vor europäischen Soldaten in Ukraine: Würde „Krieg gegen Russland“ bedeuten +++ alle Neuigkeiten im Liveblog,https://media0.faz.net/image/w1200h627/bb79f3ad15f9/w3000h1567x0y128o/202601/43601.0.1684620795/kyrylo-budanow-stabschef-des.webp,2026-09-12T00:26:43Z,,"Der ukrainische Präsident Wolodymyr Selenskyj will sich Ende September in New York mit US-Präsident Donald Trump treffen. Ende September werden wir die Gelegenheit haben, das amerikanische Team in Ne… [+1196 chars]",,de,'Putin'
https://www.zeit.de/news/2026-09/12/putin-fuehrt-afd-erfolg-auf-fehler-des-westens-zurueck,https://www.zeit.de/news/2026-09/12/putin-fuehrt-afd-erfolg-auf-fehler-des-westens-zurueck,0,www.zeit.de,Ukraine-Krieg: Putin führt AfD-Erfolg auf Fehler des Westens zurück,Hier finden Sie Informationen zu dem Thema „Ukraine-Krieg“. Lesen Sie jetzt „Putin führt AfD-Erfolg auf Fehler des Westens zurück“.,https://img.zeit.de/news/2026-09/12/putin-fuehrt-afd-erfolg-auf-fehler-des-westens-zurueck-image-group/wide__1300x731,2026-09-12T02:06:01Z,,"Kremlchef Wladimir Putin hat das starke Ergebnis der AfD bei der jüngsten Landtagswahl in Sachsen-Anhalt auch auf Fehler des Westens zurückgeführt. Alles, was derzeit in Europa passiere, sei das Erge… [+4093 chars]",,de,'Ukraine'
https://www.tagesspiegel.de/internationales/dpa-ukraine-krieg-16044642.html,https://www.tagesspiegel.de/internationales/dpa-ukraine-krieg-16044642.html,0,www.tagesspiegel.de,Ukraine-Krieg: Putin führt AfD-Erfolg auf Fehler des Westens zurück,"Vor Medienvertretern wird der russische Präsident nach dem starken Wahlergebnis der AfD in Sachsen-Anhalt gefragt. Der Kremlchef nutzt dies als Steilvorlage, um seine Sicht auf Europa darzulegen.",https://www.tagesspiegel.de/images/16044641/alternates/BASE_16_9_W1400/1789178840000/brics-gipfel-in-indien.jpeg,2026-09-12T02:07:19Z,,"Kremlchef Wladimir Putin hat das starke Ergebnis der AfD bei der jüngsten Landtagswahl in Sachsen-Anhalt auch auf Fehler des Westens zurückgeführt. Alles, was derzeit in Europa passiere, sei das Erge… [+3762 chars]",,de,'Putin'
https://www.nzz.ch/meinung/die-praesidenten-chinas-russlands-und-irans-treffen-sich-doch-eine-schlagkraeftige-allianz-gegen-den-westen-sind-die-brics-nicht-ld.10023041,https://www.nzz.ch/meinung/die-praesidenten-chinas-russlands-und-irans-treffen-sich-doch-eine-schlagkraeftige-allianz-gegen-den-westen-sind-die-brics-nicht-ld.10023041,0,www.nzz.ch,"KOMMENTAR - Die Präsidenten Chinas, Russlands und Irans treffen sich – doch sind sie eine schlagkräftige Allianz gegen den Westen?",Die Brics-Gruppierung ist über die Jahre gewichtiger geworden. Doch es fehlt an Entscheidungsfähigkeit. In dem von Autokraten dominierten Klub driften die Interessen zu weit auseinander.,"https://img-msp-prod.nzz.ch/2026/09/11/9938c040-8474-47e2-a818-e92f4f06b9e6.jpg?width=1200&height=674&fit=bounds&quality=75&auto=webp&crop=1862,1047,x89,y10&wmark=nzz",2026-09-12T03:10:00Z,,"Die Brics-Gruppierung ist über die Jahre gewichtiger geworden. Doch es fehlt an Entscheidungsfähigkeit. In dem von Autokraten dominierten Klub driften die Interessen zu weit auseinander.
12.09.2026,… [+4134 chars]",,de,'Putin'
https://www.n-tv.de/politik/Putin-liefert-seine-Erklaerung-fuer-den-AfD-Wahlsieg-id31298042.html,https://www.n-tv.de/politik/Putin-liefert-seine-Erklaerung-fuer-den-AfD-Wahlsieg-id31298042.html,0,www.n-tv.de,"""Bürger wegen Russland unsicher"": Putin liefert seine Erklärung für den AfD-Wahlsieg","Der russische Präsident hat eine ganz eigene Theorie, warum die AfD in Sachsen-Anhalt die Wahl gewonnen hat. Kremlchef Putin sieht das Ergebnis als Ausdruck von Verunsicherung der Bürger, die angeblich völlig ohne Grund in einen Konflikt mit Russland gezwunge…",https://www.n-tv.de/img/31298043/1789189095/Img_16_9/1200/618641470.jpg,2026-09-12T03:16:20Z,,"""Bürger wegen Russland unsicher""Putin liefert seine Erklärung für den AfD-Wahlsieg
""Sind keine Bedrohung für Europa"": Putin beim Gespräch mit Journalisten in Neu Delhi. (Foto: picture alliance / TAS… [+3913 chars]",,de,'Putin'
https://www.nzz.ch/international/afd-und-der-ukraine-krieg-ruediger-lucassen-im-interview-ld.10023250,https://www.nzz.ch/international/afd-und-der-ukraine-krieg-ruediger-lucassen-im-interview-ld.10023250,0,www.nzz.ch,"INTERVIEW - «Solange der Kreml keinerlei Ernsthaftigkeit bei Friedensgesprächen zeigt, verstummen auch die moskaufreundlichen Stimmen in der AfD zusehends», sagt Rüdiger Lucassen","Der AfD-Bundestagsabgeordnete fährt am Wochenende nach Kiew. Im Interview erklärt er, wie er den Ukrainern die Position seiner Partei vermitteln will. Er fordert, Russland Gegengeschäfte für einen Friedensschluss anzubieten.","https://img-msp-prod.nzz.ch/2026/09/10/09b4b126-0939-425c-8ec0-0a82796fa0bd.jpg?width=1200&height=675&fit=bounds&quality=75&auto=webp&crop=6000,3375,x0,y313&wmark=nzz",2026-09-12T03:30:00Z,,"Der AfD-Bundestagsabgeordnete fährt am Wochenende nach Kiew. Im Interview erklärt er, wie er den Ukrainern die Position seiner Partei vermitteln will. Er fordert, Russland Gegengeschäfte für einen Fr… [+12127 chars]",,de,'Russland'
https://www.tagesschau.de/ausland/asien/brics-gipfel-indien-100.html,https://www.tagesschau.de/ausland/asien/brics-gipfel-indien-100.html,0,www.tagesschau.de,BRICS-Gipfel im Zeichen globaler Ungewissheiten,"Putin, Xi, Modi: Beim BRICS-Gipfel in Neu-Delhi treffen selbstbewusste Staatenlenker aufeinander. Bei vielen Themen liegen sie weit auseinander. Was kann das Treffen bei den globalen Krisen - von Ukraine bis Iran - bewirken? Von Lena Bodewein.",https://images.tagesschau.de/image/777971b8-cbaa-4426-bbf6-ad045a333cbb/AAABoJAFSRk/AAABnSSvrFg/16x9-big/sicherheitskraefte-banner-104.jpg?width=1280,2026-09-12T05:18:36Z,,"Stand: 12.09.2026 07:18 Uhr
Putin, Xi, Modi: Beim BRICS-Gipfel in Neu-Delhi treffen selbstbewusste Staatenlenker aufeinander. Bei vielen Themen liegen sie weit auseinander. Was kann das Treffen bei … [+4789 chars]",,de,'Putin'
https://www.telepolis.de/article/Russlands-Armee-ist-nicht-am-Ende-aber-ihr-Modell-wird-teurer-11450569.html,https://www.telepolis.de/article/Russlands-Armee-ist-nicht-am-Ende-aber-ihr-Modell-wird-teurer-11450569.html,0,www.telepolis.de,"Russlands Armee ist nicht am Ende, aber ihr Modell wird teurer","Totgesagte leben länger: Die russische Armee ist häufiges Spekulationsobjekt. Eine Analyse, warum der Krieg militärisch weitergeführt werden kann.",https://heise.cloudimg.io/v7/_www-heise-de_/imgs/18/5/1/6/3/7/2/7/shutterstock_2605118481-6f3ac48948d771df.jpg?func=bound&height=1200&org_if_sml=1&q=85&width=1200,2026-09-12T06:00:00Z,,"(Bild: SGr / Shutterstock.com)
Totgesagte leben länger: Die russische Armee ist häufiges Spekulationsobjekt. Eine Analyse, warum der Krieg militärisch weitergeführt werden kann.
Die Armee Russlands… [+7669 chars]",,de,'Putin'
https://www.tagesspiegel.de/politik/drohnenvorfall-in-leipzig-ermittlungen-fuhren-offenbar-direkt-zum-russischen-militargeheimdienst-gru-16044693.html,https://www.tagesspiegel.de/politik/drohnenvorfall-in-leipzig-ermittlungen-fuhren-offenbar-direkt-zum-russischen-militargeheimdienst-gru-16044693.html,0,www.tagesspiegel.de,Drohnenvorfall in Leipzig: Ermittlungen führen offenbar direkt zum russischen Militärgeheimdienst GRU,"Der Mann, der die Vorbereitungen zum versuchten Drohnenanschlag organisiert haben soll, zählt einem Medienbericht zufolge zu einem Nachrichtendienst Putins. Er soll sich wieder in Russland aufhalten.",https://www.tagesspiegel.de/images/16043005/alternates/BASE_16_9_W1400/1789193896000/schkeuditz-sprengstoff-an-drohne-generalstaatsanwaltschaft-ubernimmt-ermittlungen-am-flughafen-leipzig.jpeg,2026-09-12T06:34:11Z,,"Die Bundesregierung hatte Moskau Anfang September für den versuchten Sprengstoffanschlag am Leipziger Flughafen verantwortlich gemacht, nachdem sie zunächst nur fremde Mächte als Drahtzieher benannt … [+5890 chars]",,de,'Putin'
https://www.welt.de/politik/ausland/video6aa4f31a240b302c8a8421e8/ukraine-krieg-putin-macht-westliche-globalisten-fuer-afd-erfolg-verantwortlich-und-warnt-europa.html,https://www.welt.de/politik/ausland/video6aa4f31a240b302c8a8421e8/ukraine-krieg-putin-macht-westliche-globalisten-fuer-afd-erfolg-verantwortlich-und-warnt-europa.html,0,www.welt.de,Putin macht „westliche Globalisten“ für AfD-Erfolg verantwortlich – und warnt Europa,Der Ausgang der Landtagswahl in Sachsen-Anhalt wurde offenbar auch im Kreml aufmerksam verfolgt. WELT-Reporter Christoph Wanner berichtet aus Kiew.,https://images.welt.de/6aa4f31a240b302c8a8421e8/6cd9485c5d00fc68244bfd610e9af306/ci16x9-w1200/618631096-jpg,2026-09-12T06:39:24Z,,Die WELT als ePaper: Die vollständige Ausgabe steht Ihnen bereits am Vorabend zur Verfügung so sind Sie immer hochaktuell informiert. Weitere Informationen https://epaper.welt.de,,de,'Putin'
https://www.welt.de/politik/ausland/video6aa4df90240b302c8a8420d4/drohung-an-den-westen-das-wuerde-krieg-mit-russland-bedeuten-sagt-putin.html,https://www.welt.de/politik/ausland/video6aa4df90240b302c8a8420d4/drohung-an-den-westen-das-wuerde-krieg-mit-russland-bedeuten-sagt-putin.html,0,www.welt.de,"„Das würde Krieg mit Russland bedeuten“, sagt Putin","Bei einem Interview im Rahmen seines Neu-Delhi-Besuchs hat Kremlchef Putin gesagt: Wenn westliche Soldaten in der Ukraine sind, sei das gleichzusetzen mit einem Krieg gegen Russland. WELT-Reporter Christoph Wanner berichtet.",https://images.welt.de/6aa4df90240b302c8a8420d4/bdefc3a047e8895d8062e87d4485bb32-master/ci16x9-w1200/wanner-png,2026-09-12T06:51:37Z,,"Bei einem Interview im Rahmen seines Neu-Delhi-Besuchs hat Kremlchef Putin gesagt: Wenn westliche Soldaten in der Ukraine sind, sei das gleichzusetzen mit einem Krieg gegen Russland. WELT-Reporter Ch… [+84 chars]",,de,'Putin'
https://www.derstandard.at/story/3000000339455/europa-kann-nicht-kreml-stuermen-um-mit-putin-am-tisch-zu-sitzen-forsche-liberale-in-zib-2,https://www.derstandard.at/story/3000000339455/europa-kann-nicht-kreml-stuermen-um-mit-putin-am-tisch-zu-sitzen-forsche-liberale-in-zib-2,0,www.derstandard.at,"""Europa kann nicht Kreml stürmen, um mit Putin am Tisch zu sitzen"": Forsche Liberale in ""ZiB 2""","Neutralität werde Österreich nicht helfen, sagt Vorsitzende des Verteidigungsausschusses im EU-Parlament Marie-Agnes Strack-Zimmermann: ""Wir  müssen alle gerüstet sein""",https://i.ds.at/-ZaXSw/rs:fill:1200:600/plain/lido-images/2026/09/12/f65ffe30-fbf2-4c8f-9d3f-d3b67dad30f8.jpg,2026-09-12T07:20:17Z,,"""Wir müssen alle gerüstet sein"": Marie-Agnes Strack-Zimmermann (FDP) in der ""ZiB 2"".
ZiB 2 ORF On Screenshot
Wer einem Verteidigungsausschuss vorsitzt, sollte auch sprachlich wehrhaft sein: Marie-A… [+822 chars]",,de,'Putin'
https://www.welt.de/politik/ausland/video6aa53a99181cb962d488ce35/brics-gipfel-in-neu-delhi-modi-xi-und-putin-suchen-gemeinsames-gegengewicht-zu-den-usa.html,https://www.welt.de/politik/ausland/video6aa53a99181cb962d488ce35/brics-gipfel-in-neu-delhi-modi-xi-und-putin-suchen-gemeinsames-gegengewicht-zu-den-usa.html,0,www.welt.de,"Modi, Xi und Putin suchen gemeinsames Gegengewicht zu den USA","In Neu-Delhi treffen sich die Staats- und Regierungschefs der Brics-Staaten, darunter Narendra Modi, Xi Jinping und Wladimir Putin. WELT-Korrespondentin Padma Rao berichtet.",https://images.welt.de/6aa53a99181cb962d488ce35/c30608762e108a8233e5c19282330fcd/ci16x9-w1200/apdpa-5012e27a514740a0958394796c1d9314-jpg,2026-09-12T11:57:54Z,,"In Neu-Delhi treffen sich die Staats- und Regierungschefs der Brics-Staaten, darunter Narendra Modi, Xi Jinping und Wladimir Putin. WELT-Korrespondentin Padma Rao berichtet.
© Axel Springer Deutschl… [+33 chars]",,de,'Putin'
https://www.faz.net/aktuell/politik/ausland/indien-und-china-treffen-am-rand-des-brics-gipfels-accg-201220483.html,https://www.faz.net/aktuell/politik/ausland/indien-und-china-treffen-am-rand-des-brics-gipfels-accg-201220483.html,0,www.faz.net,BRICS-Gruppe: Der Gipfel der ungleichen Giganten,Der Besuch Xi Jinpings dominiert das Treffen der Staatengruppe in Neu Delhi. Gastgeber Indien verfolgt dabei einen „sanften“ BRICS-Kurs. Für die antiwestliche Rhetorik sorgt ein anderer.,https://media0.faz.net/image/w1200h627/b094d056bb26/w2837h1482x0y205o/202609/43601.0.2543175527/der-chinesische-praesident-xi.webp,2026-09-12T12:04:52Z,,"Weniger als 24 Stunden soll Xi Jinping in Neu Delhi bleiben, nachdem er am Samstag mit einem Flugzeug der Air China in der indischen Hauptstadt gelandet ist. Trotzdem ist der erste Indien-Besuch des … [+4651 chars]",,de,'Gas'
https://www.zeit.de/news/2026-09/13/zwei-tote-in-russland-nach-ukrainischen-angriffen,https://www.zeit.de/news/2026-09/13/zwei-tote-in-russland-nach-ukrainischen-angriffen,0,www.zeit.de,Ukraine-Krieg: Zwei Tote in Russland nach ukrainischen Angriffen,Hier finden Sie Informationen zu dem Thema „Ukraine-Krieg“. Lesen Sie jetzt „Zwei Tote in Russland nach ukrainischen Angriffen“.,https://img.zeit.de/news/2026-09/13/zwei-tote-in-russland-nach-ukrainischen-angriffen-image-group/wide__1300x731,2026-09-13T06:29:14Z,,"Infolge eines ukrainischen Drohnenangriffs sind zwei Menschen in der russischen Teilrepublik Tatarstan getötet worden. Eine Drohne sei in einen Baum gestürzt, wodurch ein nahe stehendes Auto mit vier… [+821 chars]",,de,'Krieg'
https://www.zeit.de/news/2026-09/13/ein-toter-nach-angriff-auf-iranisches-containerschiff,https://www.zeit.de/news/2026-09/13/ein-toter-nach-angriff-auf-iranisches-containerschiff,0,www.zeit.de,Iran-Krieg: Ein Toter nach Angriff auf iranisches Containerschiff,Hier finden Sie Informationen zu dem Thema „Iran-Krieg“. Lesen Sie jetzt „Ein Toter nach Angriff auf iranisches Containerschiff“.,https://img.zeit.de/news/2026-09/13/ein-toter-nach-angriff-auf-iranisches-containerschiff-image-group/wide__1300x731,2026-09-13T07:24:47Z,,Bei einem Angriff auf ein iranisches Containerschiff in der Straße von Hormus ist nach Angaben aus Teheran ein Mann getötet worden. Vier weitere Besatzungsmitglieder seien bei dem Vorfall am Sonntagm… [+1316 chars],,de,'Krieg'
https://www.tagesschau.de/ausland/europa/ukraine-angriff-nahe-polnischer-grenze-100.html,https://www.tagesschau.de/ausland/europa/ukraine-angriff-nahe-polnischer-grenze-100.html,0,www.tagesschau.de,Ukraine: Russische Drohne trifft Passagierzug nach Warschau,In der Ukraine ist ein Passagierzug von Kiew nach Warschau von einer russischen Drohne getroffen worden. Verletzt wurde dabei niemand. Polen ist nach dem Angriff unmittelbar an seiner Grenze alarmiert.,https://images.tagesschau.de/image/5bbc8275-e341-425f-9d62-1dfc14b776c5/AAABoJsLpO4/AAABnSSvrFg/16x9-big/ukraine-zug-brennt-100.jpg?width=1280,2026-09-13T14:03:27Z,,"Stand: 13.09.2026 16:03 Uhr
In der Ukraine ist ein Passagierzug von Kiew nach Warschau von einer russischen Drohne getroffen worden. Verletzt wurde dabei niemand. Polen ist nach dem Angriff unmittel… [+3912 chars]",,de,'Ukraine'
https://www.zeit.de/feuilleton/2026-09/krieg-ukraine-sprache-russisch-ukrainisch-angriff,https://www.zeit.de/feuilleton/2026-09/krieg-ukraine-sprache-russisch-ukrainisch-angriff,0,www.zeit.de,Krieg in der Ukraine: Sie sagen »Mama« in der Sprache ihrer Feinde,Vor dem Krieg sprachen Millionen Ukrainer Russisch. Doch seit Putins Angriff gilt das vielen als unpatriotisch. Auch unser Autor ringt um seine Muttersprache.,https://img.zeit.de/feuilleton/2026-09/krieg-ukraine-sprache-russisch-ukrainisch-angriff-bild/wide__1300x731,2026-09-13T14:19:15Z,,"Am Ostersonntag dieses Jahres umstellte
mich ein halbes Dutzend groß gewachsener ukrainischer Veteranen. Eigentlich war
ich zu dem Trainingsgelände nahe Kyjiw gekommen, um den Männern beim Schießen… [+730 chars]",,de,'Krieg'
https://www.zeit.de/news/2026-09/13/polen-alarmiert-nach-angriff-auf-zug-von-kiew-nach-warschau,https://www.zeit.de/news/2026-09/13/polen-alarmiert-nach-angriff-auf-zug-von-kiew-nach-warschau,0,www.zeit.de,Ukraine-Krieg: Polen alarmiert nach Angriff auf Zug von Kiew nach Warschau,Hier finden Sie Informationen zu dem Thema „Ukraine-Krieg“. Lesen Sie jetzt „Polen alarmiert nach Angriff auf Zug von Kiew nach Warschau“.,https://img.zeit.de/news/2026-09/13/polen-alarmiert-nach-angriff-auf-zug-von-kiew-nach-warschau-image-group/wide__1300x731,2026-09-13T16:23:17Z,,Nach russischen Angriffen auf einen Zug von Kiew nach Warschau sowie auf die Grenzregion der Ukraine zu Polen hat die polnische Regierung Moskau eine Verschärfung des Konflikts vorgeworfen. «Die Eska… [+3946 chars],,de,'Ukraine'
https://www.zeit.de/news/2026-09/13/omans-aussenminister-treffen-zu-strasse-von-hormus-verschoben,https://www.zeit.de/news/2026-09/13/omans-aussenminister-treffen-zu-strasse-von-hormus-verschoben,0,www.zeit.de,Iran-Krieg: Omans Außenminister: Treffen zu Straße von Hormus verschoben,Hier finden Sie Informationen zu dem Thema „Iran-Krieg“. Lesen Sie jetzt „Omans Außenminister: Treffen zu Straße von Hormus verschoben“.,https://img.zeit.de/news/2026-09/13/omans-aussenminister-treffen-zu-strasse-von-hormus-verschoben-image-group/wide__1300x731,2026-09-13T19:54:12Z,,Das für diesen Montag geplante Außenministertreffen der Staaten am Persischen Golf im Oman wurde nach Angaben aus Maskat verschoben. «Im Interesse des Konsenses wurde das für morgen in Salalah geplan… [+1654 chars],,de,'Krieg'
https://www.zeit.de/news/2026-09/14/kein-treffen-zur-strasse-von-hormus-was-steckt-dahinter,https://www.zeit.de/news/2026-09/14/kein-treffen-zur-strasse-von-hormus-was-steckt-dahinter,0,www.zeit.de,Iran-Krieg: Kein Treffen zur Straße von Hormus – was steckt dahinter?,Hier finden Sie Informationen zu dem Thema „Iran-Krieg“. Lesen Sie jetzt „Kein Treffen zur Straße von Hormus – was steckt dahinter?“.,https://img.zeit.de/news/2026-09/14/kein-treffen-zur-strasse-von-hormus-was-steckt-dahinter-image-group/wide__1300x731,2026-09-14T07:51:15Z,,Seit Monaten belastet die festgefahrene Situation in der Straße von Hormus die Weltwirtschaft. Hoffnung machte ein geplantes Treffen der Außenminister des Irans und des Omans mit ihren Kollegen aus d… [+5802 chars],,de,'Krieg'
https://www.zeit.de/news/2026-09/14/millionen-haushalte-koennen-strom-und-gas-nicht-bezahlen,https://www.zeit.de/news/2026-09/14/millionen-haushalte-koennen-strom-und-gas-nicht-bezahlen,0,www.zeit.de,Energiekosten: Millionen Haushalte können Strom und Gas nicht bezahlen,Hier finden Sie Informationen zu dem Thema „Energiekosten“. Lesen Sie jetzt „Millionen Haushalte können Strom und Gas nicht bezahlen“.,https://img.zeit.de/news/2026-09/14/millionen-haushalte-koennen-strom-und-gas-nicht-bezahlen-image-group/wide__1300x731,2026-09-14T08:28:00Z,,"Hohe Strom- und Gaspreise übersteigen bei Millionen Haushalten in Deutschland die finanziellen Möglichkeiten. Etwa 3,8 Millionen Menschen hierzulande lebten im Jahr 2025 nach eigenen Angaben in Haush… [+1376 chars]",,de,'Energiekosten'
https://www.tagesspiegel.de/wirtschaft/dpa-energiekosten-16049318.html,https://www.tagesspiegel.de/wirtschaft/dpa-energiekosten-16049318.html,0,www.tagesspiegel.de,Energiekosten: Millionen Haushalte können Strom und Gas nicht bezahlen,Viele Menschen geraten bei Strom- und Gasrechnungen in Zahlungsverzug. Das Preisniveau bleibt hoch und die Energiekosten sind nicht die einzige finanzielle Herausforderung für Privathaushalte.,https://www.tagesspiegel.de/images/16049317/alternates/BASE_16_9_W1400/1789374558000/strom.jpeg,2026-09-14T08:29:17Z,,"Hohe Strom- und Gaspreise übersteigen bei Millionen Haushalten in Deutschland die finanziellen Möglichkeiten. Etwa 3,8 Millionen Menschen hierzulande lebten im Jahr 2025 nach eigenen Angaben in Haush… [+1432 chars]",,de,'Energiekosten'
https://www.zeit.de/news/2026-09/14/eklat-bei-iaea-konferenz-kein-visum-fuer-irans-atomchef,https://www.zeit.de/news/2026-09/14/eklat-bei-iaea-konferenz-kein-visum-fuer-irans-atomchef,0,www.zeit.de,Iran-Krieg: Eklat bei IAEA-Konferenz: Kein Visum für Irans Atomchef,Hier finden Sie Informationen zu dem Thema „Iran-Krieg“. Lesen Sie jetzt „Eklat bei IAEA-Konferenz: Kein Visum für Irans Atomchef“.,https://img.zeit.de/news/2026-09/14/eklat-bei-iaea-konferenz-kein-visum-fuer-irans-atomchef-image-group/wide__1300x731,2026-09-14T11:12:09Z,,Dem iranischen Atomchef und Vizepräsidenten Mohammed Eslami ist die Einreise nach Österreich für ein wichtiges Treffen der Internationale Atomenergiebehörde (IAEA) verweigert worden. Die Entscheidung… [+2897 chars],,de,'Krieg'
https://www.zeit.de/politik/ausland/2026-09/mad-jahresbericht-spionage-russland-rechtsextremismus-bundeswehr,https://www.zeit.de/politik/ausland/2026-09/mad-jahresbericht-spionage-russland-rechtsextremismus-bundeswehr,0,www.zeit.de,MAD-Jahresbericht: Militärgeheimdienst sieht wachsende Gefährdung durch hybride Angriffe,Deutschland ist laut dem Militärischen Abschirmdienst besonders stark in den Fokus russischer Geheimdienste gerückt. Die Gefährdungslage sei dadurch stark gestiegen.,https://img.zeit.de/politik/ausland/2026-09/mad-jahresbericht-spionage-russland-rechtsextremismus-bundeswehr-foto-1/wide__1300x731,2026-09-14T11:46:42Z,,Der Militärische Abschirmdienst (MAD) warnt vor Einsätzen angeworbener Auftragsagenten und einer zunehmenden Bedrohung durch hybride Angriffe. Dabei sei Deutschland »priorisiertes Aufklärungsziel rus… [+361 chars],,de,'Gefährdung'
https://www.bild.de/politik/inland/nebenkosten-millionen-deutsche-haben-schulden-bei-strom-und-gas-6aa7a04ede8c5c2071e4dd80,https://www.bild.de/politik/inland/nebenkosten-millionen-deutsche-haben-schulden-bei-strom-und-gas-6aa7a04ede8c5c2071e4dd80,0,www.bild.de,Mieter besonders betroffen - Millionen Deutsche haben Schulden bei Strom und Gas,Die Ölpreise knallen rauf und verteuern das Tanken! Doch auch Kosten für Energie in den eigenen vier Wänden belasten Mieter und Eigentümer!,"https://images.bild.de/6aa7a04ede8c5c2071e4dd80/d1e5ee8e1abb530783a984f1107d206e,bc8651e7?w=1280",2026-09-14T12:29:17Z,,"TTS-Player überspringenArtikel weiterlesenBerlin Während die Ölpreise weiter kräftig anziehen und das Tanken massiv verteuern, kämpfen viele Deutsche auch mit den Energiekosten in den eigenen vier Wä… [+1949 chars]",,de,'Gas'
https://www.tagesspiegel.de/wirtschaft/dpa-millionen-menschen-in-deutschland-konnen-strom-und-gas-nicht-bezahlen-16049950.html,https://www.tagesspiegel.de/wirtschaft/dpa-millionen-menschen-in-deutschland-konnen-strom-und-gas-nicht-bezahlen-16049950.html,0,www.tagesspiegel.de,Zahlungsverzug bei Rechnungen: Millionen Menschen in Deutschland können Strom und Gas nicht bezahlen,Trotz leicht sinkender Energiepreise geraten weiterhin Millionen Haushalte in Deutschland bei Strom- und Gasrechnungen in Zahlungsverzug. Betroffen sind häufig Mieterinnen und Mieter.,https://www.tagesspiegel.de/images/16050942/alternates/BASE_16_9_W1400/1789387987000/stromkosten.jpeg,2026-09-14T12:33:28Z,,"Hohe Strom- und Gaspreise übersteigen bei Millionen Haushalten in Deutschland die finanziellen Möglichkeiten. Etwa 3,8 Millionen Menschen hierzulande lebten im Jahr 2025 nach eigenen Angaben in Haush… [+2705 chars]",,de,'Gas'
https://www.tagesspiegel.de/internationales/russlands-ressourcen-sind-2028-erschopft-ukrainischer-geheimdienstchef-sieht-putin-vor-grossem-problem-16051023.html,https://www.tagesspiegel.de/internationales/russlands-ressourcen-sind-2028-erschopft-ukrainischer-geheimdienstchef-sieht-putin-vor-grossem-problem-16051023.html,0,www.tagesspiegel.de,„Russlands Ressourcen sind 2028 erschöpft“: Ukrainischer Geheimdienstchef sieht Putin vor großem Problem,"Wie lange kann sich Russland den Krieg noch leisten? Der ukrainische Geheimdienstchef Oleh Iwaschtschenko sagt, ein Ende sei in Sicht – es sei denn, Russland rekrutiert 800.000 neue Soldaten.",https://www.tagesspiegel.de/images/16051033/alternates/BASE_16_9_W1400/1789388932000/russia-politics.jpeg,2026-09-14T12:50:47Z,,"Wie lange noch? So lautet die größte Frage zum Krieg in der Ukraine. Eine seriöse, präzise Antwort darauf ist nicht möglich. Immer wieder aber gibt es Schätzungen zu den russischen Ressourcen, die de… [+2929 chars]",,de,'Putin'
https://www.welt.de/wirtschaft/plus6aa70405181cb962d488e3fc/exklusiver-report-besorgniserregend-so-unvorbereitet-sind-europas-unternehmen-auf-den-china-schock.html,https://www.welt.de/wirtschaft/plus6aa70405181cb962d488e3fc/exklusiver-report-besorgniserregend-so-unvorbereitet-sind-europas-unternehmen-auf-den-china-schock.html,0,www.welt.de,„Besorgniserregend“ – so unvorbereitet sind Europas Unternehmen auf den China-Schock,"Der Ukraine-Krieg hat gezeigt, wie verwundbar die europäische Wirtschaft ist. Doch neue Daten zeigen, dass viele Unternehmen nach wie vor nicht auf den Ernstfall vorbereitet sind.",https://images.welt.de/6aa70405181cb962d488e3fc/f291b1f67061ba1806232b695a8c1ce0/ci16x9-w1200/gettyimages-1225332717-jpg,2026-09-14T13:18:57Z,,"Der Ukraine-Krieg hat gezeigt, wie verwundbar die europäische Wirtschaft ist. Doch neue Daten zeigen, dass viele Unternehmen nach wie vor nicht auf den Ernstfall vorbereitet sind.",,de,'Ukraine'
https://www.n-tv.de/politik/EU-Laender-wollen-Grossmaechten-in-der-Arktis-die-Stirn-bieten-id31304299.html,https://www.n-tv.de/politik/EU-Laender-wollen-Grossmaechten-in-der-Arktis-die-Stirn-bieten-id31304299.html,0,www.n-tv.de,Merz bei Gipfel in Nordfinnland: EU-Länder wollen Großmächten in der Arktis die Stirn bieten,Russland ist in der Arktis für Kanzler Merz sowie weitere Staats- und Regierungschefs der EU die größte Bedrohung. Doch auch die chinesischen und US-amerikanischen Ambitionen in der Region sind beim Gipfeltreffen am Polarkreis Thema. Die EU soll ihre eigenen …,https://www.n-tv.de/img/31304305/1789396571/Img_16_9/1200/619293904.jpg,2026-09-14T13:42:53Z,,"Bundeskanzler Merz besucht den Luftwaffenstützpunkt Lapland Air Wing. (Foto: picture alliance/dpa)
Russland ist in der Arktis für Kanzler Merz sowie weitere Staats- und Regierungschefs der EU die gr… [+2957 chars]",,de,'Russland'
https://www.tagesschau.de/ausland/europa/arktis-gipfel-eu-100.html,https://www.tagesschau.de/ausland/europa/arktis-gipfel-eu-100.html,0,www.tagesschau.de,EU-Staaten wollen Interessen in der Arktis schützen,"Schifffahrtsrouten, Bodenschätze und Sicherheitspolitik: Deutschland und weitere europäische Staaten fordern eine stärkere Rolle der EU in der Arktis - vor allem wegen der Bedrohung aus Moskau.",https://images.tagesschau.de/image/a5a1af95-115d-4def-900a-0e0e83d6d2d8/AAABoKAofxs/AAABnSSvrFg/16x9-big/arktis-gipfel-100.jpg?width=1280,2026-09-14T13:43:23Z,,"Stand: 14.09.2026 15:43 Uhr
Schifffahrtsrouten, Bodenschätze und Sicherheitspolitik: Deutschland und weitere europäische Staaten fordern eine stärkere Rolle der EU in der Arktis - vor allem wegen de… [+3268 chars]",,de,'Ukraine'
https://www.welt.de/politik/deutschland/article6aa7f89119aba9f8407b4475/sachsens-regierungschef-das-ist-ein-riesenfehler-kretschmer-kritisiert-deutschlands-unterstuetzung-fuer-ukraine.html,https://www.welt.de/politik/deutschland/article6aa7f89119aba9f8407b4475/sachsens-regierungschef-das-ist-ein-riesenfehler-kretschmer-kritisiert-deutschlands-unterstuetzung-fuer-ukraine.html,0,www.welt.de,„Das ist ein Riesenfehler“ – Kretschmer kritisiert Deutschlands Unterstützung für Ukraine,Sachsens Ministerpräsident Michael Kretschmer verteidigt neue Rüstungsbetriebe als Teil der Landesverteidigung. Die Unterstützung der Ukraine kritisiert er dagegen mit deutlichen Worten.,https://images.welt.de/6aa7f89119aba9f8407b4475/c0a2db7c08ce043dd81c815cc14d786c-master/ci16x9-w1200/dpa-com-260913-936-91891-jpg,2026-09-14T13:56:13Z,,Sachsens Ministerpräsident Michael Kretschmer verteidigt neue Rüstungsbetriebe als Teil der Landesverteidigung. Die Unterstützung der Ukraine kritisiert er dagegen mit deutlichen Worten.Klicken Sie h… [+2309 chars],,de,'Ukraine'
https://www.bild.de/politik/ausland-und-internationales/trump-jr-putin-vertrauter-soll-hochzeit-mitfinanziert-haben-6aa7ec1c1e576e6f7a14cf30,https://www.bild.de/politik/ausland-und-internationales/trump-jr-putin-vertrauter-soll-hochzeit-mitfinanziert-haben-6aa7ec1c1e576e6f7a14cf30,0,www.bild.de,"Privatinseln, Helikopter und Feuerwerk - Putin-Oligarch zahlte für Hochzeit von Trump-Sohn",Donald Trump Jr. feierte eine Luxushochzeit auf den Bahamas. Laut ProPublica soll Putin-Vertrauter Umar Kremlew Hunderttausende Dollar gezahlt haben – Sicherheitsexperten warnen vor möglichem Einfluss.,"https://images.bild.de/6aa7ec1c1e576e6f7a14cf30/8af09bbfa45cb850952fafe8b99afdc8,431548cf?w=1280",2026-09-14T14:16:20Z,,"TTS-Player überspringenArtikel weiterlesenWashington Es war eine Traumhochzeit des Sohnes vom amerikanischen Präsidenten: drei Tage, zwei exklusive Privatinseln auf den Bahamas, Helikopter und Wasser… [+3283 chars]",,de,'Ukraine'
https://www.diepresse.com/41259058/was-boris-johnson-und-david-petraeus-in-kiew-gemacht-haben,https://www.diepresse.com/41259058/was-boris-johnson-und-david-petraeus-in-kiew-gemacht-haben,0,www.diepresse.com,Was Boris Johnson und David Petraeus in Kiew gemacht haben [premium],"Der britische Ex-Premier und der frühere CIA-Chef waren in den Zügen aus Kiew in Richtung Polen, als Russland mit Drohnen die Strecke attackierte. Sie hatten an einer Sicherheitskonferenz in der ukrainischen Hauptstadt teilgenommen und gelten als Unterstützer…",https://img.diepresse.com/public/incoming/gpvffc-2026-09-13t164823z1204568290rc2w0daqi5c0rtrmadp3ukraine-crisisjpg/alternates/WEBP_WIDE_1200/2026-09-13T164823Z_1204568290_RC2W0DAQI5C0_RTRMADP_3_UKRAINE-CRISIS.JPG,2026-09-14T14:20:20Z,,"Auf dem Schlachtfeld und abseits davon hat David Petraeus beinahe alles erlebt, was ein ehemaliger Viersterne-General der US-Armee durchmacht. Doch der ehemalige CIA-Chef, ein ehemaliger Oberbefehlsh… [+2911 chars]",,de,'Russland'
https://www.faz.net/aktuell/politik/ukraine/russland-greift-zuege-in-der-ukraine-an-201224993.html,https://www.faz.net/aktuell/politik/ukraine/russland-greift-zuege-in-der-ukraine-an-201224993.html,0,www.faz.net,Ukrainekrieg: Russland nimmt immer öfter Züge ins Visier,Lange galt die Bahn auch für westliche Diplomaten und Politiker als sicheres Verkehrsmittel. Das ändert sich nun. Für Berlin und Warschau ist das eine weitere Eskalation – einschüchtern lassen will man sich jedoch nicht.,https://media0.faz.net/image/w1200h627/7d6fde30ef2d/w2400h1254x0y140o/202609/43601.0.2549864233/ukrainische-feuerwehrleute.webp,2026-09-14T14:24:15Z,,Der russische Anschlag auf einen Passagierzug der Linie KiewWarschau an der Grenze zu Polen hat am Montag vielfältige Reaktionen in Europa hervorgerufen. Am Sonntagmorgen hatte eine Drohne eine Lokom… [+6694 chars],,de,'Ukraine'
https://www.bild.de/politik/ausland-und-internationales/wadephul-in-ungarn-wir-haben-extrem-viel-aufzuholen-6aa7b70119aba9f8407b3c3b,https://www.bild.de/politik/ausland-und-internationales/wadephul-in-ungarn-wir-haben-extrem-viel-aufzuholen-6aa7b70119aba9f8407b3c3b,0,www.bild.de,Wadephul in Bundapest - Ungarn stoppt Putin-Kuschelei! Ukraine-Kurs unklar,"Johann Wadephul reist nach sieben Jahren wieder nach Ungarn. Er will die Beziehungen verbessern, betont die Stabilität der Regierung – doch ein Experte warnt.","https://images.bild.de/6aa7b70119aba9f8407b3c3b/8621280659e22891704167edd83450f1,77ee9051?w=1280",2026-09-14T14:31:35Z,,TTS-Player überspringenArtikel weiterlesenBudapest Sieben Jahre lang war kein deutscher Außenminister in Ungarn. Das hat Johann Wadephul (CDU) jetzt geändert. 128 Tage nach dem Amtsantritt des neuen … [+2533 chars],,de,'Ukraine'
https://www.tagesschau.de/ausland/europa/fachkraeftemangel-russland-schueler-100.html,https://www.tagesschau.de/ausland/europa/fachkraeftemangel-russland-schueler-100.html,0,www.tagesschau.de,Drängt Moskau Schüler wegen Fachkräftemangel in den Arbeitsmarkt?,Immer mehr Schülern in Russland wird die Aufnahme in die Oberstufe verweigert. Stattdessen sollen sie offenbar möglichst früh auf dem Arbeitsmarkt landen - denn dort fehlen die Fachkräfte. Liegt das auch am Krieg gegen die Ukraine? Von S. Laack.,https://images.tagesschau.de/image/4bf8042a-ec07-4eb7-8702-e4ee19955fd6/AAABoJ_opPs/AAABnSSvrFg/16x9-big/duma-russland-102.jpg?width=1280,2026-09-14T15:06:02Z,,"Stand: 14.09.2026 17:06 Uhr
Immer mehr Schülern in Russland wird die Aufnahme in die Oberstufe verweigert. Stattdessen sollen sie offenbar möglichst früh auf dem Arbeitsmarkt landen - denn dort fehl… [+3818 chars]",,de,'Ukraine'
https://www.tagesspiegel.de/internationales/donald-trump-jr-und-der-russische-box-boss-putin-vertrauter-zahlte-grosse-summen-fur-prunk-hochzeit-von-trump-sohn-16050934.html,https://www.tagesspiegel.de/internationales/donald-trump-jr-und-der-russische-box-boss-putin-vertrauter-zahlte-grosse-summen-fur-prunk-hochzeit-von-trump-sohn-16050934.html,0,www.tagesspiegel.de,Donald Trump Jr. und der russische Box-Boss: Putin-Vertrauter zahlte große Summen für Prunk-Hochzeit von Trump-Sohn,"Trump Jr. sagt, der Oligarch Umar Kremlew sei ein „persönlicher Freund“ und deswegen Teil seiner Hochzeit gewesen. Kremlew leitet einen Boxverband und hat diverse Verbindungen zum Kreml.",https://www.tagesspiegel.de/images/16051501/alternates/BASE_16_9_W1400/1789392138000/u-s-president-donald-trump-visits-ireland.jpeg,2026-09-14T15:15:28Z,,Der russische Oligarch Umar Kremlew hat mit üppigen Geldsummen die dreitägige Luxus-Hochzeit von Donald Trump Jr. am 24. Mai auf den Bahamas mitfinanziert. Das berichtet das unabhängige US-Investigat… [+5821 chars],,de,'Ukraine'
https://www.n-tv.de/wirtschaft/Warum-die-Energiekrise-ploetzlich-so-bedrohlich-ist-wie-seit-Kriegsbeginn-nicht-id31304747.html,https://www.n-tv.de/wirtschaft/Warum-die-Energiekrise-ploetzlich-so-bedrohlich-ist-wie-seit-Kriegsbeginn-nicht-id31304747.html,0,www.n-tv.de,Das Sicherheitsnetz ist weg: Warum die Energiekrise plötzlich so bedrohlich ist wie seit Kriegsbeginn nicht,"Noch liegen die Ölpreise unter ihren Höchstständen vom Mai, doch die Gefahr einer schweren Energiekrise ist so groß wie nie zuvor seit Beginn des Iran-Kriegs. Vier Faktoren, die bislang einen Absturz der Weltwirtschaft verhindert haben, sind inzwischen stark …",https://www.n-tv.de/img/31304775/1789401334/Img_16_9/1200/619132807.jpg,2026-09-14T15:43:32Z,,"Mit der Beschädigung der Ost-West-Pipeline zum Roten Meer ist auch der Hinterausgang für die saudischen Ölexporte versperrt. (Foto: picture alliance/dpa/Satellite image ©2026 Vantor/AP)
Noch liegen … [+5479 chars]",,de,'Ukraine'
https://www.faz.net/aktuell/politik/inland/koennte-der-operationsplan-deutschland-durch-die-afd-nach-russland-gelangen-201224894.html,https://www.faz.net/aktuell/politik/inland/koennte-der-operationsplan-deutschland-durch-die-afd-nach-russland-gelangen-201224894.html,0,www.faz.net,"Erste AfD-Regierung?: Die Angst, dass geheime Verteidigungspläne in russische Hände kommen","Ein geheimer Verteidigungsplan für Deutschland liegt in allen Staatskanzleien. Nun wollen Politiker und Verbände in Berlin verhindern, dass die AfD in Magdeburg diesen einsehen darf.",https://media0.faz.net/image/w1200h627/847364cf9d2a/w4500h2351x0y463o/202609/43601.0.2552727141/generalleutnant-andr-bodemann.webp,2026-09-14T15:44:09Z,,"Die Bundesregierung erwägt offenbar, den Gesamtplan zur militärisch-zivilen Zusammenarbeit im Krisen- oder Kriegsfall (Operationsplan Deutschland) vor dem Zugriff durch russlandfreundliche Extremiste… [+3897 chars]",,de,'Angst'
https://www.zeit.de/news/2026-09/14/trump-moskau-und-kiew-wollen-angriffe-auf-energie-stoppen,https://www.zeit.de/news/2026-09/14/trump-moskau-und-kiew-wollen-angriffe-auf-energie-stoppen,0,www.zeit.de,Krieg: Trump: Moskau und Kiew wollen Angriffe auf Energie stoppen,Hier finden Sie Informationen zu dem Thema „Krieg“. Lesen Sie jetzt „Trump: Moskau und Kiew wollen Angriffe auf Energie stoppen“.,https://img.zeit.de/administratives/sharing/fallback-image-die-zeit/wide__1300x731,2026-09-14T15:46:45Z,,"Russland und die Ukraine wollen nach Darstellung von US-Präsident Donald Trump auf Angriffe auf gegnerische Energieanlagen verzichten. Das teilte Trump auf seiner Plattform Truth Social mit, ohne wei… [+121 chars]",,de,'Krieg'
https://orf.at/stories/3442139/,https://orf.at/stories/3442139/,0,orf.at,EU rüstet sich gegen Aggression in Arktis,"Am Polarkreis prallen Interessen der Großmächte aufeinander, der Wettbewerb um die Vormachtstellung wird härter.  Auf dem EU-Arktisgipfel im finnischen Rovaniemi haben am Montag Staats- und Regierungschefs vor einer zunehmenden Gefahr durch Russland und China…",https://ibs.orf.at/news?image=https%3A%2F%2Fassets.orf.at%2Fmims%2F2026%2F38%2F11%2Fcrops%2Fw%3D1200%2Ch%3D630%2Cq%3D75%2F3182638_master_1234211_arktis_konferenz_eu_russland_gy.jpg%3Fs%3D845d3b8d7448d28523d0f38d45ec11ab383ccdbc,2026-09-14T17:27:59Z,,"Wir sind uns einig, dass die EU ihre Aktivitäten verstärken muss, um Stabilität, nachhaltige Entwicklung und Wohlstand zu fördern und zugleich ihre Interessen zu schützen, hieß es in einer gemeinsame… [+4733 chars]",,de,'Bedrohung'
https://www.zeit.de/politik/ausland/2026-09/generalstaatsanwalt-ukraine-ruslan-krawtschenko-korruption,https://www.zeit.de/politik/ausland/2026-09/generalstaatsanwalt-ukraine-ruslan-krawtschenko-korruption,0,www.zeit.de,Korruption in der Ukraine: Ukrainischer Präsident Selenskyj entlässt Generalstaatsanwalt,Dem ukrainischen Generalstaatsanwalt Ruslan Krawtschenko wird Korruption im Zusammenhang mit betrügerischen Callcentern vorgeworfen. Nun hat Selenskyj ihn entlassen.,https://img.zeit.de/politik/ausland/2026-09/generalstaatsanwalt-ukraine-ruslan-krawtschenko-korruption-foto-1/wide__1300x731,2026-09-14T20:51:46Z,,"Der ukrainische Präsident Wolodymyr Selenskyj hat Generalstaatsanwalt Ruslan Krawtschenko nach Korruptionsvorwürfen entlassen. Bei Krawtschenko bleibe »nur ein Ausweg: die Entlassung«, teilte Selensk… [+2440 chars]",,de,'Ukraine'
https://www.zeit.de/news/2026-09/15/trotz-trump-ansage-ukraine-greift-russische-anlage-an,https://www.zeit.de/news/2026-09/15/trotz-trump-ansage-ukraine-greift-russische-anlage-an,0,www.zeit.de,Ukraine-Krieg: Trotz Trump-Ansage: Ukraine greift russische Anlage an,Hier finden Sie Informationen zu dem Thema „Ukraine-Krieg“. Lesen Sie jetzt „Trotz Trump-Ansage: Ukraine greift russische Anlage an“.,https://img.zeit.de/news/2026-09/15/trotz-trump-ansage-ukraine-greift-russische-anlage-an-image-group/wide__1300x731,2026-09-15T04:39:28Z,,"Die Ukraine hat in der Nacht mit Drohnen eine Industrieanlage in Russland angegriffen. Dabei seien die Anlage sowie mehrere Wohngebäude in der Region Samara im Südosten des Landes beschädigt worden, … [+1842 chars]",,de,'Krieg'
https://www.zeit.de/news/2026-09/15/iran-krieg-treibt-preise-im-grosshandel,https://www.zeit.de/news/2026-09/15/iran-krieg-treibt-preise-im-grosshandel,0,www.zeit.de,August-Zahlen: Iran-Krieg treibt Preise im Großhandel,Hier finden Sie Informationen zu dem Thema „August-Zahlen“. Lesen Sie jetzt „Iran-Krieg treibt Preise im Großhandel“.,https://img.zeit.de/news/2026-09/15/iran-krieg-treibt-preise-im-grosshandel-image-group/wide__1300x731,2026-09-15T06:48:53Z,,"Die Verkaufspreise im Großhandel in Deutschland sind im August so stark gestiegen wie seit dreieinhalb Jahren nicht. Verglichen mit dem Vorjahresmonat lagen die Preise um 6,8 Prozent höher, wie das S… [+1027 chars]",,de,'Krieg'
https://www.focus.de/politik/ausland/russland-droht-litauen-mit-atomwaffen-falls-das-land-das-verbot-fuer-die-stationierung-nuklearer-waffen-aufhebt_73874e77-d8eb-4eea-9085-b02957ac03f2.html,https://www.focus.de/politik/ausland/russland-droht-litauen-mit-atomwaffen-falls-das-land-das-verbot-fuer-die-stationierung-nuklearer-waffen-aufhebt_73874e77-d8eb-4eea-9085-b02957ac03f2.html,0,www.focus.de,"Russland droht Litauen mit Atomwaffen, falls das Land das Verbot für die Stationierung nuklearer Waffen aufhebt",Der Kreml warnt Litauen vor den Folgen einer möglichen Stationierung westlicher Atomwaffen. Anlass ist eine geplante Verfassungsänderung in dem Nato-Staat.,"https://quadro.burda-forward.de/ctf/09a05955-965a-4afd-a39b-eee23cd964ee.06c547c9-0c5b-4fd0-8f66-da9fb6d4ff9a.jpeg?im=RegionOfInterestCrop=(1200,630),regionOfInterest=(1020,889)&hash=6c6f474171934a077051961ad216c9479edd3a6489a32e20ac46791e4a3f545b",2026-09-15T07:51:00Z,,"Russland verschärft den Ton gegenüber Litauen. Kreml-Sprecher Dmitri Peskow warnte am Freitag, 11. September, dass litauisches Gebiet ins Visier russischer Atomwaffen geraten könnte wenn dort Nuklear… [+2607 chars]",,de,'Bedrohung'
https://www.derstandard.at/story/3000000338086/lohnt-sich-leistung-im-job-jeder-vierte-sagt-nein,https://www.derstandard.at/story/3000000338086/lohnt-sich-leistung-im-job-jeder-vierte-sagt-nein,0,www.derstandard.at,Lohnt sich Leistung im Job? Jeder Vierte sagt Nein,Viele wünschen sich steuerliche Begünstigungen bei Überstunden und sehen wenig finanzielle Anreize für Mehrarbeit. Künstliche Intelligenz ist für jeden Vierten eine Bedrohung im Job,https://i.ds.at/m4MDUw/rs:fill:1200:600/plain/lido-images/2026/06/17/3a257601-fa24-44aa-bbb7-ba7106b0156a.jpg,2026-09-15T08:00:00Z,,"Sie entscheiden darüber, wie Sie unsere Inhalte nutzen wollen. Ihr Gerät erlaubt uns derzeit leider nicht, die entsprechenden Optionen anzuzeigen.
Bitte deaktivieren Sie sämtliche Hard- und Software… [+180 chars]",,de,'Bedrohung'
https://www.tagesspiegel.de/internationales/angst-vor-deepfakes-und-cyberangriffen-chinas-machthaber-sehen-ihre-herrschaft-durch-ki-bedroht-16052999.html,https://www.tagesspiegel.de/internationales/angst-vor-deepfakes-und-cyberangriffen-chinas-machthaber-sehen-ihre-herrschaft-durch-ki-bedroht-16052999.html,0,www.tagesspiegel.de,Angst vor Deepfakes und Cyberangriffen: Chinas Machthaber sehen ihre Herrschaft durch KI bedroht,"Pekings Minister für Staatssicherheit warnt davor, dass Künstliche Intelligenz eingesetzt werden könnte, um die Macht der Kommunistischen Partei zu untergraben.",https://www.tagesspiegel.de/images/16053128/alternates/BASE_16_9_W1400/1789460866000/a-tv-screen-shows-a-live-news-broadcast-of-chinese-president-xi-jinping-introducing-his-politburo-standing-committee-after-the-19th-national-congress-of-the-communist-party-of-china-at-subway-station-in-beijing.jpeg,2026-09-15T08:58:26Z,,"Wenn vor den Gefahren der Künstlichen Intelligenz (KI) gewarnt wird, heißt es gern, diese könne zum Werkzeug der Massenüberwachung werden etwa in den Händen autoritärer Regime wie dem in China. Doch … [+3015 chars]",,de,'Bedrohung'
https://www.basicthinking.de/blog/2026/09/15/ki-pause-wovor-die-tech-bosse-angst-haben/,https://www.basicthinking.de/blog/2026/09/15/ki-pause-wovor-die-tech-bosse-angst-haben/,0,www.basicthinking.de,KI-Pause aus Gewissensbissen? Wovor die Tech-Bosse wirklich Angst haben,"Der Beitrag KI-Pause aus Gewissensbissen? Wovor die Tech-Bosse wirklich Angst haben erschien zuerst beim Online-Magazin BASIC thinking. Über unseren Newsletter UPDATE startest du jeden Morgen bestens informiert in den Tag.
Anthropic-Chef Dario Amodei fordert …",https://www.basicthinking.de/blog/wp-content/uploads/2026/09/ki-pause.jpg,2026-09-15T09:00:57Z,,"Anthropic-Chef Dario Amodei fordert eine koordinierte Pause bei der Entwicklung leistungsfähiger KI-Modelle und bekommt dafür Zuspruch von OpenAI, Google und sogar Elon Musk. Ausgerechnet jetzt, nach… [+8974 chars]",,de,'Bedrohung'
https://www.dw.com/de/nach-russlands-drohnen-attacke-nahe-der-grenze-zur-ukraine-polen-unterstuetzt-kyjiw-weiter/a-79271207,https://www.dw.com/de/nach-russlands-drohnen-attacke-nahe-der-grenze-zur-ukraine-polen-unterstuetzt-kyjiw-weiter/a-79271207,0,www.dw.com,Polen zeigt nach russischem Drohnenangriff Entschlossenheit,"Nach der russischen Drohnen-Attacke auf Ziele in der Nähe von Polens Grenze zur Ukraine hält Warschau an seiner Unterstützung für Kyjiw fest - und kündigt eine ""nicht provokative, aber ernste"" Antwort an Moskau an. Russlands Krieg gegen die Ukraine rückt imme…",https://static.dw.com/image/79251526_6.jpg,2026-09-15T11:22:00Z,,"Russlands Krieg gegen die Ukraine rückt immer näher an die polnische Grenze. Nach einem russischen Drohnenangriff, bei dem in der Nacht zum Sonntag (13.09.2026) eine Tankstelle und die Lokomotive ein… [+6387 chars]",,de,'Russland'
https://t3n.de/news/ki-kritik-anthropic-biowaffen-1763507/,https://t3n.de/news/ki-kritik-anthropic-biowaffen-1763507/,0,t3n.de,KI als Bedrohung? Wissenschaftler kritisieren Anthropic-Report zu Biowaffen,"Forscher:innen sollen KI-Modelle von Anthropic benutzt haben, um sich Informationen zur Entwicklung von Biowaffen zu besorgen, wie die US-Firma in einem Bericht warnt. Doch in der Branche sehen einige die Warnung als übertrieben an.weiterlesen auf t3n.de",https://cdn.t3n.de/news/wp-content/uploads/2026/04/anthropic.jpg?class=content,2026-09-15T11:30:04Z,,"Am 12. September 2026 hatte Anthropic-CEO Dario Amodei öffentlichkeitswirksam dazu aufgerufen, dass die KI-Branche ihre Entwicklung drosseln müsse. Als einen Grund brachte Amodei die jüngsten Sicherh… [+4035 chars]",,de,'Bedrohung'
https://www.bild.de/politik/ausland-und-internationales/usa-bestaetigen-waffen-im-all-deutliche-warnung-an-china-und-russland-6aa921268191ba8609511e9a,https://www.bild.de/politik/ausland-und-internationales/usa-bestaetigen-waffen-im-all-deutliche-warnung-an-china-und-russland-6aa921268191ba8609511e9a,0,www.bild.de,Wegen Russland und China - US-Geheimwaffen im Weltraum stationiert,"Die USA bestätigen erstmals Waffen im Orbit. Was bekannt ist, warum China und Russland alarmiert sind und wie die Stationierung der Abschreckung dienen soll.","https://images.bild.de/6aa921268191ba8609511e9a/2e2ca52ed1730abeb185589a52dfa749,10a00b12?w=1280",2026-09-15T12:05:17Z,,"TTS-Player überspringenArtikel weiterlesenWashington (USA) Erstmals haben die USA die Stationierung von Waffen im Weltraum bestätigt. Sie sollen die US-Streitkräfte zukünftig besser schützen, so Luft… [+1851 chars]",,de,'Russland'
https://www.tagesschau.de/ausland/europa/ukraine-krieg-unterstuetzung-100.html,https://www.tagesschau.de/ausland/europa/ukraine-krieg-unterstuetzung-100.html,0,www.tagesschau.de,"Russland gegen die Ukraine: ""Übergang zu einem Vernichtungskrieg""","Russlands Strategie hat sich von einem Abnutzungs- zu einem Vernichtungskrieg in der Ukraine gewandelt, sagt Politologe Heinemann-Grüder. Sollte der Westen die Unterstützung der Ukraine weiter drosseln, hätte das gefährliche Konsequenzen für Europa.",https://images.tagesschau.de/image/81f9bee2-3f96-4aef-9020-c89247900fa8/AAABoKWYna4/AAABnSSvrFg/16x9-big/angriff-ukraine-110.jpg?width=1280,2026-09-15T15:03:57Z,,"Stand: 15.09.2026 17:03 Uhr
Russlands Strategie hat sich von einem Abnutzungs- zu einem Vernichtungskrieg in der Ukraine gewandelt, sagt Politologe Heinemann-Grüder. Sollte der Westen die Unterstütz… [+5804 chars]",,de,'Russland'
https://www.zeit.de/politik/ausland/2026-09/memorial-russland-parlamentswahlen-verhaftungen-ukraine-krieg,https://www.zeit.de/politik/ausland/2026-09/memorial-russland-parlamentswahlen-verhaftungen-ukraine-krieg,0,www.zeit.de,Russische Parlamentswahl: Memorial-Gründerin erwartet Verhaftungswelle nach Wahl in Russland,Nach der Dumawahl am Wochenende erwartet die Organisation Memorial neue Repressionen. So könnten mehr Menschen an die Front in die Ukraine gezwungen werden.,https://img.zeit.de/politik/ausland/2026-09/jelena-schemkowa-memorial-russland-parlamentswahlen-verhaftungen-ukraine-foto-1/wide__1300x731,2026-09-16T05:08:00Z,,Nach der anstehenden russischen Parlamentswahl erwartet die Mitgründerin der in Russland verbotenen Menschenrechtsorganisation Memorial Elena Zhemkova neue Repressionen. Sie gehe von einer »sehr star… [+4777 chars],,de,'Russland'
https://www.derstandard.at/story/3000000339122/regisseurin-kaethe-kratz-natuerlich-hatten-sie-angst-weil-ich-als-feministin-goschert-war,https://www.derstandard.at/story/3000000339122/regisseurin-kaethe-kratz-natuerlich-hatten-sie-angst-weil-ich-als-feministin-goschert-war,0,www.derstandard.at,"Regisseurin Käthe Kratz: ""Natürlich hatten sie Angst, weil ich als Feministin goschert war""","Die erste Spielfilmregisseurin Österreichs blickt im Buch ""Schwindelfrei""zurück auf Kämpfe im Filmbetrieb, feministische Aufbrüche, ein Burnout und die Frage, wie Geschichte in Familien weiterwirkt",https://i.ds.at/CRdE7Q/rs:fill:1200:600/plain/lido-images/2026/09/14/11dcbf37-24fd-4b69-aa85-b1c539880c42.jpg,2026-09-16T10:00:00Z,,"Sie entscheiden darüber, wie Sie unsere Inhalte nutzen wollen. Ihr Gerät erlaubt uns derzeit leider nicht, die entsprechenden Optionen anzuzeigen.
Bitte deaktivieren Sie sämtliche Hard- und Software… [+180 chars]",,de,'Kämpfe'
https://www.faz.net/aktuell/politik/ukraine/ukraine-liveticker-polen-auch-an-ostseekueste-gefundene-drohne-trug-sprengsatz-faz-110683325.html,https://www.faz.net/aktuell/politik/ukraine/ukraine-liveticker-polen-auch-an-ostseekueste-gefundene-drohne-trug-sprengsatz-faz-110683325.html,0,www.faz.net,Liveblog Ukrainekrieg: Polen: Auch an Ostseeküste gefundene Drohne trug Sprengsatz,Über Litauen abgeschossene Drohne stammt ebenfalls aus Russland +++ Ukraine meldet erfolgreichen Test neuer Drohnenabwehrwaffe +++ alle Neuigkeiten im Liveblog,https://media0.faz.net/image/w1200h627/1e8660b8f22c/w1664h869x0y198o/202609/43601.0.2553159333/eine-drohne-am-strand-von.webp,2026-09-16T12:36:25Z,,"Die Drohne, die in der Nacht auf Dienstag über Litauen von einem NATO-Kampfflugzeug abgeschossen wurde, stammt laut den litauischen Behörden aus Russland. Litauens Präsident Gitanas Nausda sagte am M… [+2299 chars]",,de,'Ukraine'
https://www.focus.de/politik/ausland/russland-meldet-tod-von-generalmajor-anton-grinus-zweieinhalb-wochen-nach-ehrung-durch-putin-im-ukraine-krieg-getoetet_7fdd67bc-a431-4d15-a224-c20e9ac98e6c.html,https://www.focus.de/politik/ausland/russland-meldet-tod-von-generalmajor-anton-grinus-zweieinhalb-wochen-nach-ehrung-durch-putin-im-ukraine-krieg-getoetet_7fdd67bc-a431-4d15-a224-c20e9ac98e6c.html,0,www.focus.de,Russland meldet Tod von Generalmajor Anton Grinus: Zweieinhalb Wochen nach Ehrung durch Putin im Ukraine-Krieg getötet,Ende August zeichnete Wladimir Putin ihn noch als „Held Russlands“ aus. Nun ist der russische Generalmajor Anton Grinus bei Kämpfen in der Ukraine getötet worden.,"https://quadro.burda-forward.de/ctf/3f99438f-503e-4e11-a231-b1d30cb7da8a.ddef2eb8-aa49-481d-b65e-b43af518b1d4.jpeg?im=RegionOfInterestCrop=(1200,630),regionOfInterest=(1572,817)&hash=81dabff68314ef4782a1be14f1ccf889e0ef66f971b452ac299b232b8dfbf32d",2026-09-16T12:53:00Z,,Zweieinhalb Wochen nach seiner Auszeichnung mit dem Ehrentitel Held Russlands ist der russische Generalmajor Anton Grinus im Ukraine-Krieg getötet worden. Er kommandierte die 4. motorisierte Garde-Sc… [+1685 chars],,de,'Kämpfe'
https://www.focus.de/politik/ausland/im-iran-krieg-steht-saudi-arabien-vor-worst-case-szenario_514faf66-8022-4c94-85dc-f13977fa3785.html,https://www.focus.de/politik/ausland/im-iran-krieg-steht-saudi-arabien-vor-worst-case-szenario_514faf66-8022-4c94-85dc-f13977fa3785.html,0,www.focus.de,Im Iran-Krieg steht Saudi-Arabien vor „Worst-Case-Szenario“,"Saudi-Arabien gerät zwischen die Fronten des Iran-Kriegs. Huthi-Angriffe nehmen zu, Trump zögert – und Riad muss entscheiden, wie es auf die wachsende Bedrohung reagiert.","https://quadro.burda-forward.de/ctf/d1eda36e-cdcb-40ae-8c3f-9697289a2bcf.b8668f68-5f85-475e-9c69-ba5848e275db.jpg?im=RegionOfInterestCrop=(1200,630),regionOfInterest=(2339,1707)&hash=afb6191078f7b76a6c736455e95e6daa0e1cc87737ed3f3c980e7e982d187e1d",2026-09-16T15:06:00Z,,"Saudi-Arabien sieht sich zunehmend zwischen den Fronten des Iran-Krieges. Nun prüft die Führung des Königreichs eine Antwort - doch die Handlungsspielräume schwinden.
In den vergangenen Wochen hat d… [+6815 chars]",,de,'Bedrohung'
https://www.tagesschau.de/ausland/asien/syrien-proteste-energiepreise-100.html,https://www.tagesschau.de/ausland/asien/syrien-proteste-energiepreise-100.html,0,www.tagesschau.de,Syrien: Größte Proteste seit Sturz von Assad,Gleich zweimal in kurzer Zeit hat die syrische Regierung Energiepreise erhöht. Dagegen regt sich im Land nun breiter Protest. Die Energiekrise hängt weniger mit der Entwicklung rund um Iran zusammen - sondern mit einem anderen Krieg. Von M. Behrendt.,https://images.tagesschau.de/image/07dfa3ef-ef4c-49e3-8058-c135f01b320e/AAABoKtMa_U/AAABnSSvrFg/16x9-big/tanklastwagen-100.jpg?width=1280,2026-09-16T18:11:51Z,,"Stand: 16.09.2026 20:11 Uhr
Gleich zweimal in kurzer Zeit hat die syrische Regierung Energiepreise erhöht. Dagegen regt sich im Land nun breiter Protest. Die Energiekrise hängt weniger mit der Entwi… [+3571 chars]",,de,'Krieg'
https://www.focus.de/panorama/welt/viele-tote-und-verschuettete-nach-gebaeudeeinsturz-in-gaza_ee70834e-168a-450c-8d94-c2ba32507a31.html,https://www.focus.de/panorama/welt/viele-tote-und-verschuettete-nach-gebaeudeeinsturz-in-gaza_ee70834e-168a-450c-8d94-c2ba32507a31.html,0,www.focus.de,Viele Tote und Verschüttete nach Gebäudeeinsturz in Gaza,"Hunderttausende Palästinenser haben im Gaza-Krieg ihr Zuhause verloren. Viele von ihnen hausen in beschädigten Gebäuden. Immer wieder gibt es Einstürze mit schlimmen Folgen, so auch in der Nacht.","https://quadro.burda-forward.de/ctf/deb6380e-5188-4647-8679-24be7cb5fdd5.3cef84fb-12b6-4552-90d5-722b9debfd91.jpeg?im=RegionOfInterestCrop=(1200,630),regionOfInterest=(1024,683)&hash=c2f857f09d7a921b668f137d81ad6678f6633e2a5c845d8ca447b3795637e02f",2026-09-16T21:38:00Z,,"Bei einem Gebäudeeinsturz in der Stadt Gaza hat es in der Nacht palästinensischen Angaben zufolge viele Tote gegeben. Mindestens 20 Menschen, darunter auch Kinder, seien ums Leben gekommen und rund 2… [+1851 chars]",,de,'Krieg'
https://www.diepresse.com/41269220/zinserhoehungen-laeuten-ein-neues-geldpolitisches-zeitalter-ein,https://www.diepresse.com/41269220/zinserhoehungen-laeuten-ein-neues-geldpolitisches-zeitalter-ein,0,www.diepresse.com,Zinserhöhungen läuten ein neues geldpolitisches Zeitalter ein [premium],"Die US-Notenbank Fed erhöht aus Sorge um die Inflation zum ersten Mal seit mehr als drei Jahren die Zinsen. Weitere Schritte stehen bevor, auch in Europa. Die Folgen für die Weltwirtschaft sind weitreichend.",https://img.diepresse.com/public/incoming/xvxn45-apaimg007677259hrjpg/alternates/WEBP_WIDE_1200/APAIMG_007677259.HR.jpg,2026-09-16T22:01:43Z,,"New York. Dass die US-Zentralbank Fed am späten Mittwoch ihren Leitzins auf eine Spanne von 3,75 bis vier Prozent angehoben hat, war keine Überraschung. Marktteilnehmer bezifferten die Wahrscheinlich… [+4706 chars]",,de,'Inflation'
https://www.kino.de/film/coward--01M2PWVKNJ9GKPVQZ066MCF1FK,https://www.kino.de/film/coward--01M2PWVKNJ9GKPVQZ066MCF1FK,0,www.kino.de,Coward,LGBTQ-Kriegsdrama vor dem Hintergrund des Ersten Weltkriegs.,https://static.kino.de/74/92/92/be5da876bb75e435a56647dc51_cmUgMTkyMCAxMDgwAzcyYmQ3YmU1Njc1.jpg,2026-09-17T05:19:01Z,,"LGBTQ-Kriegsdrama vor dem Hintergrund des Ersten Weltkriegs.
Im Ersten Weltkrieg wird der junge Pierre (Emmanuel Macchia) an die belgische Front geschickt. Zwischen Schützengräben, Gewalt und der st… [+1863 chars]",,de,'Kämpfe'
https://www.prnewswire.com/news-releases/piramal-pharma-solutions-treibt-nachhaltigkeitsbemuhungen-mit-bau-einer-solaranlage-am-standort-morpeth-im-vereinigten-konigreich-voran-302881522.html,https://www.prnewswire.com/news-releases/piramal-pharma-solutions-treibt-nachhaltigkeitsbemuhungen-mit-bau-einer-solaranlage-am-standort-morpeth-im-vereinigten-konigreich-voran-302881522.html,0,www.prnewswire.com,Piramal Pharma Solutions treibt Nachhaltigkeitsbemühungen mit Bau einer Solaranlage am Standort Morpeth im Vereinigten Königreich voran,"Piramal Pharma Solutions errichtet an seinem integrierten Standort für Wirkstoffe und Fertigarzneimittel in Morpeth, im Vereinigten Königreich, eine Freiflächen-Solaranlage (4,3 MWp). Die neue Anlage wird den Standort über eine Behind-the-Meter-Konfiguration …",https://mmx.prnewswire.com/media/MS1989758/Frank-Bugg-Piramal-Pharma-Solutions.jpg?id=OA2952903&p=facebook,2026-09-17T05:32:00Z,,"Durch diese Initiative können am Standort Morpeth über einen Zeitraum von 25 Jahren schätzungsweise 20 000 tCOe vermieden werden, was einen bedeutenden Schritt auf dem Weg von PPL zu mehr Nachhaltigk… [+3484 chars]",,de,'Energiekosten'
https://www.tagesspiegel.de/internationales/dpa-vorstoss-der-huthi-rebellen-heftige-gefechte-nahe-meerenge-bab-al-mandab-im-jemen-16063877.html,https://www.tagesspiegel.de/internationales/dpa-vorstoss-der-huthi-rebellen-heftige-gefechte-nahe-meerenge-bab-al-mandab-im-jemen-16063877.html,0,www.tagesspiegel.de,Vorstoß der Huthi-Rebellen: Heftige Gefechte nahe Meerenge Bab al-Mandab im Jemen,"Nach dem Vorstoß der Huthi-Miliz an der Rotmeerküste des Jemen gehen die Kämpfe im Hinterland weiter. Im Fokus steht eine Region, die für die Meerenge Bab al-Mandab von strategischer Bedeutung ist.",https://www.tagesspiegel.de/images/16063876/alternates/BASE_16_9_W1400/1789634387000/lage-in-jemen.jpeg,2026-09-17T08:39:46Z,,Die Kämpfe zwischen Huthi-Rebellen und der international anerkannten Regierung im Jemen gehen unvermindert weiter. Wie die Deutsche Presse-Agentur aus Militärkreisen im Umfeld der Regierungstruppen e… [+1583 chars],,de,'Kämpfe'
https://www.diepresse.com/41269449/griechenlands-wirtschaft-boomt-nun-will-die-bevoelkerung-ihren-anteil,https://www.diepresse.com/41269449/griechenlands-wirtschaft-boomt-nun-will-die-bevoelkerung-ihren-anteil,0,www.diepresse.com,Griechenlands Wirtschaft boomt – nun will die Bevölkerung ihren Anteil daran [premium],"Griechenlands Wirtschaft wächst stärker als die Eurozone, das ehemalige Sorgenkind schreibt Budgetüberschüsse. Nun verspricht Premier Kyriakos Mitsotakis den Griechen eine „Wachstums-Dividende“. Ob er damit die Inflation und die Krise am Wohnungsmarkt bekämpf…",https://img.diepresse.com/public/incoming/wv0ji4-apaimg487546085hrjpg/alternates/WEBP_WIDE_1200/APAIMG_487546085.HR.jpg,2026-09-17T09:05:35Z,,Strotzend vor Selbstvertrauen läutete der griechische Ministerpräsident Kyriakos Mitsotakis am ersten Septemberwochenende im Rahmen der internationalen Messe von Thessaloniki den politischen Herbst e… [+4216 chars],,de,'Energiekosten'
https://www.derstandard.at/story/3000000340219/iran-heftige-gefechte-nahe-meerenge-bab-al-mandab-im-jemen,https://www.derstandard.at/story/3000000340219/iran-heftige-gefechte-nahe-meerenge-bab-al-mandab-im-jemen,0,www.derstandard.at,Iran: Heftige Gefechte nahe Meerenge Bab al-Mandab im Jemen,Die Kämpfe zwischen Houthi-Rebellen und Regierungstruppen im Jemen gehen unvermindert weiter,https://i.ds.at/vmJXkg/rs:fill:1200:600/plain/lido-images/2026/09/17/d1bcfcd3-8950-4a0c-b5b7-60fe6fd71212.jpg,2026-09-17T09:52:21Z,,"Sie entscheiden darüber, wie Sie unsere Inhalte nutzen wollen. Ihr Gerät erlaubt uns derzeit leider nicht, die entsprechenden Optionen anzuzeigen.
Bitte deaktivieren Sie sämtliche Hard- und Software… [+180 chars]",,de,'Kämpfe'
https://www.diepresse.com/41270310/heftige-gefechte-nahe-meerenge-bab-al-mandab-im-jemen,https://www.diepresse.com/41270310/heftige-gefechte-nahe-meerenge-bab-al-mandab-im-jemen,0,www.diepresse.com,Heftige Gefechte nahe Meerenge Bab al-Mandab im Jemen,Die Kämpfe zwischen Houthi-Rebellen und der international anerkannten Regierung im Jemen gehen unvermindert weiter.,https://img.diepresse.com/public/incoming/ppavwb-2026-03-29t120556z1361058911rc2ceka8itg9rtrmadp3iran-crisis-yemen-houthisjpg/alternates/WEBP_WIDE_1200/2026-03-29T120556Z_1361058911_RC2CEKA8ITG9_RTRMADP_3_IRAN-CRISIS-YEMEN-HOUTHIS.JPG,2026-09-17T10:09:23Z,,"Die Presse auf Google als bevorzugte Nachrichtenquelle hinzufügen.
 Wie die dpa aus Militärkreisen im Umfeld der Regierungstruppen erfuhr, konzentrierten sich die Gefechte seit der Nacht auf den Wes… [+1389 chars]",,de,'Kämpfe'
https://www.n-tv.de/politik/Militaerkreise-Vorruecken-der-Huthi-an-zwei-Fronten-verhindert-id31316199.html,https://www.n-tv.de/politik/Militaerkreise-Vorruecken-der-Huthi-an-zwei-Fronten-verhindert-id31316199.html,0,www.n-tv.de,Gefechte im Jemen: Militärkreise: Vorrücken der Huthi an zwei Fronten verhindert,Im Jemen geht die Regierung weiter gegen den Vormarsch der Huthi-Miliz vor. Betroffen ist dabei auch die strategisch wichtige Meerenge Bab al-Mandab. Tausende Menschen müssen wegen der Kämpfe fliehen.,https://www.n-tv.de/img/31316347/1789645578/Img_16_9/1200/AFP__20260916__C8H86MJ__v1__HighRes__YemenIranUsIsraelWar.jpg,2026-09-17T11:04:05Z,,"Die jemenitische Regierung hat mehrere Angriffe auf die Huthi-Miliz gemeldet. (Foto: AFP)
Im Jemen geht die Regierung weiter gegen den Vormarsch der Huthi-Miliz vor. Betroffen ist dabei auch die str… [+1922 chars]",,de,'Kämpfe'
https://www.kino.de/news/brutaler-fsk-18-film-netflix-liefert-euch-ab-sonntag-einen-knallharten-action-hit--01M2APQP4HDZ231F6VTQ3GEMN4,https://www.kino.de/news/brutaler-fsk-18-film-netflix-liefert-euch-ab-sonntag-einen-knallharten-action-hit--01M2APQP4HDZ231F6VTQ3GEMN4,0,www.kino.de,Brutaler FSK-18-Film: Netflix liefert euch ab Sonntag einen knallharten Action-Hit,Ein unscheinbarer Bankangestellter wird zum unfreiwilligen Actionhelden: Dieser ungewöhnliche FSK-18-Film verbindet brutale Kämpfe mit schwarzem Humor.,https://static.kino.de/67/a1/2d/d275883597011900d8198dd01b_cmUgMTkyMCAxMDgwAzYxZDUzNzEwMWQx.webp,2026-09-17T11:13:00Z,,"Ein unscheinbarer Bankangestellter wird zum unfreiwilligen Actionhelden: Dieser ungewöhnliche FSK-18-Film verbindet brutale Kämpfe mit schwarzem Humor.
Mit Mr. No Pain landet am Sonntag ein ungewöhn… [+1806 chars]",,de,'Kämpfe'
https://www.golem.de/sonstiges/zustimmung/auswahl.html?from=https://www.golem.de/news/solar-diesel-hydrid-afrikas-energiewende-fuehrt-ueber-diesel-2609-213153.html&referer=https://t.co/16f5a07f71,https://www.golem.de/sonstiges/zustimmung/auswahl.html?from=https://www.golem.de/news/solar-diesel-hydrid-afrikas-energiewende-fuehrt-ueber-diesel-2609-213153.html&referer=https://t.co/16f5a07f71,0,www.golem.de,Solar-Diesel-Hydrid: Afrikas Energiewende führt über Diesel,"Das Konzept mit einem Hybridsystem kann sowohl die Stromnetze stabilisieren als auch die Energiekosten halbieren. Weniger Abhängigkeit inklusive. (Solarenergie, Energiewende)",,2026-09-17T11:36:01Z,,"Besuchen Sie Golem.de wie gewohnt mit Werbung und Tracking,
 indem Sie der Nutzung aller Cookies zustimmen.
 Details zum Tracking finden Sie im Privacy Center.
Skript wurde nicht geladen. Informat… [+607 chars]",,de,'Energiekosten'
https://www.sueddeutsche.de/muenchen/muenchen-migrationserfahrungen-frauen-literatur-film-li.3533410,https://www.sueddeutsche.de/muenchen/muenchen-migrationserfahrungen-frauen-literatur-film-li.3533410,0,www.sueddeutsche.de,Veranstaltungsreihe in München: Frauen mit Migrationsgeschichte eine Stimme geben,"Karnik Gregorian erzählt von migrantischen Frauen, ihren Lebenswegen und gesellschaftlichen Veränderungen. Gespräche und Filme zeigen familiäre Erinnerungen und politische Kämpfe.",https://www.sueddeutsche.de/2026/08/19/83a94a6b-c68a-4af4-b3cb-5906e868a1b4.jpg?q=60&fm=webp&width=1200&rect=0%2C39%2C4000%2C2250,2026-09-17T12:07:44Z,,"Gesprochen hat Karnik Gregorian schon immer gern und viel. Eigentlich habe er immer alle um sich herum vollgequatscht, erzählt der Autor und Filmemacher beim Treffen im Café. Unschwer kann man in dem… [+272 chars]",,de,'Kämpfe'
https://www.sueddeutsche.de/kultur/iran-israel-netanjahu-eskalation-osterer-schneider-li.3547682,https://www.sueddeutsche.de/kultur/iran-israel-netanjahu-eskalation-osterer-schneider-li.3547682,0,www.sueddeutsche.de,Naher Osten: „Ab jetzt ist alles möglich – und dieses ‚alles‘ kann eine Katastrophe werden“,Hat Iran den Krieg gewonnen? Shahrzad Osterer und Richard C. Schneider analysieren in „Eskalation“ die jüngsten Kämpfe im Nahen Osten. Ein Gespräch über die Kopflosigkeit der USA  – und die Chancen für eine Abwahl Netanjahus.,https://www.sueddeutsche.de/2026/09/17/e254927e-744a-4bdd-b9b5-03c927e07a56.jpg?q=60&fm=webp&width=1200&rect=0%2C909%2C2668%2C1501,2026-09-17T12:47:49Z,,Mit ihren Lebensgeschichten hätte sich leicht ein gefühliges Nahost-Buch füllen lassen: Shahrzad Osterer wurde 1984 als Mitglied der jüdischen Minderheit in Teheran geboren und verließ das Land im Al… [+761 chars],,de,'Kämpfe'
https://www.focus.de/politik/ausland/putin-braucht-wahl-um-sein-kriegsdilemma-zu-loesen_7bd19fee-74b3-4c8c-af96-7653709655de.html,https://www.focus.de/politik/ausland/putin-braucht-wahl-um-sein-kriegsdilemma-zu-loesen_7bd19fee-74b3-4c8c-af96-7653709655de.html,0,www.focus.de,"Putin braucht Wahl, um sein Kriegsdilemma zu lösen",Russland wählt ein neues Parlament. Der Kreml braucht die keineswegs freien Wahlen für zwei widersprüchliche Zwecke: Den Krieg zu legitimieren und ihn zu verstecken.,"https://quadro.burda-forward.de/ctf/8dd5a56f-f9c5-478a-8470-19286a07ff7a.b744aa83-a979-485a-8b41-da14b0ab934e.jpg?im=RegionOfInterestCrop=(1200,630),regionOfInterest=(1390,405)&hash=e1810e1bba27c1b82d21e49e5e548424315f79bcb1c3ecf27520a29f6a10c53c",2026-09-17T12:48:00Z,,"Vom 18. bis 20. September 2026 finden in Russland Wahlen zur Staatsduma statt. Es sind die ersten Parlamentswahlen im Land, die während eines Krieges stattfinden: Soldaten werden von ihren Einheiten … [+6260 chars]",,de,'Kämpfe'
https://www.kino.de/news/einfach-fantastisch-spektakulaerer-action-anime-startet-im-streaming-abo-bei-disney-durch--01M2QPFF6BY90MFFSHCC63BC5K,https://www.kino.de/news/einfach-fantastisch-spektakulaerer-action-anime-startet-im-streaming-abo-bei-disney-durch--01M2QPFF6BY90MFFSHCC63BC5K,0,www.kino.de,„Einfach fantastisch“: Spektakulärer Action-Anime startet im Streaming-Abo bei Disney+ durch,"Wer krachende Action und spektakuläre Kämpfe liebt, darf diesen wilden Anime nicht verpassen.",https://static.kino.de/62/5f/a5/5c3d9c4847ca2c191dfcaf0ba1_ZmMgOTc3NzZiOWRmZmZmIDE5MjAgMTA4MAM2ZjVkNDcyOWZmYQ==.png,2026-09-17T13:00:00Z,,"Wer krachende Action und spektakuläre Kämpfe liebt, darf diesen wilden Anime nicht verpassen.
Anime-Fans bekommen bei Disney+ gerade Nachschub mit ordentlich Wumms: The God of High School ist ab sof… [+2668 chars]",,de,'Kämpfe'
https://www.kino.de/news/jetzt-im-stream-gefeierter-fsk-16-kriegsfilm-mit-dem-sohn-von-clint-eastwood--01M2J43VTG1PNX6Z49B8ZXHN71,https://www.kino.de/news/jetzt-im-stream-gefeierter-fsk-16-kriegsfilm-mit-dem-sohn-von-clint-eastwood--01M2J43VTG1PNX6Z49B8ZXHN71,0,www.kino.de,Jetzt im Stream: Gefeierter FSK-16-Kriegsfilm mit dem Sohn von Clint Eastwood,"Brutale Gefechte, klaustrophobische Spannung und eine wahre Geschichte: Dieser Kriegsfilm zählt zu den stärksten Genrebeiträgen der letzten Jahre.",https://static.kino.de/c3/ee/60/abf51bf8ac2f1622aa9318e53a_cmUgMTkyMCAxMDgwA2NlYTVmYzEyOTgz.jpg,2026-09-17T14:00:00Z,,"Brutale Gefechte, klaustrophobische Spannung und eine wahre Geschichte: Dieser Kriegsfilm zählt zu den stärksten Genrebeiträgen der letzten Jahre.
Kriegsfilme gibt es viele, doch nur wenige schaffen… [+2522 chars]",,de,'Kämpfe'
https://www.zeit.de/news/2026-09/19/trump-unterzeichnet-paket-mit-sanktionen-gegen-russland,https://www.zeit.de/news/2026-09/19/trump-unterzeichnet-paket-mit-sanktionen-gegen-russland,0,www.zeit.de,Ukraine-Krieg: Trump unterzeichnet Paket mit Sanktionen gegen Russland,Hier finden Sie Informationen zu dem Thema „Ukraine-Krieg“. Lesen Sie jetzt „Trump unterzeichnet Paket mit Sanktionen gegen Russland“.,https://img.zeit.de/news/2026-09/19/trump-unterzeichnet-paket-mit-sanktionen-gegen-russland-image-group/wide__1300x731,2026-09-18T23:34:50Z,,US-Präsident Donald Trump hat das vom Parlament verabschiedete Gesetz mit neuen weitreichenden Sanktionen gegen Russland unterzeichnet. Das teilte das Weiße Haus in Washington mit. Das Sanktionspaket… [+1568 chars],,de,'Russland'
https://www.welt.de/politik/ausland/article6aadd38c708e760b5e063b1d/sorgen-in-polen-trump-sicher-russland-greift-seit-jahren-verbuendete-der-ukraine-an.html,https://www.welt.de/politik/ausland/article6aadd38c708e760b5e063b1d/sorgen-in-polen-trump-sicher-russland-greift-seit-jahren-verbuendete-der-ukraine-an.html,0,www.welt.de,Trump sicher – Russland greift seit Jahren Verbündete der Ukraine an,"Donald Trump hat Russland der Angriffe auf Verbündete der Ukraine bezichtigt. „Seit etwa fünf Jahren greifen sie die Verbündeten der Ukraine an“, sagte er im Weißen Haus. „Ich glaube, da sind sich alle einig.“",https://images.welt.de/6aadd38c708e760b5e063b1d/1f20ddc44e82c743ae0fffde0a0abfdf-master/ci16x9-w1200/dpa-com-260918-99-688110-jpg,2026-09-19T00:28:07Z,,"Donald Trump hat Russland der Angriffe auf Verbündete der Ukraine bezichtigt. Seit etwa fünf Jahren greifen sie die Verbündeten der Ukraine an, sagte er im Weißen Haus. Ich glaube, da sind sich alle … [+2788 chars]",,de,'Russland'
https://www.welt.de/politik/ausland/article6aadd38c708e760b5e063b1d/neues-us-sanktionspaket-seit-fuenf-jahren-greifen-sie-an-trump-warnt-vor-russischer-aggression.html,https://www.welt.de/politik/ausland/article6aadd38c708e760b5e063b1d/neues-us-sanktionspaket-seit-fuenf-jahren-greifen-sie-an-trump-warnt-vor-russischer-aggression.html,0,www.welt.de,„Seit fünf Jahren greifen sie an“ – Trump warnt vor russischer Aggression,Donald Trump hat Russland der Angriffe auf Verbündete der Ukraine bezichtigt. Zudem unterzeichnete der US-Präsident das neue Sanktionspaket der USA gegen Russland.,https://images.welt.de/6aadd38c708e760b5e063b1d/1f20ddc44e82c743ae0fffde0a0abfdf-master/ci16x9-w1200/dpa-com-260918-99-688110-jpg,2026-09-19T00:28:07Z,,"Donald Trump hat Russland der Angriffe auf Verbündete der Ukraine bezichtigt. Zudem unterzeichnete der US-Präsident das neue Sanktionspaket der USA gegen Russland.Klicken Sie hier, um sich Artikel vo… [+3057 chars]",,de,'Russland'
https://www.focus.de/politik/ausland/trump-russland-greift-verbuendete-der-ukraine-seit-jahren-an_352c3d49-b437-4087-813d-2eeb4af3c49b.html,https://www.focus.de/politik/ausland/trump-russland-greift-verbuendete-der-ukraine-seit-jahren-an_352c3d49-b437-4087-813d-2eeb4af3c49b.html,0,www.focus.de,Trump: Russland greift Verbündete der Ukraine seit Jahren an,Zuletzt spielte US-Präsident Trump die Gefahr durch Russland meist herunter. Nun gibt es andere Töne aus dem Weißen Haus.,"https://quadro.burda-forward.de/ctf/b8370f4e-f911-4d64-97ff-7e26bd51443d.b8791884-c373-4bb5-a176-a79962304664.jpeg?im=RegionOfInterestCrop=(1200,630),regionOfInterest=(1024,683)&hash=231930a164409aa3b0fdb6f4a67a7fc97fe140bc13768012814af044bb526052",2026-09-19T01:12:00Z,,"US-Präsident Donald Trump hat Russland der Angriffe auf Verbündete der Ukraine bezichtigt. Seit etwa fünf Jahren greifen sie die Verbündeten der Ukraine an, sagte er im Weißen Haus auf eine Reporterf… [+1299 chars]",,de,'Russland'
https://www.sueddeutsche.de/politik/ukraine-krieg-newsblog-wahl-parlament-russland-putin-stoerung-vorwurf-li.3549696,https://www.sueddeutsche.de/politik/ukraine-krieg-newsblog-wahl-parlament-russland-putin-stoerung-vorwurf-li.3549696,0,www.sueddeutsche.de,Newsblog zum Ukraine-Krieg: Putin wirft Ukraine Störung der Parlamentswahl vor,"Russlands dreitägige Parlamentswahl läuft. Kremlchef Putin erhebt schwere Vorwürfe und wirft der ukrainischen Führung vor, eine Diktatur zu sein.",https://www.sueddeutsche.de/2026/09/19/bcbfde0e-efd0-416f-b5d9-30030ed1c86c.jpg?q=60&fm=webp&width=1200&rect=0%2C137%2C2636%2C1483,2026-09-19T01:43:42Z,,"In der ukrainischen Grenzregion zu Polen hat es nach Angaben der Regierung in Warschau erneut einen Drohnenangriff unweit von einem Grenzübergang gegeben. Sehr nahe an der polnischen Grenze, unweit v… [+1515 chars]",,de,'Russland'
https://www.bild.de/politik/ausland-und-internationales/usa-trump-unterschreibt-neues-sanktionspaket-gegen-russland-6aadd351b1857e86757a6b8c,https://www.bild.de/politik/ausland-und-internationales/usa-trump-unterschreibt-neues-sanktionspaket-gegen-russland-6aadd351b1857e86757a6b8c,0,www.bild.de,Trump teilt aus! - Neue Sanktionen und Vorwürfe gegen Putin,Donald Trump unterzeichnet ein neues Sanktionspaket gegen Russland und erhebt neue Vorwürfe.,"https://images.bild.de/6aadd351b1857e86757a6b8c/df913a09e06961268caac498d0b7eb54,ff621e05?w=1280",2026-09-19T02:01:48Z,,"TTS-Player überspringenArtikel weiterlesenEs war eine ereignisreiche Nacht, was die USA und Präsident Donald Trump angeht. Nicht nur verkündete Trump einen Grönland-Deal mit Dänemark. Der US-Präsiden… [+2584 chars]",,de,'Russland'
https://www.nzz.ch/pro/israel-fuehrt-einen-high-tech-krieg-daraus-kann-europa-viel-lernen-ld.1925174,https://www.nzz.ch/pro/israel-fuehrt-einen-high-tech-krieg-daraus-kann-europa-viel-lernen-ld.1925174,0,www.nzz.ch,Israel führt den Krieg der Zukunft,"Das israelische Militär kämpft mit Technologien und Strategien, die sich bald auch in Europa durchsetzen werden. Die europäischen Armeen können vom Nahen Osten viel lernen.","https://img-msp-prod.nzz.ch/2026/02/16/ef42b9fd-9692-4d44-a2ce-ac34d27a008e.jpg?width=1200&height=675&fit=bounds&quality=75&auto=webp&crop=6369,3583,x0,y667&wmark=nzz",2026-09-19T03:30:00Z,,"Das israelische Militär kämpft mit Technologien und Strategien, die sich bald auch in Europa durchsetzen werden. Die europäischen Armeen können vom Nahen Osten viel lernen.
Richard C. Schneider19.09… [+7206 chars]",,de,'Russland'
https://www.nzz.ch/international/trotz-sanktionen-schickt-nordkorea-arbeiter-ins-ausland-und-verdient-so-bis-zu-800-millionen-dollar-ld.10024412,https://www.nzz.ch/international/trotz-sanktionen-schickt-nordkorea-arbeiter-ins-ausland-und-verdient-so-bis-zu-800-millionen-dollar-ld.10024412,0,www.nzz.ch,Trotz Sanktionen schickt Nordkorea Arbeiter ins Ausland – und verdient so bis zu 800 Millionen Dollar,Vor allem in Russland nimmt die Zahl nordkoreanischer Arbeiter stark zu. Deren Einkommen geht zum grössten Teil an das Kim-Regime.,"https://img-msp-prod.nzz.ch/2026/09/18/7d4109c5-4a7f-433e-a95d-2d85e912da5d.jpg?width=1200&height=675&fit=bounds&quality=75&auto=webp&crop=2560,1440,x0,y70&wmark=nzz",2026-09-19T03:30:00Z,,"Vor allem in Russland nimmt die Zahl nordkoreanischer Arbeiter stark zu. Deren Einkommen geht zum grössten Teil an das Kim-Regime.
Kommentieren
Zusammenfassung
Die Verbindung zwischen Nordkorea un… [+4436 chars]",,de,'Russland'
https://www.derstandard.at/story/3000000339939/so-koedert-russland-weltweit-ahnungslose-fuer-die-front,https://www.derstandard.at/story/3000000339939/so-koedert-russland-weltweit-ahnungslose-fuer-die-front,0,www.derstandard.at,So ködert Russland weltweit Ahnungslose für die Front,"Ein brisanter Bericht zeigt erstmals die technische Infrastruktur hinter der globalen Betrugsmasche, mit der Moskau global für die Front rekrutiert. Die Spuren führen auch nach Amsterdam und Wien",https://i.ds.at/_mZpIg/rs:fill:1200:600/plain/lido-images/2026/09/17/bb84549e-fb00-41d2-a6fe-69a59798080b.jpg,2026-09-19T04:00:00Z,,"Sie entscheiden darüber, wie Sie unsere Inhalte nutzen wollen. Ihr Gerät erlaubt uns derzeit leider nicht, die entsprechenden Optionen anzuzeigen.
Bitte deaktivieren Sie sämtliche Hard- und Software… [+180 chars]",,de,'Russland'
https://www.faz.net/podcasts/f-a-z-podcast-machtprobe/herr-muenkler-kippt-die-opferbereitschaft-der-russen-201241609.html,https://www.faz.net/podcasts/f-a-z-podcast-machtprobe/herr-muenkler-kippt-die-opferbereitschaft-der-russen-201241609.html,0,www.faz.net,"F.A.Z. Machtprobe: Herfried Münkler, kippt die Opferbereitschaft der Russen?",Die Duma-Wahl in Russland gilt als Stresstest für Putins Rückhalt– auch wenn es kaum Zweifel am Sieg der Kremlpartei „Einiges Russland“ gibt.,https://media0.faz.net/image/w1200h627/48d04ae57ba2/w6144h3210x0y443o/202609/43601.0.2556974702/4360102556974702.webp,2026-09-19T04:05:00Z,,"Mit dem Politikwissenschaftler Herfried Münkler sprechen wir über die Opferbereitschaft der russischen Bevölkerung, die Tücken hybrider Kriegsführung und die Gefahr einer weiteren Eskalation in Europ… [+1 chars]",,de,'Putin'
https://www.focus.de/politik/ausland/russland-gibt-zu-auf-einen-daenischen-hubschrauber-wurden-leuchtraketen-abgefeuert-der-kapitaen-des-schiffes-wurde-sogar-belohnt_95300e6f-ad56-419d-8ae6-4defbcecb97f.html,https://www.focus.de/politik/ausland/russland-gibt-zu-auf-einen-daenischen-hubschrauber-wurden-leuchtraketen-abgefeuert-der-kapitaen-des-schiffes-wurde-sogar-belohnt_95300e6f-ad56-419d-8ae6-4defbcecb97f.html,0,www.focus.de,Russland gibt zu: Auf einen dänischen Hubschrauber wurden Leuchtraketen abgefeuert – der Kapitän des Schiffes wurde sogar belohnt,Über der Ostsee schoss ein russisches Kriegsschiff zwei Leuchtraketen in Richtung eines dänischen Hubschraubers. Jetzt hat Moskau den verantwortlichen Kommandanten geehrt.,"https://quadro.burda-forward.de/ctf/dc4a261e-61fc-4b29-be95-4d782576881d.f57ff956-5221-4287-962d-d334000d052d.jpg?im=RegionOfInterestCrop=(1200,630),regionOfInterest=(777,672)&hash=d553c7b668ba15b1597680703774f172628c0ac2122adf203501acc10c0c5d0a",2026-09-19T05:26:00Z,,Der Vorfall ereignete sich am 14. September gegen 14.22 Uhr in internationalen Gewässern im südwestlichen Teil der Ostsee. Nach russischer Darstellung näherte sich ein dänischer Fennec-Hubschrauber d… [+2452 chars],,de,'Russland'
https://www.focus.de/politik/ausland/krieg-mit-europa-waere-sehr-kurz-russlands-aussenminister-lawrow-verschaerft-die-rhetorik-gegenueber-europa_4ee4f79d-b4dc-4394-b7e2-b01feaf2f63b.html,https://www.focus.de/politik/ausland/krieg-mit-europa-waere-sehr-kurz-russlands-aussenminister-lawrow-verschaerft-die-rhetorik-gegenueber-europa_4ee4f79d-b4dc-4394-b7e2-b01feaf2f63b.html,0,www.focus.de,„Krieg mit Europa wäre sehr kurz“: Russlands Außenminister Lawrow verschärft die Rhetorik gegenüber Europa,Der russische Außenminister Sergei Lawrow verschärft die Rhetorik gegenüber Europa. Er reagiert damit auf Aussagen seines polnischen Amtskollegen Radosław Sikorski.,"https://quadro.burda-forward.de/ctf/3ce4307c-5964-4803-ac9f-3041c4e71c7d.807ce949-d094-4b00-8ff2-32087deb1f94.jpg?im=RegionOfInterestCrop=(1200,630),regionOfInterest=(2635,1382)&hash=318a35067c9b341aceb2b1cccc54212df3977fe9d953ccdd70dc4f6b1deee4d0",2026-09-19T05:29:00Z,,"Russlands Außenminister Sergei Lawrow warnt vor den Folgen eines möglichen Krieges mit Europa. Russland habe kein Interesse an einem Angriff auf westliche Staaten, sagte Lawrow am Mittwoch beim Inter… [+2553 chars]",,de,'Russland'
https://www.focus.de/politik/ausland/die-ukraine-hat-das-italienisch-schweizerische-luftabwehrsystem-skyguard-an-die-front-geschickt_54268bb3-75e4-44c3-b8be-feb2e24a9791.html,https://www.focus.de/politik/ausland/die-ukraine-hat-das-italienisch-schweizerische-luftabwehrsystem-skyguard-an-die-front-geschickt_54268bb3-75e4-44c3-b8be-feb2e24a9791.html,0,www.focus.de,Die Ukraine hat das italienisch-schweizerische Luftabwehrsystem „Skyguard“ an die Front geschickt,Die Ukraine stärkt ihre Luftabwehr vor dem Winter mit einem weiteren westlichen System. Die Armee nutzt nun Skyguard/Aspide gegen Bedrohungen aus der Luft.,"https://quadro.burda-forward.de/ctf/cbddfcac-b2f2-4bed-9488-8ffc3739edcf.5ae2b36e-892f-410c-ae59-953f1a85ef66.jpg?im=RegionOfInterestCrop=(1200,630),regionOfInterest=(1542,1358)&hash=24109f069437e046bd13abd175795395dd25e372d6c731dac53c3cd7dc57cf81",2026-09-19T05:30:00Z,,"Die Ukraine hat das italienisch-schweizerische Luftabwehrsystem Skyguard/Aspide in Dienst gestellt. Die Streitkräfte veröffentlichten Aufnahmen auf Facebook, die das System beim Beladen und in Bereit… [+2505 chars]",,de,'Ukraine'
https://www.focus.de/politik/ausland/wir-sehen-bereits-erste-erfolge-ukrainische-raketen-erhalten-eine-neue-ausgekluegelte-eigenschaft_e0fe7776-0652-48ef-bb43-e12a7ae998cc.html,https://www.focus.de/politik/ausland/wir-sehen-bereits-erste-erfolge-ukrainische-raketen-erhalten-eine-neue-ausgekluegelte-eigenschaft_e0fe7776-0652-48ef-bb43-e12a7ae998cc.html,0,www.focus.de,„Wir sehen bereits erste Erfolge“ – Ukrainische Raketen erhalten eine neue ausgeklügelte Eigenschaft,Künstliche Intelligenz erfasst im Krieg nun auch neue Waffentypen. In der Ukraine wird die Technik nicht mehr nur in Drohnen eingebaut.,"https://quadro.burda-forward.de/ctf/28fd2dd0-f88e-45b2-ab2b-01bc4a146c82.4608c2ba-1c17-462a-a75b-b2329e9abc9e.jpg?im=RegionOfInterestCrop=(1200,630),regionOfInterest=(784,463)&hash=ceac78647ccb8de7e85422420a3a046021760aee8902aeaec6b72a02ee8db03a",2026-09-19T05:32:00Z,,"Die Ukraine entwickelt Angriffsraketen, die mit künstlicher Intelligenz arbeiten sollen. Bislang nutzte das Land solche Technik vor allem in Drohnen und Bodenrobotern.
Nach Angaben der staatlich unt… [+3203 chars]",,de,'Russland'
https://www.bild.de/politik/ausland-und-internationales/russland-putins-beamte-warnen-angehoerige-vor-neuer-mobilmachung-6aad269d708e760b5e063106,https://www.bild.de/politik/ausland-und-internationales/russland-putins-beamte-warnen-angehoerige-vor-neuer-mobilmachung-6aad269d708e760b5e063106,0,www.bild.de,Angst vor Fronteinsatz - Putins Beamte warnen Verwandte vor Einberufung,Russische Beamte und Mitarbeiter von Einberufungsämtern sollen Angehörige zur Ausreise drängen und Vermögen ins Ausland bringen.,"https://images.bild.de/6aad269d708e760b5e063106/08980976e960f24e53d09dc17a44730d,ee935e45?w=1280",2026-09-19T05:46:05Z,,TTS-Player überspringenArtikel weiterlesenMoskau Die Angst vor einer neuen Mobilmachung erreicht offenbar Putins Machtapparat! Kreml-Beamte und Mitarbeiter russischer Einberufungsämter sollen ihre An… [+1942 chars],,de,'Russland'
https://www.derstandard.at/jetzt/livebericht/3000000340459/trump-setzt-neue-us-sanktionen-gegen-russland-in-kraft,https://www.derstandard.at/jetzt/livebericht/3000000340459/trump-setzt-neue-us-sanktionen-gegen-russland-in-kraft,0,www.derstandard.at,Trump setzt neue US-Sanktionen gegen Russland in Kraft,Neben direkten Strafmaßnahmen gegen russische Politiker und Firmen sieht das Paket Sanktionen gegen russische Öl- und Gas-Exporte vor,https://i.ds.at/jiNanA/rs:fill:1200:600/plain/lido-images/2026/09/19/0e918b96-5729-47eb-8d04-b7c2dae0dfbb.jpg,2026-09-19T05:51:24Z,,"Sie entscheiden darüber, wie Sie unsere Inhalte nutzen wollen. Ihr Gerät erlaubt uns derzeit leider nicht, die entsprechenden Optionen anzuzeigen.
Bitte deaktivieren Sie sämtliche Hard- und Software… [+180 chars]",,de,'Russland'
https://orf.at/stories/3442620/,https://orf.at/stories/3442620/,0,orf.at,Trump setzt neue US-Sanktionen gegen Russland in Kraft,,https://orf.at/mojo/1_4_1/storyserver//news/common/images/og-fallback-news.png,2026-09-19T06:01:45Z,,US-Präsident Donald Trump hat das neue Sanktionspaket der USA gegen Russland in Kraft gesetzt. Er unterzeichnete gestern (Ortszeit) das nach langen Verhandlungen vom US-Kongress beschlossene Gesetz.,,,
https://www.diepresse.com/41276232/trump-setzt-neue-us-sanktionen-gegen-russland-in-kraft,https://www.diepresse.com/41276232/trump-setzt-neue-us-sanktionen-gegen-russland-in-kraft,0,www.diepresse.com,Trump setzt neue US-Sanktionen gegen Russland in Kraft,Das neue Sanktionspaket der USA nimmt russische Politiker und Firmen ins Visier und soll russische Öl- und Gas-Exporte erschweren. Der ukrainische Präsident Selenskyj dankte US-Präsident Trump.,https://img.diepresse.com/public/incoming/tu3159-2295081057jpg/alternates/WEBP_WIDE_1200/2295081057.jpg,2026-09-19T06:28:09Z,,"Die Presse auf Google als bevorzugte Nachrichtenquelle hinzufügen.
 US-Präsident Donald Trump hat das neue Sanktionspaket der USA gegen Russland in Kraft gesetzt. Er unterzeichnete am Freitag das na… [+1593 chars]",,de,'Russland'
https://www.bild.de/politik/ausland-und-internationales/neuer-bericht-der-un-sexuelle-gewalt-als-brutale-waffe-im-ukrainekrieg-6aae24be708e760b5e063caf,https://www.bild.de/politik/ausland-und-internationales/neuer-bericht-der-un-sexuelle-gewalt-als-brutale-waffe-im-ukrainekrieg-6aae24be708e760b5e063caf,0,www.bild.de,Erschütternder UN-Bericht - Sexuelle Gewalt als brutale Waffe im Ukrainekrieg,Russische Streitkräfte sind laut einem neuen Bericht des UN-Hochkommissariats für Menschenrechte für die überwiegende Mehrheit der Fälle sexueller Gewalt verantwortlich.,"https://images.bild.de/6aae24be708e760b5e063caf/19e2635978c3a9157e3762ac6f949ab7,8c7cc1f3?w=1280",2026-09-19T06:47:35Z,,TTS-Player überspringenArtikel weiterlesenKiew Schockierende Bilanz aus der Ukraine: Russische Streitkräfte sind laut einem neuen Bericht des UN-Hochkommissariats für Menschenrechte (OHCHR) für die ü… [+2213 chars],,de,'Russland'
https://www.focus.de/politik/ausland/wir-sehen-bereits-erste-erfolge-ukrainische-raketen-erhalten-jetzt-eine-neue-ausgekluegelte-eigenschaft_e0fe7776-0652-48ef-bb43-e12a7ae998cc.html,https://www.focus.de/politik/ausland/wir-sehen-bereits-erste-erfolge-ukrainische-raketen-erhalten-jetzt-eine-neue-ausgekluegelte-eigenschaft_e0fe7776-0652-48ef-bb43-e12a7ae998cc.html,0,www.focus.de,„Wir sehen bereits erste Erfolge“ – Ukrainische Raketen erhalten jetzt eine neue ausgeklügelte Eigenschaft,Künstliche Intelligenz erfasst im Krieg nun auch neue Waffentypen. In der Ukraine wird die Technik nicht mehr nur in Drohnen eingebaut.,"https://quadro.burda-forward.de/ctf/28fd2dd0-f88e-45b2-ab2b-01bc4a146c82.4608c2ba-1c17-462a-a75b-b2329e9abc9e.jpg?im=RegionOfInterestCrop=(1200,630),regionOfInterest=(784,463)&hash=ceac78647ccb8de7e85422420a3a046021760aee8902aeaec6b72a02ee8db03a",2026-09-20T09:27:00Z,,"Die Ukraine entwickelt Angriffsraketen, die mit künstlicher Intelligenz arbeiten sollen. Bislang nutzte das Land solche Technik vor allem in Drohnen und Bodenrobotern.
Nach Angaben der staatlich unt… [+3203 chars]",,de,'Krieg'
https://www.focus.de/politik/ausland/bis-zu-25-000-nordkoreaner-sind-nach-russland-gereist-um-in-drohnenfabriken-zu-arbeiten-sie-verdienen-etwa-6500-euro-pro-jahr_a28e4502-dd93-42a2-a1e3-a3861a229dfa.html,https://www.focus.de/politik/ausland/bis-zu-25-000-nordkoreaner-sind-nach-russland-gereist-um-in-drohnenfabriken-zu-arbeiten-sie-verdienen-etwa-6500-euro-pro-jahr_a28e4502-dd93-42a2-a1e3-a3861a229dfa.html,0,www.focus.de,"Bis zu 25.000 Nordkoreaner sind nach Russland gereist, um in Drohnenfabriken zu arbeiten. Sie verdienen etwa 6500 Euro pro Jahr",Nordkorea schickt offenbar Tausende Arbeiter nach Russland. In Alabuga sollen sie an Drohnen für den Krieg gegen die Ukraine mitarbeiten – getarnt als Studenten.,"https://quadro.burda-forward.de/ctf/5b8de684-aed8-4b84-a03d-796617788d4f.4d208b6e-bf14-44b0-a118-61a3d1d63be4.jpeg?im=RegionOfInterestCrop=(1200,630),regionOfInterest=(400,306)&hash=0d01b94ee4d047e6a7e2b4121283441a198d3a6562588b90c4a2f9328ab89ad8",2026-09-20T09:30:00Z,,"Bis zu 25.000 Nordkoreaner sollen in russischen Drohnenfabriken arbeiten. Besonders die Sonderwirtschaftszone Alabuga in Tatarstan steht im Mittelpunkt. Dort werden Drohnen des Typs Geran produziert,… [+2207 chars]",,de,'Ukraine'
https://www.focus.de/politik/ausland/russland-setzt-immer-mehr-jet-drohnen-ein-die-ukraine-entwickelt-deshalb-schnellere-und-guenstigere-abfangsysteme_6a6bc39f-440b-43a0-948d-80fdc4bb9d1d.html,https://www.focus.de/politik/ausland/russland-setzt-immer-mehr-jet-drohnen-ein-die-ukraine-entwickelt-deshalb-schnellere-und-guenstigere-abfangsysteme_6a6bc39f-440b-43a0-948d-80fdc4bb9d1d.html,0,www.focus.de,Russland setzt immer mehr Jet-Drohnen ein. Die Ukraine entwickelt deshalb schnellere und günstigere Abfangsysteme,Russland setzt immer mehr Jet-Drohnen ein. Die Ukraine entwickelt deshalb schnellere und günstigere Abfangsysteme gegen die neuen Geran-Modelle.,"https://quadro.burda-forward.de/ctf/88d445ad-2937-4294-b638-5fcfadb13c28.999ed29d-84f5-4557-a7a4-629d7977b8b1.jpeg?im=RegionOfInterestCrop=(1200,630),regionOfInterest=(640,360)&hash=a20db7fb1d6159487f4a7810f503c8f83ddfe4434336ef493ca04d54c56ff3c7",2026-09-20T09:32:00Z,,Russland setzt im Krieg gegen die Ukraine zunehmend auf schnelle Drohnen mit Strahltriebwerken. Die Fluggeräte erreichen Geschwindigkeiten von bis zu 500 km/h und stellen die ukrainische Luftverteidi… [+2784 chars],,de,'Russland'
https://taz.de/Aktivist-ueber-NATO-Uebung-in-Hamburg/!6213141/,https://taz.de/Aktivist-ueber-NATO-Uebung-in-Hamburg/!6213141/,0,taz.de,Aktivist über NATO-Übung in Hamburg: „Es geht nicht um unsere Sicherheit“,"Kommende Woche übt die Bundeswehr den NATO-Bündnisfall in Hamburg – und gewöhnt uns an Krieg, sagt Jonah Fischer von „Rheinmetall Entwaffnen“.",https://taz.de/picture/8738185/1200/616190656.jpeg,2026-09-20T11:05:00Z,,"Kommende Woche übt die Bundeswehr den NATO-Bündnisfall in Hamburg – und gewöhnt uns an Krieg, sagt Jonah Fischer von „Rheinmetall Entwaffnen“. mehr...",,de,'Krieg'
https://www.telepolis.de/article/US-Militaer-Wie-ein-KI-Fehler-beinahe-einen-Krieg-mit-China-ausloeste-11459301.html,https://www.telepolis.de/article/US-Militaer-Wie-ein-KI-Fehler-beinahe-einen-Krieg-mit-China-ausloeste-11459301.html,0,www.telepolis.de,US-Militär: Wie ein KI-Fehler beinahe einen Krieg mit China auslöste,Ein falscher Bericht über Nuklearfracht stoppte erst kurz vor dem Angriff. Der Vorfall zeigt die Gefahr der rasanten KI-Aufrüstung im Militär.,https://heise.cloudimg.io/v7/_www-heise-de_/imgs/18/5/1/6/8/1/7/7/shutterstock_2479584695-7754a60af33c860d.jpg?func=bound&height=1200&org_if_sml=1&q=85&width=1200,2026-09-20T11:30:00Z,,"(Bild: TSViPhoto/Shutterstock.com)
Ein falscher Bericht über Nuklearfracht stoppte erst kurz vor dem Angriff. Der Vorfall zeigt die Gefahr der rasanten KI-Aufrüstung im Militär.
Der Regisseur James… [+7647 chars]",,de,'Krieg'
https://www.n-tv.de/politik/Wie-Belarus-Machthaber-Lukaschenko-seine-Gefangenen-verkauft-id31321406.html,https://www.n-tv.de/politik/Wie-Belarus-Machthaber-Lukaschenko-seine-Gefangenen-verkauft-id31321406.html,0,www.n-tv.de,Distanz zu Putin: Wie Belarus' Machthaber Lukaschenko seine Gefangenen verkauft,"In Belarus kommt immer wieder eine größere Zahl politischer Gefangener frei. Diktator Lukaschenko nutzt sie als Faustpfand, um Lockerungen von US-Sanktionen zu erreichen. Damit entfernt er sich zugleich von Putin.",https://www.n-tv.de/img/31321417/1789736647/Img_16_9/1200/imago0867024365h.jpg,2026-09-20T12:07:30Z,,"Ehemalige politische Gefangene kommen in Vilnius an. (Foto: IMAGO/Anadolu Agency)
In Belarus kommt immer wieder eine größere Zahl politischer Gefangener frei. Diktator Lukaschenko nutzt sie als Faus… [+6962 chars]",,de,'Putin'
https://www.morgenpost.de/politik/article412317251/ukraine-krieg-russland-news-aktuell-drohnen-moskau-angriff-raffinerie.html,https://www.morgenpost.de/politik/article412317251/ukraine-krieg-russland-news-aktuell-drohnen-moskau-angriff-raffinerie.html,0,www.morgenpost.de,Ukraine „trifft Aggressor“: Raffinerie brennt – Rauch verdunkelt Himmel über Moskau,Der Moskauer Bürgermeister hat der Ukraine während der russischen Parlamentswahl massive Störversuche vorgeworfen. Selenskyj reagiert. News im Blog.,https://img.sparknews.funkemedien.de/413202803/413202803_1789908027_v16_9_1600.jpeg,2026-09-20T12:40:49Z,,Am dritten und letzten Tag der Parlamentswahl in Russland sind bei Angriffen mit hunderten Drohnen nach Behördenangaben zwei Menschen getötet und eine große Raffinerie bei Moskau getroffen worden. De… [+374 chars],,de,'Krieg'
https://www.sueddeutsche.de/politik/krieg-in-nahost-irans-militaer-droht-den-usa-li.3550892,https://www.sueddeutsche.de/politik/krieg-in-nahost-irans-militaer-droht-den-usa-li.3550892,0,www.sueddeutsche.de,Krieg in Nahost: Irans Militär droht den USA,,https://www.sueddeutsche.de/szde-assets/img/szde-article-sharing-image-no-teaser-image-fallback.png,2026-09-20T13:18:30Z,,"Das iranische Militär warnt die USA vor neuen Angriffen auf das Land. Das militärische Hauptquartier Chatam al-Anbija, das in Kriegszeiten das Kommando im Generalstab übernimmt, erklärte laut Nachric… [+625 chars]",,de,'Krieg'
https://www.n-tv.de/politik/Gewalt-im-Westjordanland-nimmt-weiter-zu-id31326695.html,https://www.n-tv.de/politik/Gewalt-im-Westjordanland-nimmt-weiter-zu-id31326695.html,0,www.n-tv.de,"Zwei Tote, drei Verletzte: Gewalt im Westjordanland nimmt weiter zu","Seit Beginn des Gaza-Krieges verschärft sich die Lage im besetzten Westjordanland. Mehrere Vorfälle in kurzer Zeit machen deutlich, wie angespannt die Situation ist. Vor dem höchsten jüdischen Feiertag wächst die Sorge vor einer weiteren Eskalation.",https://www.n-tv.de/img/31326697/1789914528/Img_16_9/1200/620387689.jpg,2026-09-20T13:38:41Z,,"Angaben israelischer Behörden zufolge wurde ein Israeli in der Nähe einer Siedlung erschossen. (Foto: picture alliance/dpa/AP)
Seit Beginn des Gaza-Krieges verschärft sich die Lage im besetzten West… [+2040 chars]",,de,'Krieg'
https://www.faz.net/aktuell/politik/ukraine/drohnenangriff-auf-russland-kiews-kommentar-zur-scheinwahl-201244839.html,https://www.faz.net/aktuell/politik/ukraine/drohnenangriff-auf-russland-kiews-kommentar-zur-scheinwahl-201244839.html,0,www.faz.net,Drohnen gegen Moskau: Kiews Kommentar zur Scheinwahl in Russland,"Dem Kreml gelingt es immer schlechter, den Krieg von den Russen fernzuhalten. Welche Schlüsse zieht er daraus nach der Scheinwahl vom Wochenende?",https://media0.faz.net/image/w1200h627/464cd405f5e9/w5847h3055x0y451o/202609/43601.0.2573813173/auszaehlung-der-stimmen-in.webp,2026-09-20T13:42:25Z,,"Der bisher umfangreichste ukrainische Drohnenangriff auf Moskau in der Nacht auf Sonntag wirkt wie ein Kommentar Kiews zur Forderung Wladimir Putins an seine Untertanen, bei der sogenannten Parlament… [+1339 chars]",,de,'Krieg'
https://www.telepolis.de/article/Bundeswehr-Buggys-Drei-Sitze-fuer-eine-halbe-Million-Euro-11459285.html,https://www.telepolis.de/article/Bundeswehr-Buggys-Drei-Sitze-fuer-eine-halbe-Million-Euro-11459285.html,0,www.telepolis.de,Bundeswehr-Buggys: Drei Sitze für eine halbe Million Euro,Tahr und Caracal kosten rechnerisch rund 570.000 Euro je Fahrzeug. Der Vergleich mit Russlands Billigmodell wirft Fragen zur Beschaffung auf. Eine Einschätzung.,https://heise.cloudimg.io/v7/_www-heise-de_/imgs/18/5/1/6/8/1/6/9/Master_Lange-855a7fd7803a5dc3.jpg?func=bound&height=1200&org_if_sml=1&q=85&wat=1&wat_gravity=northeast&wat_scale=12&wat_url=https%3A%2F%2Fwww.heise.de%2Ficons%2Fai-label-dark-de.png&width=1200,2026-09-20T14:00:00Z,,"KI-generierte Grafik
Tahr und Caracal kosten rechnerisch rund 570.000 Euro je Fahrzeug. Der Vergleich mit Russlands Billigmodell wirft Fragen zur Beschaffung auf. Eine Einschätzung.
Viel ist nicht … [+9043 chars]",,de,'Krieg'
https://taz.de/Krieg-in-der-Ukraine/!6214751/,https://taz.de/Krieg-in-der-Ukraine/!6214751/,0,taz.de,Krieg in der Ukraine: Verbotene Äpfel und Drohnen auf Moskau,Am Wahlsonntag in Russland fliegen ukrainische Drohnen auf Moskau. In der Ukraine steht die besetzte Stadt Oleschky vor einer Hungerkatastrophe.,https://taz.de/picture/8749811/1200/42117432.jpeg,2026-09-20T14:11:00Z,,Am Wahlsonntag in Russland fliegen ukrainische Drohnen auf Moskau. In der Ukraine steht die besetzte Stadt Oleschky vor einer Hungerkatastrophe. mehr...,,de,'Krieg'
https://www.diepresse.com/41277975/putin-macht-duma-wahl-zur-farce-und-geht-auf-rekordjagd,https://www.diepresse.com/41277975/putin-macht-duma-wahl-zur-farce-und-geht-auf-rekordjagd,0,www.diepresse.com,Putin macht Duma-Wahl zur Farce und geht auf Rekordjagd [premium],Wladimir Putin hat die dreitägige Wahl zum Ukraine-Plebiszit erklärt – die Kritik am Krieg gilt als Tabubruch. In mehreren Moskauer Wahllokalen wurden die Wähler zur Abstimmung an elektronischen Wahlautomaten gedrängt.,https://img.diepresse.com/public/incoming/wsvfbc-imagost0920081000010867318372jpg/alternates/WEBP_WIDE_1200/imago_st_0920_08100001_0867318372.jpg,2026-09-20T14:13:22Z,,"Ein Drohnenangriff auf Moskau? Wissen Sie, es gibt jetzt so viele Falschnachrichten. Der Mann, der gerade aus dem Wahllokal Nummer 2834 kommt, hat sich eine Sonnenbrille in die Stirn geschoben. Welch… [+4773 chars]",,de,'Krieg'
https://www.n-tv.de/panorama/Wie-Ost-und-West-zusammen-das-Brandenburger-Tor-retteten-id31311317.html,https://www.n-tv.de/panorama/Wie-Ost-und-West-zusammen-das-Brandenburger-Tor-retteten-id31311317.html,0,www.n-tv.de,Die verschwundene Quadriga: Wie Ost und West zusammen das Brandenburger Tor retteten,"Zerschossen, geplündert, politisch vereinnahmt: Das Brandenburger Tor überstand Krieg und Kalten Krieg - die DDR machte den Wiederaufbau zum Prestigeprojekt. Doch ausgerechnet bei der Quadriga war sie auf Hilfe aus West-Berlin angewiesen.",https://www.n-tv.de/img/31311305/1789572682/Img_16_9/1200/505877462.jpg,2026-09-20T14:37:14Z,,"Nach dem Zweiten Weltkrieg war das Brandenburger Tor schwer beschädigt (Foto: picture alliance / akg-images)
Zerschossen, geplündert, politisch vereinnahmt: Das Brandenburger Tor überstand Krieg und… [+6508 chars]",,de,'Krieg'
https://www.bild.de/unterhaltung/stars-und-leute/helen-mirren-ueber-pierce-brosnan-ihre-idee-fuer-eine-bessere-welt-seine-angst-vor-dem-absturz-6aa6abca587e2f989fe12a0b,https://www.bild.de/unterhaltung/stars-und-leute/helen-mirren-ueber-pierce-brosnan-ihre-idee-fuer-eine-bessere-welt-seine-angst-vor-dem-absturz-6aa6abca587e2f989fe12a0b,0,www.bild.de,"Helen Mirren und Pierce Brosnan - „Habe mich eingelassen, um die Miete zu bezahlen“","Für den Start der neuen „Mobland“-Staffel (Paramount+) hat BILD die Hollywood-Weltstars Helen Mirren (81) und Pierce Brosnan (73) in London getroffen. Ein Doppel-Interview über Macht, Existenzängste und eine außergewöhnliche Freundschaft.","https://images.bild.de/6aa6abca587e2f989fe12a0b/d491feac98221f69c4d5bb71a7144b89,df812593?w=1280",2026-09-20T18:07:52Z,,"+++ARD-Hochrechnung Berlin: CDU: 19,1%; SPD 12,1; Grüne 14,5; Linke 25,3; AfD 16,2; BSW 5,0 +++ ARD-Hochrechnung Meck-Pomm: SPD 35,7%; AfD 37,9; CDU 5,0; Linke 6,7; Grüne 5,4; BSW 4,9
+++ARD-Hochrec… [+1648 chars]",,de,'Existenzängste'
… [+1611 chars],,de,'Russland',,,,,,,,,
