index,url,valid,domain,title,description,image,published,archive,content,quote,language,keyword
https://www.zeit.de/news/2026-07/01/oekonomen-russlands-wirtschaft-in-der-krise,https://www.zeit.de/news/2026-07/01/oekonomen-russlands-wirtschaft-in-der-krise,0,www.zeit.de,Hohe Zinsen und Spritmangel: Ökonomen: Russlands Wirtschaft in der Krise,Hier finden Sie Informationen zu dem Thema „Hohe Zinsen und Spritmangel“. Lesen Sie jetzt „Ökonomen: Russlands Wirtschaft in der Krise“.,https://img.zeit.de/news/2026-07/01/oekonomen-russlands-wirtschaft-in-der-krise-image-group/wide__1300x731,2026-07-01T06:00:07Z,,"Die russische Wirtschaft steckt aus Sicht von Ökonomen wegen hoher Zinsen, ukrainischer Angriffe und Internetsperren in einer Krise. Laut der jüngsten Prognose des Wiener Instituts für Internationale… [+2154 chars]",,de,'Russland'
https://www.zeit.de/news/2026-07/01/russland-beschiesst-tankstellen-in-der-ukraine,https://www.zeit.de/news/2026-07/01/russland-beschiesst-tankstellen-in-der-ukraine,0,www.zeit.de,Ukraine-Krieg: Russland beschießt Tankstellen in der Ukraine,Hier finden Sie Informationen zu dem Thema „Ukraine-Krieg“. Lesen Sie jetzt „Russland beschießt Tankstellen in der Ukraine“.,https://img.zeit.de/news/2026-07/01/russland-beschiesst-tankstellen-in-der-ukraine-image-group/wide__1300x731,2026-07-01T06:03:38Z,,"Russische Luftangriffe haben im ukrainischen Gebiet Dnipropetrowsk über Nacht fünf Tankstellen getroffen. Mehrere Brände seien ausgebrochen, teilte der Gouverneur des Gebiets, Olexander Hanscha, auf … [+1381 chars]",,de,'Krieg'
https://www.zeit.de/news/2026-07/01/bundesregierung-warnt-vor-reisen-in-ganz-russland,https://www.zeit.de/news/2026-07/01/bundesregierung-warnt-vor-reisen-in-ganz-russland,0,www.zeit.de,Ukraine-Krieg: Bundesregierung warnt vor Reisen in ganz Russland,Hier finden Sie Informationen zu dem Thema „Ukraine-Krieg“. Lesen Sie jetzt „Bundesregierung warnt vor Reisen in ganz Russland“.,https://img.zeit.de/news/2026-07/01/bundesregierung-warnt-vor-reisen-in-ganz-russland-image-group/wide__1300x731,2026-07-01T07:40:39Z,,"Das Auswärtige Amt hat seine Reisewarnung für Russland angesichts der verstärkten ukrainischen Drohnenangriffe massiv ausgeweitet. Gewarnt wird jetzt vor Reisen im ganzen Land, bisher galt dies nur f… [+2031 chars]",,de,'Krieg'
https://www.zeit.de/news/2026-07/01/bundesbankchef-nagel-die-inflation-ist-immer-noch-zu-hoch,https://www.zeit.de/news/2026-07/01/bundesbankchef-nagel-die-inflation-ist-immer-noch-zu-hoch,0,www.zeit.de,Geldpolitik: Bundesbankchef Nagel: «Die Inflation ist immer noch zu hoch»,Hier finden Sie Informationen zu dem Thema „Geldpolitik“. Lesen Sie jetzt „Bundesbankchef Nagel: «Die Inflation ist immer noch zu hoch»“.,https://img.zeit.de/news/2026-07/01/bundesbankchef-nagel-die-inflation-ist-immer-noch-zu-hoch-image-group/wide__1300x731,2026-07-01T07:51:07Z,,"Nach Ansicht von Bundesbankpräsident Joachim Nagel sollte die Europäische Zentralbank (EZB) trotz des starken Ölpreisrückgangs Kurs halten. «Die Inflation ist immer noch zu hoch», sagte Nagel der «Fr… [+1821 chars]",,de,'Inflation'
https://www.tagesschau.de/wirtschaft/weltwirtschaft/stahlindustrie-krise-zoelle-100.html,https://www.tagesschau.de/wirtschaft/weltwirtschaft/stahlindustrie-krise-zoelle-100.html,0,www.tagesschau.de,Warum Stahlaktien trotz Dauerkrise so gut laufen,Hohe Energiekosten und wachsende Konkurrenz: Die Stahlindustrie ist in der Dauerkrise. Hinzu kommen neue US-Zölle auf europäischen Stahl. Trotzdem glänzten Stahlaktien zuletzt mit steigenden Kursen. Von Stefan Wolff.,https://images.tagesschau.de/image/2c526f8e-eae0-4b28-a0a1-515f2fd5258b/AAABnxyOF2k/AAABnSSvrFg/16x9-big/stahl-226.jpg?width=1280,2026-07-01T09:18:12Z,,"Stand: 01.07.2026 11:18 Uhr
Hohe Energiekosten und wachsende Konkurrenz: Die Stahlindustrie ist in der Dauerkrise. Hinzu kommen neue US-Zölle auf europäischen Stahl. Trotzdem glänzten Stahlaktien zu… [+2838 chars]",,de,'Hohe Kosten'
https://www.faz.net/aktuell/politik/ukraine/ukraine-liveticker-parlament-in-kiew-stimmt-fuer-umstrittene-gedenkstaette-faz-110683325.html,https://www.faz.net/aktuell/politik/ukraine/ukraine-liveticker-parlament-in-kiew-stimmt-fuer-umstrittene-gedenkstaette-faz-110683325.html,0,www.faz.net,Liveblog Ukrainekrieg: Parlament in Kiew stimmt für umstrittene Gedenkstätte,Keine Gegenstimme bei Abstimmung +++ Auswärtiges Amt weitet Reiswarnung für Russland aus +++ Saab liefert Kampfflugzeuge an die Ukraine +++  alle Neuigkeiten im Liveblog,https://media0.faz.net/image/w1200h627/4e217e5e5d6f/w5908h3086x0y426o/202605/43601.0.2147505044/kiew-moechte-auch-umstrittene.webp,2026-07-01T11:57:26Z,,Nach Angaben von Greenpeace sind mutmaßliche Schiffe der russischen Schattenflotte zuletzt dichter an der deutschen Ostseeküste entlanggefahren. Laut Auswertungen der Umweltschutzorganisation hielten… [+922 chars],,de,'Ukraine'
https://www.tagesschau.de/ausland/europa/reisewarnung-russland-104.html,https://www.tagesschau.de/ausland/europa/reisewarnung-russland-104.html,0,www.tagesschau.de,Auswärtiges Amt weitet Reisewarnung auf ganz Russland aus,"Die Ukraine hat ihre Drohnenangriffe auf Russland ausgeweitet, auch auf Moskau oder St. Petersburg. Das Auswärtige Amt verschärft deshalb seine Reisewarnung - und es warnt vor der Gefahr willkürlicher Festnahmen durch russische Behörden.",https://images.tagesschau.de/image/9544aea7-6e58-4f62-aeb6-5e709b8d74c4/AAABnxzhmZs/AAABnSSvrFg/16x9-big/moskau-400.jpg?width=1280,2026-07-01T12:45:25Z,,"Stand: 01.07.2026 14:45 Uhr
Die Ukraine hat ihre Drohnenangriffe auf Russland ausgeweitet, auch auf Moskau oder St. Petersburg. Das Auswärtige Amt verschärft deshalb seine Reisewarnung - und es warn… [+3170 chars]",,de,'Russland'
https://www.zeit.de/politik/ausland/2026-07/israelische-soldaten-libanon-syrien-gazastreifen-israel-katz,https://www.zeit.de/politik/ausland/2026-07/israelische-soldaten-libanon-syrien-gazastreifen-israel-katz,0,www.zeit.de,"Krieg in Nahost: Israel will »auf unbestimmte Zeit« in Libanon, Syrien und Gaza bleiben","Verteidigungsminister Katz begründet die teilweise Besatzung von Syrien, Gaza und dem Libanon mit Selbstschutz. Über mögliche Pläne für eine Besiedelung sagt er nichts.",https://img.zeit.de/politik/ausland/2026-07/israelische-soldaten-libanon-syrien-gazastreifen-israel-katz-foto-1/wide__1300x731,2026-07-01T12:57:45Z,,"Israelische Soldaten sollen laut Verteidigungsminister Israel Katz »auf unbestimmte Zeit« im Libanon, in Syrien und im Gazastreifen bleiben. Man werde sich aus den besetzten Gebieten nicht zurückzieh… [+1101 chars]",,de,'Krieg'
https://www.faz.net/podcasts/f-a-z-podcast-fuer-deutschland/wladimir-kaminer-russendisko-gegen-den-krieg-200986458.html,https://www.faz.net/podcasts/f-a-z-podcast-fuer-deutschland/wladimir-kaminer-russendisko-gegen-den-krieg-200986458.html,0,www.faz.net,F.A.Z. Podcast für Deutschland: Wladimir Kaminer: „Russendisko gegen den Krieg“,Für Putin läuft es schlecht. Benzin und Lebensmittel werden knapp. Wächst der Unmut in der russischen Bevölkerung?,https://media0.faz.net/image/w1200h627/ab1e83f9604b/w5551h2900x0y286o/202606/43601.0.2280503252/4360102280503252.webp,2026-07-01T14:06:29Z,,Darüber sprechen wir im F.A.Z. Podcast für Deutschland mit unserem Russland-Korrespondenten Friedrich Schmidt und mit dem deutsch-russischen Autor Wladimir Kaminer.,,de,'Putin'
https://www.zeit.de/news/2026-07/02/russland-fliegt-heftige-luftangriffe-auf-ukrainische-staedte,https://www.zeit.de/news/2026-07/02/russland-fliegt-heftige-luftangriffe-auf-ukrainische-staedte,0,www.zeit.de,Ukraine-Krieg: Russland fliegt heftige Luftangriffe auf ukrainische Städte,Hier finden Sie Informationen zu dem Thema „Ukraine-Krieg“. Lesen Sie jetzt „Russland fliegt heftige Luftangriffe auf ukrainische Städte“.,https://img.zeit.de/news/2026-07/02/russland-fliegt-heftige-luftangriffe-auf-ukrainische-staedte-image-group/wide__1300x731,2026-07-02T00:46:08Z,,"Mehrere Städte in der Ukraine sind zur Zielscheibe einer außergewöhnlich heftigen Angriffswelle mit russischen Kampfdrohnen, Raketen und Marschflugkörpern geworden. Aus der Hauptstadt Kiew wurden am … [+1410 chars]",,de,'Krieg'
https://www.tagesschau.de/ausland/europa/ukraine-angriff-120.html,https://www.tagesschau.de/ausland/europa/ukraine-angriff-120.html,0,www.tagesschau.de,Ukraine meldet massive russische Luftangriffe,Die Ukraine ist in der Nacht wieder Ziel von heftigen russischen Luftangriffen geworden. In Kiew wurden mehrere Wohnhäuser und ein Hotel komplett zerstört. Auch aus anderen Städten wurden Angriffe gemeldet.,https://images.tagesschau.de/image/54ceffc1-b144-4e71-a109-f4a0090fa3f7/AAABnyDL8uA/AAABnSSvrFg/16x9-big/kiew-448.jpg?width=1280,2026-07-02T03:07:45Z,,"Stand: 02.07.2026 05:07 Uhr
Die Ukraine ist in der Nacht wieder Ziel von heftigen russischen Luftangriffen geworden. In Kiew wurden mehrere Wohnhäuser und ein Hotel komplett zerstört. Auch aus ander… [+1431 chars]",,de,'Ukraine'
https://www.computerbase.de/news/gaming/splatoon-raiders-spieler-erwarten-salmoniden-und-tinten-kaempfe.98196/,https://www.computerbase.de/news/gaming/splatoon-raiders-spieler-erwarten-salmoniden-und-tinten-kaempfe.98196/,0,www.computerbase.de,Splatoon Raiders: Spieler erwarten Salmoniden und Tinten-Kämpfe,"Am 23. Juli bekommt Splatoon den ersten Einzelspieler-Titel. Was Spieler in Raiders erwartet, hat Nintendo auf der jüngsten Direct gezeigt: Einen linearen Third-Person-Shooter mit Vier-Spieler-Koop-Modus, der auf Bildern eine Menge typischen Nintendo-Charm ve…",https://pics.computerbase.de/1/2/3/5/7/9-15f27053affb0fb9/article-1280x720.e2e08e62.jpg,2026-07-02T05:31:00Z,,"Am 23. Juli bekommt Splatoon den ersten Einzelspieler-Titel. Was Spieler in Raiders erwartet, hat Nintendo auf der jüngsten Direct gezeigt: Einen linearen Third-Person-Shooter mit Vier-Spieler-Koop-M… [+2073 chars]",,de,'Kämpfe'
https://www.zeit.de/news/2026-07/02/entspannung-in-nahost-airlines-erweitern-fluege-nach-israel,https://www.zeit.de/news/2026-07/02/entspannung-in-nahost-airlines-erweitern-fluege-nach-israel,0,www.zeit.de,Iran-Krieg: Entspannung in Nahost: Airlines erweitern Flüge nach Israel,Hier finden Sie Informationen zu dem Thema „Iran-Krieg“. Lesen Sie jetzt „Entspannung in Nahost: Airlines erweitern Flüge nach Israel“.,https://img.zeit.de/news/2026-07/02/entspannung-in-nahost-airlines-erweitern-fluege-nach-israel-image-group/wide__1300x731,2026-07-02T07:08:46Z,,Israel-Touristen können nach der Beruhigung im Iran-Krieg wieder auf ein größeres Flugangebot nach Tel Aviv zugreifen. Neben der Lufthansa-Gruppe plant nun auch die Gesellschaft Condor wieder regelmä… [+1054 chars],,de,'Krieg'
https://www.zeit.de/politik/ausland/2026-07/russland-luftangriff-kyjiw-ukraine-raketen-drohnen-gxe,https://www.zeit.de/politik/ausland/2026-07/russland-luftangriff-kyjiw-ukraine-raketen-drohnen-gxe,0,www.zeit.de,Russischer Großangriff auf Kyjiw: Mindestens 18 Tote nach großflächigem russischen Angriff auf Kyjiw,Nach russischen Angriffen auf Kyjiw in der Nacht auf Donnerstag forderte die Ukraine weitere Luftverteidigung. Die EU kündigte neue Sanktionen gegen Moskau an.,https://img.zeit.de/politik/ausland/2026-07/russland-luftangriff-kyjiw-ukraine-raketen-drohnen-foto-1/wide__1300x731,2026-07-02T11:57:22Z,,Russland hat Kyjiw in der Nacht zum Donnerstag elf Stunden lang mit Raketen und Drohnen angegriffen. Bei den Attacken sind laut Kyjiws Bürgermeister Vitali Klitschko mindestens 18 Menschen getötet un… [+4428 chars],,de,'Putin'
https://www.faz.net/aktuell/politik/ausland/russland-im-treibstoffmangel-putin-setzt-auf-importe-200990872.html,https://www.faz.net/aktuell/politik/ausland/russland-im-treibstoffmangel-putin-setzt-auf-importe-200990872.html,0,www.faz.net,"Treibstoffmangel: Putin will Indien, Belarus und Kasachstan anzapfen",In Russland wird der Treibstoff knapp. Vor den Tankstellen stauen sich die Autos. Manche Behörden werden darum kreativ.,https://media0.faz.net/image/w1200h627/1c1c0450c125/w6144h3210x0y763o/202606/43601.0.2281889878/wer-tanken-will-muss-zeit.webp,2026-07-02T18:31:12Z,,"Aus immer mehr russischen Regionen häufen sich die Bilder von Autos und Lastwagen, die an Tankstellen Schlange stehen. Zwar heißt es im Staatsfernsehen in Anknüpfung an Präsident Wladimir Putins Dars… [+5813 chars]",,de,'Russland'
https://www.zeit.de/politik/ausland/2026-07/paketbomben-monaco-wadym-jermolajew-oligarch,https://www.zeit.de/politik/ausland/2026-07/paketbomben-monaco-wadym-jermolajew-oligarch,0,www.zeit.de,Paketbombenanschlag in Monaco: Ermittler identifizieren verdächtige Person nach Explosion in Monaco,Eine Paketbombe verletzte in Monaco drei Menschen – darunter offenbar einen Geschäftsmann aus der Ukraine. Nun wird eine verdächtige Person zur Fahndung ausgeschrieben.,https://img.zeit.de/politik/ausland/2026-07/paketbomben-monaco-wadym-jermolajew-oligarch-foto-1/wide__1300x731,2026-07-02T22:52:42Z,,Die Staatsanwaltschaft von Monaco hat nach der Explosion einer Paketbombe eine verdächtige Person identifiziert. Bei dem Vorfall war ein aus der Ukraine stammender Geschäftsmann schwer verletzt worde… [+1700 chars],,de,'Ukraine'
https://www.zeit.de/gesellschaft/2026-07/alexej-nawalny-wladimir-putin-russland-bibelpodcast,https://www.zeit.de/gesellschaft/2026-07/alexej-nawalny-wladimir-putin-russland-bibelpodcast,0,www.zeit.de,Alexej Nawalny: Einer gegen Putin,"So lang er konnte, kämpfte der russische Aktivist Alexej Nawalny gegen den Präsidenten Wladimir Putin, der das Land zugrunde richtet. Deshalb musste er sterben.",https://img.zeit.de/2026-07/alexej-nawalny-wladimir-putin-russland-bibelpodcast-bild/wide__1300x731,2026-07-03T04:05:07Z,,"Alexej Nawalny (1976 2024) erlebte den langsamen Untergang Russlands: Als er ein Kind war, explodierte das Atomkraftwerk in Tschernobyl. Später sah der junge Rechtsanwalt, wie überall Lügen, Korrupti… [+521 chars]",,de,'Putin'
https://www.zeit.de/politik/ausland/2026-07/angriffe-russland-benzinkrise-ukraine-5vor8,https://www.zeit.de/politik/ausland/2026-07/angriffe-russland-benzinkrise-ukraine-5vor8,0,www.zeit.de,Angriffe auf russisches Gebiet: Wann merken sie es endlich?,"Schlangen an den Tankstellen, steigende Preise, brennende Raffinerien: Der Krieg ist längst in Russland angekommen. Warum die Bevölkerung dennoch nicht aufbegehrt",https://img.zeit.de/politik/ausland/2026-07/angriffe-russland-benzinkrise-ukraine-5vor8-bild/wide__1300x731,2026-07-03T05:49:25Z,,"Schließen
Artikelzusammenfassung
Die Ukraine-Krise spitzt sich zu: Ukrainische Drohnen dringen immer tiefer in russisches Gebiet vor, lösen Chaos und Zerstörung aus. Die russische Bevölkerung leide… [+799 chars]",,de,'Russland'
https://www.tagesschau.de/ausland/europa/ukraine-russland-angriffe-tote-106.html,https://www.tagesschau.de/ausland/europa/ukraine-russland-angriffe-tote-106.html,0,www.tagesschau.de,Erneute Angriffe auf Ukraine - mindestens vier Tote,Bei russischen Angriffen auf mehrere Regionen in der Ukraine sind erneut mehrere Menschen getötet und verletzt worden. In Kiew ist die Zahl der Todesopfer durch die massiven Attacken in der Nacht auf Donnerstag auf mindestens 30 gestiegen.,https://images.tagesschau.de/image/24be2202-a792-4d0e-bb63-fbedf00b660a/AAABnyayqt4/AAABnSSvrFg/16x9-big/ukraine-krieg-624.jpg?width=1280,2026-07-03T06:37:51Z,,"Stand: 03.07.2026 08:37 Uhr
Bei russischen Angriffen auf mehrere Regionen in der Ukraine sind erneut mehrere Menschen getötet und verletzt worden. In Kiew ist die Zahl der Todesopfer durch die massi… [+2082 chars]",,de,'Ukraine'
https://www.dw.com/de/irlands-eu-ratspr%C3%A4sidentschaft-wirtschaft-und-ukraine-im-fokus/a-77809252,https://www.dw.com/de/irlands-eu-ratspr%C3%A4sidentschaft-wirtschaft-und-ukraine-im-fokus/a-77809252,0,www.dw.com,Irlands EU-Ratspräsidentschaft: Wirtschaft und Ukraine im Fokus,Irland übernimmt turnusgemäß den Vorsitz des EU-Rates. Auf das Land warten große Herausforderungen: Es geht vor allem ums Geld.,https://static.dw.com/image/77793056_6.jpg,2026-07-03T09:36:00Z,,"Irland - am Rande des atlantischen Ozeans und dennoch zutiefst europäisch, so porträtiert der irische Ministerpräsident Micheal Martin das Land. Es ist bereits das achte Mal seit dem Beitritt im Jahr… [+6242 chars]",,de,'Ukraine'
https://www.zeit.de/politik/2026-07/russland-wladimir-putin-krieg-ukraine-politikpodcast,https://www.zeit.de/politik/2026-07/russland-wladimir-putin-krieg-ukraine-politikpodcast,0,www.zeit.de,Russland und Wladimir Putin: »Russlands Krieg gegen die Ukraine richtet sich gegen Russland selbst«,"Drohnen in Moskau, rasant steigende Lebenshaltungskosten, Benzinengpässe: Der Druck auf Wladimir Putin steigt. Ist das der Anfang vom Ende des russischen Präsidenten?",https://img.zeit.de/politik/2026-07/russland-wladimir-putin-krieg-ukraine-politikpodcast-bild/wide__1300x731,2026-07-03T09:40:04Z,,"Menschen in der Moskauer Innenstadt: Dreht sich etwas in Russland?© [M] Igor Ivanko/AFP via Getty Images
Viereinhalb Jahre nach dem Überfall auf die Ukraine scheint sich der Krieg, den Wladimir Puti… [+1251 chars]",,de,'Russland'
https://www.morgenpost.de/politik/article412462065/putin-kaempft-mit-einer-neuen-krise-und-sie-trifft-millionen-russen-im-alltag.html,https://www.morgenpost.de/politik/article412462065/putin-kaempft-mit-einer-neuen-krise-und-sie-trifft-millionen-russen-im-alltag.html,0,www.morgenpost.de,Putin kämpft mit einer neuen Krise – und sie trifft Millionen Russen im Alltag,"Russland kämpft mit Benzinmangel, Drohnenangriffen und wachsender Unruhe – wie gefährlich wird die Lage nun für Präsident Putin?",https://img.sparknews.funkemedien.de/412462238/412462238_1783002421_v16_9_1600.jpeg,2026-07-03T09:45:44Z,,Mit Krisen kann Russlands Präsident Wladimir Putin eigentlich gut umgehen. Doch jetzt ist alles anders. Ständig ukrainische Drohnenangriffe auf die Ölindustrie. Benzinmangel im ganzen Land. Scharenwe… [+3019 chars],,de,'Russland'
https://www.focus.de/politik/ausland/chef-von-russlands-groesster-bank-das-wichtigste-ist-den-krieg-schnell-zu-beenden_b31c6edd-777e-440f-98fd-37018c4e83f6.html,https://www.focus.de/politik/ausland/chef-von-russlands-groesster-bank-das-wichtigste-ist-den-krieg-schnell-zu-beenden_b31c6edd-777e-440f-98fd-37018c4e83f6.html,0,www.focus.de,"Chef von Russlands größter Bank: „Das Wichtigste ist, den Krieg schnell zu beenden”","Sberbank-Chef Herman Gref warnt vor den Folgen des Krieges. Hohe Zinsen, sinkende Investitionen und neue Belastungen bringen Russlands Wirtschaft zunehmend an ihre Grenzen.","https://quadro.burda-forward.de/ctf/7b829302-97f3-488d-8ec3-1a44a3cd1932.42df4ae0-f002-406d-a168-edad77954e38.jpeg?im=RegionOfInterestCrop=(1200,630),regionOfInterest=(1703,1126)&hash=f1e9363842337faab03b48db840afd4dfa68e23767d978c2dd48e2f464811d11",2026-07-03T09:53:00Z,,"Herman Gref, Chef der staatlich kontrollierten Sberbank, hofft auf ein rasches Ende der Kämpfe in der Ukraine. Zugleich warnte er vor den wirtschaftlichen Folgen des Krieges.
Laut der Moscow Times, … [+1437 chars]",,de,'Russland'
https://www.bild.de/politik/inland/putins-kraftsoff-krise-duma-politikerin-russland-koennte-bald-ohne-brot-dastehen-6a4764790b14ed961bb50316,https://www.bild.de/politik/inland/putins-kraftsoff-krise-duma-politikerin-russland-koennte-bald-ohne-brot-dastehen-6a4764790b14ed961bb50316,0,www.bild.de,Duma-Politikerin kritisiert - „Russland könnte bald kein Brot mehr haben“,Laut einer Duma-Politikerin trifft die Kraftstoffkrise die Landwirte in Russland hart.,"https://images.bild.de/6a4764790b14ed961bb50316/ef3f52f75e95779bbc2acf1435490c0a,da7010d7?w=1280",2026-07-03T09:58:17Z,,"TTS-Player überspringenArtikel weiterlesenMoskau  Russland hat ein riesiges Energieproblem: Weil ukrainische Drohnen immer öfter Öl- und Gasanlagen tief in russischem Gebiet treffen, herrscht plötzli… [+2040 chars]",,de,'Russland'
https://www.n-tv.de/politik/Russland-hebt-Verbot-von-minderwertigen-Kraftstoffen-auf-id31043182.html,https://www.n-tv.de/politik/Russland-hebt-Verbot-von-minderwertigen-Kraftstoffen-auf-id31043182.html,0,www.n-tv.de,Für moderne Autos ungeeignet: Russland hebt Verbot von minderwertigen Kraftstoffen auf,"Der Kreml sucht nach Lösungen für die massiven Probleme bei der Spritversorgung im Land. An den Zapfsäulen sollen Bürger Kraftstoffe tanken können, die einst verboten wurden. Exportiert werden dürfen sie nicht.",https://www.n-tv.de/img/31043343/1783071412/Img_16_9/1200/RUSSIA-KALININGRAD-JUNE-29-2026-Vehicles-queue-at-a-Surgutneftegaz-fuel-filling-station.jpg,2026-07-03T10:05:17Z,,"Für moderne Autos ungeeignetRussland hebt Verbot von minderwertigen Kraftstoffen auf
Lange Schlange an einer Tankstelle in der russischen Exklave Kaliningrad. (Foto: IMAGO/ITAR-TASS)
Der Kreml such… [+1893 chars]",,de,'Putin'
https://www.focus.de/politik/ausland/20-millionen-trauergaeste-und-viel-angst-vor-attentaten_11381c79-19f8-4c20-bbb1-f419d3a6af29.html,https://www.focus.de/politik/ausland/20-millionen-trauergaeste-und-viel-angst-vor-attentaten_11381c79-19f8-4c20-bbb1-f419d3a6af29.html,0,www.focus.de,20 Millionen Trauergäste und viel Angst vor Attentaten,Im Iran bahnt sich ein Event der Superlative an. Zur Beerdigung des ehemaligen obersten Führers werden Millionen erwartet. Doch im Iran wachsen die Sorgen vor einem Anschlag.,"https://quadro.burda-forward.de/ctf/04d5a10d-9cd9-413a-be94-f217206904b5.fec1b0cc-a894-4a40-9d70-6c24d462d1f8.jpg?im=RegionOfInterestCrop=(1200,630),regionOfInterest=(2441,1612)&hash=5d01245b4749ecb99379750c1142564c4098a0d441890fdc731efde0269dd8b5",2026-07-03T10:29:00Z,,"Trauerfeiern wurden in der Geschichte wiederholt zu Bühnen für terroristische Attacken oder Militärschläge. Jetzt steht eine Beisetzung bevor, die in den Hauptstädten weltweit mit äußerster Anspannun… [+6762 chars]",,de,'Putin'
https://www.focus.de/politik/deutschland/sonst-zu-riskant-nach-russlands-drohungen-in-der-ostsee-bereitet-sich-die-deutsche-marine-elite-auf-ernstfall-vor_1a836722-4f5d-40fe-94b9-278630534672.html,https://www.focus.de/politik/deutschland/sonst-zu-riskant-nach-russlands-drohungen-in-der-ostsee-bereitet-sich-die-deutsche-marine-elite-auf-ernstfall-vor_1a836722-4f5d-40fe-94b9-278630534672.html,0,www.focus.de,„Sonst zu riskant”: Nach Russlands Drohungen in der Ostsee bereitet sich die deutsche Marine-Elite auf Ernstfall vor,"Militärische Provokationen Russlands in der Ostsee nehmen zu. Elite-Soldaten der deutschen Marine trainieren in der Ostsee, wie sie russische Aggressionen abwehren können. FOCUS online war dabei.","https://quadro.burda-forward.de/ctf/98926b61-4a73-425d-8d89-ec639c2991e3.d4e12511-730b-40a5-802a-0b83cfb69525.jpeg?im=RegionOfInterestCrop=(1200,630),regionOfInterest=(2079,1106)&hash=f36624b4b958e40f7736cd9854eb785487cbbf00f9c5d4ce5596b3a48e82d0e9",2026-07-03T10:47:00Z,,"Kampfanzüge, Spezialhelme, Gesichtsmasken, Bodycams man sieht ihnen ihren Sonderauftrag schon an: Die Spezialisierten Kräfte der deutschen Marine sind eine physisch und kämpferisch extrem durchtraini… [+3565 chars]",,de,'Russland'
https://www.focus.de/politik/ausland/militaerexperte-warnt-vor-russischer-zerstoerungswelle_ba2cfda2-bdf8-4c0e-8919-3ac90aacce12.html,https://www.focus.de/politik/ausland/militaerexperte-warnt-vor-russischer-zerstoerungswelle_ba2cfda2-bdf8-4c0e-8919-3ac90aacce12.html,0,www.focus.de,Militärexperte warnt vor russischer „Zerstörungswelle”,Zuletzt machte die Ukraine mit ihren Krim-Attacken Schlagzeilen. Jetzt überzieht Russland Kiew mit Luftangriffen. Militärexperte Markus Reisner sagt: „Beide Seiten wollen bis zum Winter Ergebnisse erzielen.”,"https://quadro.burda-forward.de/ctf/be06cd10-736a-4b26-91b9-3834bd602dff.36989a38-c5d1-4380-892b-6e7ff91f9116.jpg?im=RegionOfInterestCrop=(1200,630),regionOfInterest=(2626,2352)&hash=c227eb9afa32065159c6dd7d75d43e180572d9645b12b6a79c194902218cdd0f",2026-07-03T11:07:00Z,,"Wolodymyr Selenskyj sollte Recht behalten. Er warnte vor einem massiven russischen Angriff auf die Ukraine. Ihm lägen entsprechende Informationen vor, sagte der ukrainische Präsident auf einer Presse… [+4432 chars]",,de,'Ukraine'
https://www.tagesspiegel.de/internationales/19-prozent-konnen-putin-nicht-genugen-diese-zahlen-zeigen-wie-miserabel-der-krieg-fur-russland-lauft-15785331.html,https://www.tagesspiegel.de/internationales/19-prozent-konnen-putin-nicht-genugen-diese-zahlen-zeigen-wie-miserabel-der-krieg-fur-russland-lauft-15785331.html,0,www.tagesspiegel.de,"19 Prozent können Putin nicht genügen: Diese Zahlen zeigen, wie miserabel der Krieg für Russland läuft",Der russische Machthaber gesteht inzwischen selbst Probleme mit seinem Ukraine-Krieg ein. Drei Zahlen zeichnen ein noch viel verheerenderes Bild. Für Euphorie aufseiten des Westens ist es trotzdem zu früh.,https://www.tagesspiegel.de/images/15791715/alternates/BASE_16_9_W1400/1783067970000/ukraine-krieg-russlands-prasident-putin.jpeg,2026-07-03T11:14:45Z,,"Wenn der russische Machthaber höchstpersönlich Probleme mit seinem Ukraine-Krieg einräumt, muss tatsächlich etwas im Argen liegen. Wladimir Putins Auftritt Ende Juni beim Kongress der Regierungsparte… [+7327 chars]",,de,'Ukraine'
https://www.tagesspiegel.de/internationales/400000-tote-soldaten-fur-19-prozent-der-ukraine-diese-zahlen-zeigen-wie-schlecht-putins-krieg-wirklich-lauft-15785331.html,https://www.tagesspiegel.de/internationales/400000-tote-soldaten-fur-19-prozent-der-ukraine-diese-zahlen-zeigen-wie-schlecht-putins-krieg-wirklich-lauft-15785331.html,0,www.tagesspiegel.de,"400.000 tote Soldaten für 19 Prozent der Ukraine: Diese Zahlen zeigen, wie schlecht Putins Krieg wirklich läuft",Der russische Machthaber gesteht inzwischen selbst Probleme mit seinem Ukraine-Krieg ein. Drei Zahlen zeichnen ein noch viel verheerenderes Bild. Für Euphorie aufseiten des Westens ist es trotzdem zu früh.,https://www.tagesspiegel.de/images/15791715/alternates/BASE_16_9_W1400/1783067970000/ukraine-krieg-russlands-prasident-putin.jpeg,2026-07-03T11:14:45Z,,"Wenn der russische Machthaber höchstpersönlich Probleme mit seinem Ukraine-Krieg einräumt, muss tatsächlich etwas im Argen liegen. Wladimir Putins Auftritt Ende Juni beim Kongress der Regierungsparte… [+7327 chars]",,de,'Ukraine'
https://www.zeit.de/news/2026-07/03/ukraine-soll-bei-nato-gipfel-milliardenversprechen-erhalten,https://www.zeit.de/news/2026-07/03/ukraine-soll-bei-nato-gipfel-milliardenversprechen-erhalten,0,www.zeit.de,Spitzentreffen in Ankara: Ukraine soll bei Nato-Gipfel Milliardenversprechen erhalten,Hier finden Sie Informationen zu dem Thema „Spitzentreffen in Ankara“. Lesen Sie jetzt „Ukraine soll bei Nato-Gipfel Milliardenversprechen erhalten“.,https://img.zeit.de/news/2026-07/03/ukraine-soll-bei-nato-gipfel-milliardenversprechen-erhalten-image-group/wide__1300x731,2026-07-03T12:32:27Z,,Die von Russland angegriffene Ukraine soll beim Nato-Gipfel in Ankara ein neues Versprechen für milliardenschwere Militärhilfen bekommen. Darauf verständigten sich Vertreter der 32 Bündnisstaaten wen… [+4846 chars],,de,'Ukraine'
https://www.zeit.de/politik/deutschland/2026-07/ruestungsindustrie-baltikum-deutschland-nato-friedrich-merz,https://www.zeit.de/politik/deutschland/2026-07/ruestungsindustrie-baltikum-deutschland-nato-friedrich-merz,0,www.zeit.de,Nato: Litauen will Teil der atomaren Abschreckung der Nato werden,Litauen will sich bei der nuklearen Abschreckung gegenüber Russland beteiligen. Bundeskanzler Merz vereinbart engere Zusammenarbeit mit den baltischen Staaten.,https://img.zeit.de/politik/deutschland/2026-07/ruestungsindustrie-baltikum-deutschland-nato-friedrich-merz-foto-1/wide__1300x731,2026-07-03T12:56:47Z,,Das baltische EU- und Natoland Litauen will Teil der atomaren Abschreckung der Allianz gegenüber Russland werden. Eine Verfassungsänderung solle die »bestehende Beschränkung über die mögliche Nutzung… [+1155 chars],,de,'Russland'
https://www.bild.de/politik/ausland-und-internationales/russland-meldet-einnahme-von-kostjantyniwka-6a4816610b14ed961bb51153,https://www.bild.de/politik/ausland-und-internationales/russland-meldet-einnahme-von-kostjantyniwka-6a4816610b14ed961bb51153,0,www.bild.de,Ukraine-Krieg - Russen wollen Frontstadt eingenommen haben,Moskau meldet die Einnahme von Kostjantyniwka – eine unabhängige Bestätigung steht bislang aus.,"https://images.bild.de/6a4816610b14ed961bb51153/8c3fa8bdf888851ecf16bf9ec819029c,a6280e4f?w=1280",2026-07-03T20:40:13Z,,"TTS-Player überspringenArtikel weiterlesenMoskau/Kiew Wo vor wenigen Wochen noch erbittert gekämpft wurde, soll jetzt laut Kreml die russische Flagge wehen. Moskau meldet die Einnahme der ostukrainis… [+2075 chars]",,de,'Krieg'
https://www.faz.net/aktuell/politik/ukraine/ukraine-liveticker-russland-will-kostjantyniwka-an-der-front-erobert-haben-faz-110683325.html,https://www.faz.net/aktuell/politik/ukraine/ukraine-liveticker-russland-will-kostjantyniwka-an-der-front-erobert-haben-faz-110683325.html,0,www.faz.net,Liveblog Ukrainekrieg: Russland will Kostjantyniwka an der Front erobert haben,Einnahme würde Russlands Kontrolle in der Region Donezk ausweiten +++ Zahl der Toten in Kiew auf mindestens 30 gestiegen – Selenskyj kündigt Vergeltung an +++ alle Neuigkeiten im Liveblog,https://media0.faz.net/image/w1200h627/db85ff6fe3fd/w5472h2859x0y394o/202607/43601.0.2294863207/kostjantyniwka-30-november.webp,2026-07-03T20:42:49Z,,"Nach den jüngsten russischen Luftangriffen auf Kiew ist die Zahl der Todesopfer auf 30 gestiegen, teilte der Leiter der Militärverwaltung der ukrainischen Haupstadt, Tymur Tkatschenko, am Freitag mit… [+2010 chars]",,de,'Russland'
https://www.zeit.de/politik/ausland/2026-07/polen-ukraine-streit-upa-zweiter-weltkrieg,https://www.zeit.de/politik/ausland/2026-07/polen-ukraine-streit-upa-zweiter-weltkrieg,0,www.zeit.de,»Helden der UPA«: Außenminister Polens und der Ukraine versuchen Streit zu beruhigen,"Die Außenminister Polens und der Ukraine haben versucht, die Diplomatie zwischen den Ländern zu wahren. Zuvor war ein Streit zwischen den Präsidenten aufgeflammt.",https://img.zeit.de/administratives/sharing/fallback-image-die-zeit/wide__1300x731,2026-07-03T20:50:23Z,,Die Außenminister Polens und der Ukraine haben sich in Warschau um eine Deeskalation im Streit über die Geschichte ihrer Länder im Zweiten Weltkrieg bemüht. Der polnische Minister Radoslaw Sikorski u… [+1401 chars],,de,'Ukraine'
https://www.n-tv.de/politik/Putin-feiert-Eroberung-von-Kostjantyniwka-id31046768.html,https://www.n-tv.de/politik/Putin-feiert-Eroberung-von-Kostjantyniwka-id31046768.html,0,www.n-tv.de,Schlüsselstadt im Donbass: Putin feiert Eroberung von Kostjantyniwka,Kremlchef Putin verkündet die vollständige Einnahme der strategisch wichtigen Frontstadt Kostjantyniwka in der Region Donezk. Allerdings gab es bereits im Juni ähnliche Siegesmeldungen. Kiew bestätigt den Fall bislang nicht.,https://www.n-tv.de/img/31046771/1783119736/Img_16_9/1200/Ein-ukrainischer-Soldat-geht-eine-Strasse-in-der-Frontstadt-Kostjantyniwka-entlang-dem-Schauplatz-schwerer-Kaempfe-mit-russischen-Truppen-in-der-Region-Donezk.jpg,2026-07-03T21:20:29Z,,"Schlüsselstadt im DonbassPutin feiert Eroberung von Kostjantyniwka
Ein ukrainischer Soldat geht durch Ruinen in der Frontstadt Kostjantyniwka, deren Eroberung die Russen jetzt melden. (Foto: picture… [+2242 chars]",,de,'Krieg'
https://www.welt.de/politik/ausland/article6a4832c00b14ed961bb51267/ukraine-krieg-russland-meldet-einnahme-von-wichtigem-stuetzpunkt-im-donbass.html,https://www.welt.de/politik/ausland/article6a4832c00b14ed961bb51267/ukraine-krieg-russland-meldet-einnahme-von-wichtigem-stuetzpunkt-im-donbass.html,0,www.welt.de,„Vollständig unter Kontrolle“ – Russland meldet Einnahme von wichtigem Stützpunkt im Donbass,"Russland hat nach eigenen Angaben die Stadt Kostjantyniwka eingenommen. Sie galt als ukrainische Bastionen auf dem Weg zu den letzten größeren Städten im Donbass, die noch unter der Kontrolle Kiews stehen.",https://images.welt.de/6a4832c00b14ed961bb51267/a9896a2857baab904dd1f460bbb31454-master/ci16x9-w1200/dpa-com-260703-935-1456487-jpg,2026-07-03T22:27:25Z,,"Russland hat nach eigenen Angaben die Stadt Kostjantyniwka eingenommen. Sie galt als ukrainische Bastionen auf dem Weg zu den letzten größeren Städten im Donbass, die noch unter der Kontrolle Kiews s… [+3535 chars]",,de,'Russland'
https://www.tagesschau.de/ausland/ukraine-russland-krieg-142.html,https://www.tagesschau.de/ausland/ukraine-russland-krieg-142.html,0,www.tagesschau.de,Russland meldet Einnahme wichtiger Stadt im ukrainischen Donbass,Russland rückt nach eigenen Angaben im Osten der Ukraine vor und will eine strategisch wichtige Stadt erobert haben. Bei einem russischen Angriff auf die ukrainische Stadt Sumy gibt es mehrere Tote.,https://images.tagesschau.de/image/ac433ffb-83bb-4e93-bd5d-18403a988516/AAABnyoZ_2g/AAABnSSvrFg/16x9-big/putin-1502.jpg?width=1280,2026-07-03T22:29:34Z,,"Stand: 04.07.2026 00:29 Uhr
Russland rückt nach eigenen Angaben im Osten der Ukraine vor und will eine strategisch wichtige Stadt erobert haben. Bei einem russischen Angriff auf die ukrainische Stad… [+1579 chars]",,de,'Russland'
https://www.zeit.de/politik/ausland/2026-07/kostjantyniwka-ostukraine-russland-donezk-strategisch,https://www.zeit.de/politik/ausland/2026-07/kostjantyniwka-ostukraine-russland-donezk-strategisch,0,www.zeit.de,Kostjantyniwka: Russland meldet Besetzung von Kostjantyniwka,"Die Ukraine meldete zuletzt schwere Kämpfe in Kostjantyniwka. Russland beansprucht, den strategisch wichtigen Ort im Donbass unter eigene Kontrolle gebracht zu haben.",https://img.zeit.de/politik/ausland/2026-07/kostjantyniwka-ostukraine-russland-donezk-strategisch-foto-1/wide__1300x731,2026-07-03T23:34:44Z,,"Russische Streitkräfte haben nach Angaben des russischen Verteidigungsministeriums
die Ortschaft Kostjantyniwka in der Ostukraine besetzt. Die Mitteilung
erfolgte zeitgleich mit einem Besuch von Ru… [+1451 chars]",,de,'Krieg'
https://www.faz.net/aktuell/politik/ukraine/ukraine-liveticker-mindestens-zehn-tote-bei-russischen-angriffen-auf-sumy-und-den-sueden-faz-110683325.html,https://www.faz.net/aktuell/politik/ukraine/ukraine-liveticker-mindestens-zehn-tote-bei-russischen-angriffen-auf-sumy-und-den-sueden-faz-110683325.html,0,www.faz.net,Liveblog Ukrainekrieg: Mindestens zehn Tote bei russischen Angriffen auf Sumy und den Süden,Russland will Kostjantyniwka an der Front erobert haben +++ Zahl der Toten in Kiew auf mindestens 30 gestiegen – Selenskyj kündigt Vergeltung an +++ alle Neuigkeiten im Liveblog,https://media0.faz.net/image/w1200h627/bdebd9773e00/w1280h668x0y138o/202607/43601.0.2295253047/die-ukrainische-polizei.webp,2026-07-04T00:47:03Z,,"Nach den jüngsten russischen Luftangriffen auf Kiew ist die Zahl der Todesopfer auf 30 gestiegen, teilte der Leiter der Militärverwaltung der ukrainischen Haupstadt, Tymur Tkatschenko, am Freitag mit… [+2010 chars]",,de,'Russland'
https://www.basicthinking.de/blog/2026/07/04/ki-hautpflaster/,https://www.basicthinking.de/blog/2026/07/04/ki-hautpflaster/,0,www.basicthinking.de,KI-Pflaster kann Herzinfarkt-Risiko auf der Haut vorhersagen,"Der Beitrag KI-Pflaster kann Herzinfarkt-Risiko auf der Haut vorhersagen erschien zuerst beim Online-Magazin BASIC thinking. Über unseren Newsletter UPDATE startest du jeden Morgen bestens informiert in den Tag.
Bei Kammerflimmern zählt jede Sekunde. Doch her…",https://www.basicthinking.de/blog/wp-content/uploads/2026/06/ki-hautpflaster.webp,2026-07-04T03:45:39Z,,"Bei Kammerflimmern zählt jede Sekunde. Doch herkömmliche Gesundheitstracker müssen Daten erst an externe Server senden, bevor sie Alarm schlagen können. Ein neues KI-Hautpflaster verarbeitet Vitaldat… [+3533 chars]",,de,'Risiko'
https://www.zeit.de/news/2026-07/04/kant-klopse-krieg-80-jahre-kaliningrad-statt-koenigsberg,https://www.zeit.de/news/2026-07/04/kant-klopse-krieg-80-jahre-kaliningrad-statt-koenigsberg,0,www.zeit.de,"Geschichte einer Stadt: Kant, Klopse, Krieg: 80 Jahre Kaliningrad statt Königsberg","Hier finden Sie Informationen zu dem Thema „Geschichte einer Stadt“. Lesen Sie jetzt „Kant, Klopse, Krieg: 80 Jahre Kaliningrad statt Königsberg“.",https://img.zeit.de/news/2026-07/04/kant-klopse-krieg-80-jahre-kaliningrad-statt-koenigsberg-image-group/wide__1300x731,2026-07-04T06:00:06Z,,"Vom alten Königsberg zeugen nur noch wenige Inseln in Kaliningrad, der heute westlichsten Großstadt Russlands. Die wohl eindrucksvollste ist die Kant-Insel, der ehemalige Kneiphof. 
Majestätisch erh… [+5956 chars]",,de,'Krieg'
https://www.zeit.de/news/2026-07/04/ukraine-attackiert-russische-oelanlagen-bei-st-petersburg,https://www.zeit.de/news/2026-07/04/ukraine-attackiert-russische-oelanlagen-bei-st-petersburg,0,www.zeit.de,Ukraine-Krieg: Ukraine attackiert russische Ölanlagen bei St. Petersburg,Hier finden Sie Informationen zu dem Thema „Ukraine-Krieg“. Lesen Sie jetzt „Ukraine attackiert russische Ölanlagen bei St. Petersburg“.,https://img.zeit.de/news/2026-07/04/ukraine-attackiert-russische-oelanlagen-bei-st-petersburg-image-group/wide__1300x731,2026-07-04T06:30:56Z,,"Die Ukraine hat erneut russische Ölanlagen an der Ostsee bei St. Petersburg mit Drohnen angegriffen. Der Gouverneur des Umlands der Metropole, Alexander Drosdenko, berichtete, dass 67 feindliche Droh… [+1794 chars]",,de,'Ukraine'
https://www.tagesschau.de/ausland/europa/ukraine-russland-angriffe-174.html,https://www.tagesschau.de/ausland/europa/ukraine-russland-angriffe-174.html,0,www.tagesschau.de,Tote bei russischen Angriffen - Ukraine attackiert Ölanlagen,In der Ukraine sind bei russischen Angriffen zehn Menschen getötet worden. Die Ukraine attackiert derweil erneut Ölanlagen in St. Petersburg. Und Russland meldet die Einnahme einer strategisch wichtigen Stadt - Kiew dementiert.,https://images.tagesschau.de/image/b2b0e5c5-d19b-428d-9e87-3348393bbaf8/AAABnywS0Cc/AAABnSSvrFg/16x9-big/ukraine-russland-226.jpg?width=1280,2026-07-04T07:41:00Z,,"Stand: 04.07.2026 09:41 Uhr
In der Ukraine sind bei russischen Angriffen zehn Menschen getötet worden. Die Ukraine attackiert derweil erneut Ölanlagen in St. Petersburg. Und Russland meldet die Einn… [+4120 chars]",,de,'Russland'
https://www.zeit.de/politik/ausland/2026-07/ukraine-russland-drohnenangriff-oelanlagen-ostsee-st-petersburg,https://www.zeit.de/politik/ausland/2026-07/ukraine-russland-drohnenangriff-oelanlagen-ostsee-st-petersburg,0,www.zeit.de,Ukraine-Russland-Krieg: Ukraine attackiert russische Ölanlagen bei St. Petersburg,Die Ukraine hat die Öl-Infrastruktur bei St. Petersburg erneut mit Drohnen beschossen. Im ukrainischen Sumy tötete ein russischer Bombenangriff mindestens vier Menschen.,https://img.zeit.de/politik/ausland/2026-07/ukraine-russland-drohnenangriff-oelanlagen-ostsee-st-petersburg-foto-1/wide__1300x731,2026-07-04T08:14:35Z,,"Die Ukraine hat erneut russische Ölanlagen an der Ostsee bei 
St. Petersburg mit Drohnen angegriffen. Der Gouverneur von Sankt
Petersburg, Alexander Beglow, bestätigte einen »großangelegten« Drohne… [+2541 chars]",,de,'Russland'
https://www.faz.net/aktuell/wirtschaft/alexandra-prokopenko-putin-kaempft-auf-die-kostspieligste-weise-accg-200986860.html,https://www.faz.net/aktuell/wirtschaft/alexandra-prokopenko-putin-kaempft-auf-die-kostspieligste-weise-accg-200986860.html,0,www.faz.net,"Der Krieg holt Putin ein: „Russland kämpft auf die kostspieligste Weise, die man sich nur denken kann“","Alexandra Prokopenko ist Kennerin der russischen Wirtschaft. Einen Kollaps sieht sie nicht. Doch gebe es ein Szenario, das Putin zwingen könnte, den Krieg zu beenden.",https://media0.faz.net/image/w1200h627/06532b6c69cf/w6180h3229x0y328o/202606/43601.0.2280756947/treibstoffmangel-selbst-in-der.webp,2026-07-04T11:04:26Z,,"Frau Prokopenko, viele im Westen zeichnen Untergangsszenarien für die russische Wirtschaft, manche Ökonomen sehen sie gar im Endstadium. Zu Recht?
Es ist unklar, was ein solcher Begriff für eine Vol… [+10695 chars]",,de,'Russland'
https://www.zeit.de/2026/29/un-entwicklungsprogramm-budget-ebola-alexander-de-croo,https://www.zeit.de/2026/29/un-entwicklungsprogramm-budget-ebola-alexander-de-croo,0,www.zeit.de,UN-Entwicklungsprogramm: Mit Steuerbeamten gegen den Hunger,"Ein Krieg endet nicht, wenn keine Bomben mehr fallen, sagt der Chef des UN-Entwicklungsprogramms. Hier erklärt er, wie Steuerbeamte gegen Hunger helfen sollen.",https://img.zeit.de/2026/29/mit-steuerbeamten-gegen-den-hunger-bild-1/wide__1300x731,2026-07-04T12:23:02Z,,"Inhalt
Auf einer Seite lesen
 Inhalt
<ol><li>Seite 1Mit Steuerbeamten gegen den Hunger
</li><li>Seite 2»Ein Krieg endet nicht, wenn keine Bomben mehr fallen«</li><li>Seite 3»Wir müssten auch den … [+3852 chars]",,de,'Krieg'
https://www.zeit.de/politik/ausland/2026-07/trauerfeier-iran-ali-chamenei-staatschef-teheran,https://www.zeit.de/politik/ausland/2026-07/trauerfeier-iran-ali-chamenei-staatschef-teheran,0,www.zeit.de,Trauerfeier im Iran: Ein Toter soll Stärke zeigen,"Ab heute wird Ali Chamenei, der im Krieg getötete Staatschef, in Teheran aufgebahrt. Selbst Saudi-Arabien gibt sich die Ehre. Was das über den Zustand des Regimes sagt.",https://img.zeit.de/politik/ausland/2026-07/dsc07136-copy-bildtrauerfeier-iran-ali-chamenei-staatschef-teheran-bildneu-bild-07/wide__1300x731,2026-07-04T12:27:33Z,,"Die Bilder von diesem Wochenende sollen grandios werden. Im Iran beginnen die Trauerfeierlichkeiten für Ali Chamenei, ehemals Staatsoberhaupt und sogenannter Revolutionsführer, der bereits am ersten … [+421 chars]",,de,'Krieg'
https://www.zeit.de/news/2026-07/04/polizei-nimmt-42-jaehrigen-nach-bedrohung-in-geesthacht-fest,https://www.zeit.de/news/2026-07/04/polizei-nimmt-42-jaehrigen-nach-bedrohung-in-geesthacht-fest,0,www.zeit.de,Kriminalität: Polizei nimmt 42-Jährigen nach Bedrohung in Geesthacht fest,Hier finden Sie Informationen zu dem Thema „Kriminalität“. Lesen Sie jetzt „Polizei nimmt 42-Jährigen nach Bedrohung in Geesthacht fest“.,https://img.zeit.de/news/2026-07/04/polizei-nimmt-42-jaehrigen-nach-bedrohung-in-geesthacht-fest-image-group/wide__1300x731,2026-07-04T14:30:12Z,,Ein 42 Jahre alter Mann soll seine Lebensgefährtin und eine Nachbarin in einem Mehrfamilienhaus in Geesthacht (Herzogtum Lauenburg) mit einer Waffe bedroht haben. Der Mann soll seine Partnerin ersten… [+1199 chars],,de,'Bedrohung'
https://www.yahoo.com/news/articles/trump-offered-over-phone-help-225138179.html,https://www.yahoo.com/news/articles/trump-offered-over-phone-help-225138179.html,0,www.yahoo.com,"Trump offered over phone to help Putin find deal with Ukraine, Kremlin aide says",July 5 (Reuters) - U.S.,https://s.yimg.com/lo/mysterio/api/803503a424cab18e508e864fcf6d4eb548bf5611a99ccf6e25840696d4627e85/lightyear_networkapi/resizefill_w800_h502;quality_80;format_webp/https:%2F%2Fmedia.zenfs.com%2Fen%2Freuters.com%2F54fb8a778b90075d251c526dd8991f97,2026-07-04T22:51:38Z,,"July 5 (Reuters) - U.S. President Donald Trump, speaking to Russian leader Vladimir Putin by telephone for nearly 90 minutes, offered to help find a solution to the Ukraine war, Kremlin aide Yuri Ush… [+2730 chars]",,de,'Putin'
https://www.zeit.de/politik/deutschland/2026-07/afd-boris-pistorius-bundeswehr-informationen-minister,https://www.zeit.de/politik/deutschland/2026-07/afd-boris-pistorius-bundeswehr-informationen-minister,0,www.zeit.de,Boris Pistorius: AfD-Minister könnten von Bundeswehr-Infos ausgeschlossen werden,"Der Verteidigungsminister wirft der AfD Nähe zu Russland vor. Sollte die Partei Ministerpräsidenten stellen, könnte es riskant sein, geheime Informationen zu teilen.",https://img.zeit.de/politik/deutschland/2026-07/afd-boris-pistorius-bundeswehr-informationen-minister-bild/wide__1300x731,2026-07-04T22:59:28Z,,"Verteidigungsminister Boris Pistorius (SPD) hat die Möglichkeit ins Spiel gebracht, etwaige AfD-Minister künftig von geheim eingestuften Informationen auszuschließen. Mit Blick auf mögliche Konsequen… [+1704 chars]",,de,'Russland'
https://www.welt.de/politik/ausland/article6a498b680b14ed961bb522d5/ukraine-krieg-trump-laesst-sich-ueber-front-lage-unterrichten-85-minuten-telefonat-mit-putin.html,https://www.welt.de/politik/ausland/article6a498b680b14ed961bb522d5/ukraine-krieg-trump-laesst-sich-ueber-front-lage-unterrichten-85-minuten-telefonat-mit-putin.html,0,www.welt.de,Trump lässt sich von Moskau und Kiew über Front-Lage unterrichten – 85-Minuten-Telefonat mit Putin,Anlässlich des 250. Geburtstags der USA telefoniert Präsident Trump sowohl mit Putin als auch mit Selenskyj. Jeweils geht es unter anderem um die Lage im Krieg – und eine mögliche Lösung.,https://images.welt.de/6a498b680b14ed961bb522d5/6d6bcc42c2c4ae8b27124806b32867c9/ci16x9-w1200/2026-06-23t172850z-401895215-rc2v7gah8tah-rtrmadp-3-ukraine-crisis-russia-usa-jpg,2026-07-04T23:38:19Z,,Anlässlich des 250. Geburtstags der USA telefoniert Präsident Trump sowohl mit Putin als auch mit Selenskyj. Jeweils geht es unter anderem um die Lage im Krieg und eine mögliche Lösung.Kurz vor Begin… [+2094 chars],,de,'Krieg'
https://www.zeit.de/politik/ausland/2026-07/trump-putin-selenskyj-ukraine-telefonat-nato-gipfel,https://www.zeit.de/politik/ausland/2026-07/trump-putin-selenskyj-ukraine-telefonat-nato-gipfel,0,www.zeit.de,Ukraine-Krieg: Trump bietet nach Gespräche mit Putin und Selenskyj Vermittlung an,"Der US-Präsident hat der Ukraine Hilfe bei der Beendigung des Krieges angeboten. Zu Wladimir Putin sagte Trump, er werde sich für ein rasches Ende der Kämpfe einsetzen.",https://img.zeit.de/politik/ausland/2026-07/trump-putin-selenskyj-ukraine-telefonat-nato-gipfel-foto-1/wide__1300x731,2026-07-05T00:55:48Z,,US-Präsident Donald Trump hat nach Gesprächen mit dem russischen Staatschef Wladimir Putin und dem ukrainischen Präsidenten Wolodymyr Selenskyj Hilfe bei der Beendigung des Ukraine-Kriegs angeboten. … [+1826 chars],,de,'Ukraine'
https://www.n-tv.de/politik/Putin-schildert-Trump-am-Telefon-Erfolge-russischer-Truppen-id31048951.html,https://www.n-tv.de/politik/Putin-schildert-Trump-am-Telefon-Erfolge-russischer-Truppen-id31048951.html,0,www.n-tv.de,Vor Nato-Gipfel in Ankara: Putin schildert Trump am Telefon Erfolge russischer Truppen,"Wenige Tage vor dem Nato-Gipfel berichtet der russische Präsident Putin bei einem Telefonat mit Trump von militärischen Eroberungen in der Ukraine. Der US-Präsident sei bereit, die Vermittlerrolle wieder zu übernehmen, sagt ein Putin-Berater. Aber auch Selens…",https://www.n-tv.de/img/31048952/1783219018/Img_16_9/1200/Die-Kombo-aus-Archivbildern-zeigt-Russlands-Praesidenten-Wladimir-Putin-l-25-12-2025-in-Moskau-und-den-US-Praesidenten-Donald-Trump-r-22-11-2018-in-Palm-Beach-jeweils-am-Telefon-zu-dpa-Putin-gratuliert-Trump-zum-80.jpg,2026-07-05T00:56:04Z,,"Das Gespräch dauerte fast 90 Minuten, heißt es aus dem Kreml. (Foto: picture alliance/dpa/Pool Sputnik Kremlin/AP)
Wenige Tage vor dem Nato-Gipfel berichtet der russische Präsident Putin bei einem T… [+2185 chars]",,de,'Putin'
https://www.zeit.de/feuilleton/2026-07/russland-staerke-bild-westen-wladimir-putin-wladislaw-martinowitsch,https://www.zeit.de/feuilleton/2026-07/russland-staerke-bild-westen-wladimir-putin-wladislaw-martinowitsch,0,www.zeit.de,"Russland: »Russland falsch einzuschätzen, kann verheerend sein«","Wie schwach ist Russland wirklich? Der Westen scheitert immer wieder daran, das Land richtig zu bewerten, sagt der Historiker Wladislaw Subok. Und Putin weiß das.",https://img.zeit.de/politik/2026-06/martinowitsch-subok-interview-russland-staerke-putin-bild/wide__1300x731,2026-07-05T06:18:06Z,,"In Russland zerstören ukrainische Drohnen Öllager, es mangelt an Benzin, und Putin spricht von »beispiellosem Druck« auf sein Land. Nur lehrt die Geschichte: Der Westen vertut sich traditionell bei d… [+703 chars]",,de,'Russland'
https://www.faz.net/aktuell/politik/ausland/nato-lettlands-praesident-warnt-vor-mangelnder-aufruestung-accg-200998879.html,https://www.faz.net/aktuell/politik/ausland/nato-lettlands-praesident-warnt-vor-mangelnder-aufruestung-accg-200998879.html,0,www.faz.net,Lettlands Präsident: „Wir machen das nicht für Amerika“,Der lettische Präsident Edgars Rinkēvičs hält einen Krieg gegen Russland gerade für nicht wahrscheinlich. Aber das könne sich schnell ändern. Deshalb müsse die NATO aufrüsten.,https://media0.faz.net/image/w1200h627/cae6a1b5e40e/w7694h4020x0y326o/202607/43601.0.2300742808/lettlands-praesident-edgars.webp,2026-07-05T10:58:44Z,,"Herr Präsident, Sie haben bei Ihrem Besuch am Freitag im Kanzleramt darauf hingewiesen, dass Lettland mit seinen baltischen Nachbarn sofort in einer direkten Konfrontation mit Russland stünde, sollte… [+7924 chars]",,de,'Russland'
https://www.zeit.de/news/2026-07/05/polnischer-streit-wegen-patriot-raketen-fuer-die-ukraine,https://www.zeit.de/news/2026-07/05/polnischer-streit-wegen-patriot-raketen-fuer-die-ukraine,0,www.zeit.de,Ukraine-Krieg: Polnischer Streit wegen Patriot-Raketen für die Ukraine,Hier finden Sie Informationen zu dem Thema „Ukraine-Krieg“. Lesen Sie jetzt „Polnischer Streit wegen Patriot-Raketen für die Ukraine“.,https://img.zeit.de/news/2026-07/05/polnischer-streit-wegen-patriot-raketen-fuer-die-ukraine-image-group/wide__1300x731,2026-07-05T12:59:06Z,,In Polen entspinnt sich innenpolitischer Streit wegen einer mutmaßlichen Lieferung von Patriot-Flugabwehrraketen an die Ukraine im Frühjahr. Die nationalkonservative PiS und andere rechte Oppositions… [+2195 chars],,de,'Krieg'
https://www.zeit.de/news/2026-07/06/russland-fliegt-neue-luftangriffe-auf-ukraine,https://www.zeit.de/news/2026-07/06/russland-fliegt-neue-luftangriffe-auf-ukraine,0,www.zeit.de,Ukraine-Krieg: Russland fliegt neue Luftangriffe auf Ukraine,Hier finden Sie Informationen zu dem Thema „Ukraine-Krieg“. Lesen Sie jetzt „Russland fliegt neue Luftangriffe auf Ukraine“.,https://img.zeit.de/news/2026-07/06/russland-fliegt-neue-luftangriffe-auf-ukraine-image-group/wide__1300x731,2026-07-05T23:29:25Z,,Die vorab befürchtete Welle schwerer Luftangriffe Russlands auf ukrainische Städte hat sich in der Nacht bestätigt. Kurz nach Mitternacht waren in der Hauptstadt Kiew laut Behördenangaben und Medienb… [+1505 chars],,de,'Krieg'
https://www.zeit.de/news/2026-07/06/wer-hat-den-iran-krieg-gewonnen,https://www.zeit.de/news/2026-07/06/wer-hat-den-iran-krieg-gewonnen,0,www.zeit.de,Krieg in Nahost: Wer hat den Iran-Krieg gewonnen?,Hier finden Sie Informationen zu dem Thema „Krieg in Nahost“. Lesen Sie jetzt „Wer hat den Iran-Krieg gewonnen?“.,https://img.zeit.de/news/2026-07/06/wer-hat-den-iran-krieg-gewonnen-image-group/wide__1300x731,2026-07-06T02:57:05Z,,"Donald Trump spricht von einem Sieg der USA. Israels Ministerpräsident Benjamin Netanjahu feiert einen «historischen Erfolg», und auch Teheran reklamiert den Kriegsausgang für sich. Doch Experten zie… [+6214 chars]",,de,'Krieg'
https://www.tagesschau.de/ausland/europa/ukraine-russland-angriffe-176.html,https://www.tagesschau.de/ausland/europa/ukraine-russland-angriffe-176.html,0,www.tagesschau.de,Ukraine meldet mehrere Tote nach russischen Angriffen,"Luftalarm im ganzen Land, Explosionen in Kiew: Russland hat die Ukraine in der Nacht erneut attackiert - und das kurz vor einem NATO-Gipfel in der Türkei. Medien und Behörden zufolge gibt es mindestens neun Tote.",https://images.tagesschau.de/image/7e2de78d-1b7f-4971-934e-4274e7be23fd/AAABnzW2J8U/AAABnSSvrFg/16x9-big/explosion-kiew-102.jpg?width=1280,2026-07-06T04:35:58Z,,"Stand: 06.07.2026 06:35 Uhr
Luftalarm im ganzen Land, Explosionen in Kiew: Russland hat die Ukraine in der Nacht erneut attackiert - und das kurz vor einem NATO-Gipfel in der Türkei. Medien und Behö… [+1818 chars]",,de,'Ukraine'
https://www.faz.net/aktuell/feuilleton/medien-und-film/medienpolitik/andrej-zacharow-russischer-cyberpunk-und-digitale-macht-accg-200979047.html,https://www.faz.net/aktuell/feuilleton/medien-und-film/medienpolitik/andrej-zacharow-russischer-cyberpunk-und-digitale-macht-accg-200979047.html,0,www.faz.net,"Überwachungsstaat Russland: „Jeder kann prüfen, wo Putins Kinder wohnen“","Handys werden vom Geheimdienst überwacht, Tech-Unternehmen gehören Putins Vertrauten, aber auf dem Schwarzmarkt kann jeder Daten kaufen: Russland gleicht einer Cyberpunk-Dystopie, sagt Andrej Zacharow.",https://media0.faz.net/image/w1200h627/dcfef11147b5/w4000h2090x0y398o/202606/43601.0.2281517415/futuristisches-shopping-in.webp,2026-07-06T06:03:52Z,,"06.07.2026, 08:03Lesezeit: 6 Min.
Handys werden vom Geheimdienst überwacht, Tech-Unternehmen gehören Putins Vertrauten, aber auf dem Schwarzmarkt kann jeder Daten kaufen: Russland gleicht einer Cybe… [+36 chars]",,de,'Russland'
https://www.zeit.de/politik/ausland/2026-07/kiew-russland-luftangriffe-raketen-drohnen-tote-gxe,https://www.zeit.de/politik/ausland/2026-07/kiew-russland-luftangriffe-raketen-drohnen-tote-gxe,0,www.zeit.de,Russische Luftangriffe: Schwere russische Angriffe auf die Ukraine vor Nato-Gipfel,Mindestens sieben Menschen sind bei russischen Angriffen auf die Ukraine getötet worden. Selenskyj hatte vor heftigen Attacken kurz vor dem Nato-Gipfel gewarnt.,https://img.zeit.de/politik/ausland/2026-07/kiew-russland-luftangriffe-raketen-drohnen-tote-foto-1/wide__1300x731,2026-07-06T06:55:07Z,,"Am Tag vor dem Nato-Gipfel in der Türkei hat Russland die nächste schwere 
Angriffswelle auf ukrainische Städte durchgeführt. Kurz nach Mitternacht 
löste die Flugabwehr in fast allen Landesregione… [+5119 chars]",,de,'Putin'
https://www.zeit.de/politik/ausland/2026-07/krieg-ukraine-krim-drohnen-angriff-wladimir-putin,https://www.zeit.de/politik/ausland/2026-07/krieg-ukraine-krim-drohnen-angriff-wladimir-putin,0,www.zeit.de,Krieg in der Ukraine: Wolodymyr Selenskyj hat einen Plan für die Krim,Putin versprach den Krimbewohnern blühende Landschaften. Nun stürzen ukrainische Angriffe die Halbinsel in die Krise – und bringen die Besatzer in Bedrängnis.,https://img.zeit.de/politik/ausland/2026-07/krieg-ukraine-krim-drohnen-angriff-wladimir-putin-bild/wide__1300x731,2026-07-06T07:31:09Z,,"Beruhigende Worte für die Krimbewohner hat Sergej Aksjonow, der Chef der russischen Besatzungsverwaltung, in dieser Woche nicht mehr allzu viele. »Leider«, sagt Aksjonow in einer Videobotschaft, »wer… [+755 chars]",,de,'Ukraine'
https://www.kino.de/news/300-action-epos-mit-gerard-butler-liefert-euch-brachiale-kaempfe-in-denen-fans-einen-blutigen-filmfehler-entdeckten--01K1DT08XQH7XABSP1ARTE4PSQ,https://www.kino.de/news/300-action-epos-mit-gerard-butler-liefert-euch-brachiale-kaempfe-in-denen-fans-einen-blutigen-filmfehler-entdeckten--01K1DT08XQH7XABSP1ARTE4PSQ,0,www.kino.de,„300“: Action-Epos mit Gerard Butler liefert euch brachiale Kämpfe – in denen Fans einen blutigen Filmfehler entdeckten,Es ist einer der ikonischsten Actionfilme aller Zeiten. Doch manchmal machen einem computergenerierte Effekte einen Strich durch die Rechnung.,https://static.kino.de/2a/4c/65/33b571e260e0b58afbf5406a9e_ZmMgODAwMDgwMDBmZmZmIDE5MjAgMTA4MAMyYzM1ZTBiYWYwOQ==.jpeg,2026-07-06T09:00:00Z,,"Es ist einer der ikonischsten Actionfilme aller Zeiten. Doch manchmal machen einem computergenerierte Effekte einen Strich durch die Rechnung.
Der Film 300 von Zack Snyder, der auf dem gleichnamigen… [+2597 chars]",,de,'Kämpfe'
https://www.faz.net/aktuell/politik/ausland/kiew-fehlt-es-an-patriot-flugabwehr-accg-201001427.html,https://www.faz.net/aktuell/politik/ausland/kiew-fehlt-es-an-patriot-flugabwehr-accg-201001427.html,0,www.faz.net,Russischer Luftangriff: Keine einzige ballistische Rakete abgefangen,"Alle 29 Raketen, die Russland in der Nacht auf Montag auf die Ukraine feuert, kommen durch. Selenskyj bittet eindringlich um Flugabwehrmunition.",https://media0.faz.net/image/w1200h627/d0bb7e29c557/w4748h2480x296y95o/202607/43601.0.2303281688/loescharbeiten-in-kiew-ein.webp,2026-07-06T10:34:15Z,,"Bei einem russischen Luftangriff auf die ukrainische Hauptstadt Kiew sind in der Nacht zum Montag mindestens 14 Menschen ums Leben gekommen, teilte der Leiter der Militärverwaltung der Stadt, Tymur T… [+2788 chars]",,de,'Russland'
https://www.faz.net/aktuell/politik/ausland/drohnen-und-taktik-china-schult-russische-soldaten-accg-201001258.html,https://www.faz.net/aktuell/politik/ausland/drohnen-und-taktik-china-schult-russische-soldaten-accg-201001258.html,0,www.faz.net,F.A.Z. exklusiv: China bildet russische Soldaten an Drohnen aus,Peking bildet Moskaus Militär in Taktik und an Drohnen aus. Trainiert wird „sowohl in Russland als auch in China“. Auch die gemeinsamen Manöver werden umfassender.,https://media0.faz.net/image/w1200h627/2ad789411b75/w6144h3210x0y647o/202607/43601.0.2303305432/chinesische-marinesoldaten.webp,2026-07-06T12:09:57Z,,Die militärische Zusammenarbeit zwischen China und Russland seit dem Beginn des vollumfänglichen Kriegs in der Ukraine ist umfangreicher als bislang öffentlich bekannt. Nach F.A.Z-Informationen werde… [+8764 chars],,de,'Russland'
https://www.golem.de/sonstiges/zustimmung/auswahl.html?from=https://www.golem.de/news/anzeige-cosori-turboblaze-heissluftfritteuse-zum-bestpreis-30-euro-guenstiger-2607-210546.html&referer=https://t.co/0d7e31d336,https://www.golem.de/sonstiges/zustimmung/auswahl.html?from=https://www.golem.de/news/anzeige-cosori-turboblaze-heissluftfritteuse-zum-bestpreis-30-euro-guenstiger-2607-210546.html&referer=https://t.co/0d7e31d336,0,www.golem.de,Anzeige: Cosori TurboBlaze Heißluftfritteuse zum Bestpreis 30 Euro günstiger,Zeit und Energie beim Kochen sparen: Die smarte Cosori TurboBlaze Heißluftfritteuse ist bei Amazon aktuell zum Bestpreis erhältlich. (Technik/Hardware),,2026-07-06T12:30:02Z,,"Besuchen Sie Golem.de wie gewohnt mit Werbung und Tracking,
 indem Sie der Nutzung aller Cookies zustimmen.
 Details zum Tracking finden Sie im Privacy Center.
Skript wurde nicht geladen. Informat… [+607 chars]",,de,'Energie sparen'
"https://www.gamestar.de/artikel/balkonkraftwerk-deluxe-ecoflow-stream-ultrax-guenstig-mediamarkt,3455852.html","https://www.gamestar.de/artikel/balkonkraftwerk-deluxe-ecoflow-stream-ultrax-guenstig-mediamarkt,3455852.html",0,www.gamestar.de,Deals: Balkonkraftwerk 2.0 - Schluss mit teurem Strom: Dieser Riesen-Akku von EcoFlow ist jetzt im Angebot [Anzeige],Es hat sich bereits herumgesprochen: Balkonkraftwerke sparen bares Geld und finanzieren sich damit selbst. Ein Akku optimiert das System - und Ecoflow hat ein XXL-Angebot für euch.,https://images.cgames.de/images/gamestar/293/ecoflow-stream-ultrax-teaser_6427466.jpg,2026-07-06T12:45:00Z,,"Die Ecoflow Stream-Akkus sehen sogar gut genug aus, um sie ohne kritische Blicke der Familie in der Wohnung aufstellen zu können. 
Balkonkraftwerke brauchen wir wohl niemandem mehr erklären. Neuer s… [+5442 chars]",,de,'Geld sparen'
https://www.faz.net/aktuell/politik/ausland/china-eisernes-buendnis-mit-putin-im-ukrainekrieg-201002146.html,https://www.faz.net/aktuell/politik/ausland/china-eisernes-buendnis-mit-putin-im-ukrainekrieg-201002146.html,0,www.faz.net,Hilfe für Russland: Chinas eisernes Bündnis mit Putin,Chinas militärische Zusammenarbeit mit Russland steht Europas Interessen diametral entgegen. Darauf sollte die Politik reagieren.,https://media0.faz.net/image/w1200h627/f01c3b32a0b6/w4102h2143x0y315o/202607/43601.0.2283766833/der-chinesische-staats-und.webp,2026-07-06T12:54:00Z,,"Zu den vielen Umbrüchen, mit denen sich Deutschland schwertut, gehört Chinas veränderte weltpolitische Rolle. Das Bild vom riesigen Absatzmarkt, der die Augen einer ganzen Generation von Politikern u… [+1731 chars]",,de,'Russland'
https://www.welt.de/politik/ausland/article6a4ba662bfe786e9bb64ceff/kurz-vor-nato-gipfel-china-haelt-raketentest-im-pazifikraum-ab-und-startet-marinemanoever-mit-russischer-armee.html,https://www.welt.de/politik/ausland/article6a4ba662bfe786e9bb64ceff/kurz-vor-nato-gipfel-china-haelt-raketentest-im-pazifikraum-ab-und-startet-marinemanoever-mit-russischer-armee.html,0,www.welt.de,China testet Interkontinentalrakete im Pazifik – und startet Marinemanöver mit Russland,Ein chinesisches Atom-U-Boot feuert eine Interkontinentalrakete über den Südpazifik. Zur gleichen Zeit starten chinesische und russische Kriegsschiffe ein gemeinsames Manöver. Mehrere Staaten zeigen sich besorgt.,https://images.welt.de/6a4ba662bfe786e9bb64ceff/0882700e4cae2a05fc09b9a081fd7e06-master/ci16x9-w1200/dpa-com-260706-99-973144-jpg,2026-07-06T13:41:03Z,,Ein chinesisches Atom-U-Boot feuert eine Interkontinentalrakete über den Südpazifik. Zur gleichen Zeit starten chinesische und russische Kriegsschiffe ein gemeinsames Manöver. Mehrere Staaten zeigen … [+3028 chars],,de,'Russland'
https://www.focus.de/politik/deutschland/mit-low-level-agents-droht-neue-gefahr-aus-russland_6570ac3c-461b-4fc2-90e4-33cd8bbcf0be.html,https://www.focus.de/politik/deutschland/mit-low-level-agents-droht-neue-gefahr-aus-russland_6570ac3c-461b-4fc2-90e4-33cd8bbcf0be.html,0,www.focus.de,Mit „Low Level Agents“ droht neue Gefahr aus Russland,Russische Geheimdienste setzen in Deutschland immer häufiger auf unauffällige Helfer. Sicherheitsbehörden warnen vor der wachsenden Gefahr durch „Low Level Agents“.,"https://quadro.burda-forward.de/ctf/181e8a2b-4e2e-4560-8cfe-e48d068c6973.e79c1c9e-4b2d-47d5-ab6f-0afea31bedf7.jpg?im=RegionOfInterestCrop=(1200,630),regionOfInterest=(2390,1685)&hash=70e65e7ad94d694c98b69d386717e35d5ddd77a02d904e45d1b30549b9697888",2026-07-06T13:42:00Z,,Im März 2026 lässt die Bundesanwaltschaft in Rheine eine 45-jährige Rumänin festnehmen. Zeitgleich wird in Spanien ein 43-jähriger Ukrainer mit dem ehemaligen Wohnort Heinsberg gefasst. Sie sollen ei… [+6313 chars],,de,'Russland'
https://www.nzz.ch/international/kreml-spricht-von-krieg-neue-wortwahl-vor-dem-nato-gipfel-ld.10014282,https://www.nzz.ch/international/kreml-spricht-von-krieg-neue-wortwahl-vor-dem-nato-gipfel-ld.10014282,0,www.nzz.ch,Aus der «Spezialoperation» in der Ukraine wird ein «echter Krieg» – warum der Kreml gerade jetzt seine Wortwahl ändert,"Wer das Wort «Krieg» in den Mund nimmt, kann in Russland hart bestraft werden. Nun tut Kreml-Sprecher Dmitri Peskow genau das – und gibt dem Westen die Schuld dafür. Das ist kein Zufall.","https://img-msp-prod.nzz.ch/2026/07/06/5ccff8f3-fca1-4490-b379-d48a548956b1.jpg?width=1200&height=674&fit=bounds&quality=75&auto=webp&crop=4699,2643,x0,y196&wmark=nzz",2026-07-06T13:56:44Z,,"Wer das Wort «Krieg» in den Mund nimmt, kann in Russland hart bestraft werden. Nun tut Kreml-Sprecher Dmitri Peskow genau das  und gibt dem Westen die Schuld dafür. Das ist kein Zufall.
Zusammenfass… [+5833 chars]",,de,'Ukraine'
https://www.diepresse.com/35226420/abschreckendes-beispiel-fpoe-in-berlin-herrscht-alarm-vor-afd-sieg-bei,https://www.diepresse.com/35226420/abschreckendes-beispiel-fpoe-in-berlin-herrscht-alarm-vor-afd-sieg-bei,0,www.diepresse.com,Abschreckendes Beispiel FPÖ: In Berlin herrscht Alarm vor AfD-Sieg bei Landtagswahlen [premium],Verteidigungsminister Boris Pistorius warnt vor Abfluss von Geheimdienstinformationen nach Russland. Ein Grün-Politiker verweist auf Aktionen des Innenministeriums unter Herbert Kickl. Beim Parteitag in Erfurt präsentierte sich die AfD mit breiter Brust.,https://img.diepresse.com/public/incoming/owq08d-germany-politics-parties-far-right-afd/alternates/WEBP_WIDE_1200/GERMANY-POLITICS-PARTIES-FAR%20RIGHT-AFD,2026-07-06T13:58:36Z,,"Der AfD-Parteitag in Erfurt erwies sich am Wochenende im kleineren Rahmen als ein Testfall für die deutsche Demokratie. Bis zu 50.000 Demonstranten waren in der Hauptstadt Thüringens auf den Beinen, … [+4819 chars]",,de,'Russland'
https://www.focus.de/finanzen/news/china-bietet-russen-oel-fuer-0-85-us-dollar-an-putin-gibt-engpaesse-zu_4ec81386-a2ad-49dc-80c5-78512e7fa7c3.html,https://www.focus.de/finanzen/news/china-bietet-russen-oel-fuer-0-85-us-dollar-an-putin-gibt-engpaesse-zu_4ec81386-a2ad-49dc-80c5-78512e7fa7c3.html,0,www.focus.de,"China bietet Russen Öl für 0,85 US-Dollar an – Putin gibt Engpässe zu","Russische Autofahrer suchen sich verstärkt Tankstellen im Ausland, um vollzutanken. In Russland bestehen erhebliche Engpässe.","https://quadro.burda-forward.de/ctf/222b003f-d6d9-463d-ba23-2de5e7fd0f3a.a734cb61-b003-4570-83e3-264a6fb5175f.jpg?im=RegionOfInterestCrop=(1200,630),regionOfInterest=(873,443)&hash=e16bba29ee642c510255b9d155d16209d01695240dbfb47bca51a76781088588",2026-07-06T14:09:00Z,,"Bewohner der russischen Region Transbaikalien haben offenbar das Angebot erhalten, ihre Fahrzeuge zum Auftanken über die Grenze nach China zu bringen. Das Reich der Mitte hat von den Kraftstoffengpäs… [+3419 chars]",,de,'Russland'
https://www.zeit.de/politik/ausland/2026-07/ukraine-krieg-kyjiw-ballistische-raketen-patriot-flugabwehr-verhandlungen-nato-gipfel,https://www.zeit.de/politik/ausland/2026-07/ukraine-krieg-kyjiw-ballistische-raketen-patriot-flugabwehr-verhandlungen-nato-gipfel,0,www.zeit.de,Russische Raketenangriffe: Was das Flugabwehr-Problem der Ukraine für den Krieg bedeutet,"Russland greift Kyjiw mit 23 ballistischen Raketen an, keine davon wird abgewehrt. Damit setzt sich ein Trend fort, der Hoffnungen auf ein baldiges Kriegsende schmälert.",https://img.zeit.de/politik/ausland/2026-07/ukraine-krieg-kyjiw-ballistische-raketen-patriot-flugabwehr-verhandlungen-nato-gipfel-bild/wide__1300x731,2026-07-06T14:48:56Z,,Binnen weniger Tage hat Russland die ukrainische Hauptstadt zwei großen Luftangriffen unterzogen. Zwischen Donnerstag und dem heutigen Montag setzte das russische Militär bei Angriffen auf die Ukrain… [+9736 chars],,de,'Russland'
https://www.bild.de/sport/mehr-sport/boxen-hamburger-peter-kadiru-bekommt-ploetzlich-wm-chance-im-schwergewicht-6a4b8de7d38ff307b9185cfc,https://www.bild.de/sport/mehr-sport/boxen-hamburger-peter-kadiru-bekommt-ploetzlich-wm-chance-im-schwergewicht-6a4b8de7d38ff307b9185cfc,0,www.bild.de,Peter Kadiru kann Weltmeister werden - Deutscher Boxer bekommt plötzlich Mega-Chance,Peter Kadiru erhält kurzfristig einen WM-Kampf im Schwergewicht gegen Murat Gassiev.,"https://images.bild.de/6a4b8de7d38ff307b9185cfc/98de676ffe2f7d618d842be2992e24d8,675ead5d?w=1280",2026-07-06T14:51:09Z,,TTS-Player überspringenArtikel weiterlesenDas ist eine einmalige Möglichkeit! BILD erfuhr exklusiv: Peter Kadiru (29) wird am Samstag um die WBA-Weltmeisterschaft im Schwergewicht boxen. Der Hamburge… [+2021 chars],,de,'Russland'
https://www.n-tv.de/politik/China-feuert-Rakete-in-den-Pazifik-Nachbarstaaten-ueben-Kritik-id31054222.html,https://www.n-tv.de/politik/China-feuert-Rakete-in-den-Pazifik-Nachbarstaaten-ueben-Kritik-id31054222.html,0,www.n-tv.de,Marineübung mit Russland startet: China feuert Rakete in den Pazifik - Nachbarstaaten üben Kritik,"Von einem U-Boot aus feuert China eine Rakete in den Pazifik, während zugleich ein Manöver mit Moskau startet. Anrainerstaaten wie Australien und Neuseeland äußern scharfe Kritik. Peking wiederum fordert, den Test nicht überzuinterpretieren.",https://www.n-tv.de/img/31054231/1783354763/Img_16_9/1200/260706-BEIJING-July-6-2026-Xinhua-This-photo-taken-on-July-6-2026-shows-the-moment-of-a-strategic-missile-launched-by-a-strategic-nuclear-submarine-of-the-Chinese-People-s-Liberation-Army-PLA-Navy-bursting-out-of-the-water-surface-The-Chinese-People-s-Liberation-Army-PLA-Navy-on-Monday-successfully-conducted-the-test-launch-of-a-strategic-missile-by-a-submarine-The-PLA-Navy-said-that-one-strategic-nuclear-submarine-of-the-navy-successfully-launched-a-strategic-missile-carrying-a-dummy-warhead-toward-relevant-high-seas-of-the-Pacific-Ocean-at-12-01-p-m-which-landed-precisely-within-the-designated-waters-The-test-launch-is-a-routine-arrangement-of-the-annual-training-of-the-PLA-Navy-the-navy-said-adding-that-the-Chinese-side-has-already-notified-relevant-countries-in-advance-The-test-launch-complies-with-international-law-and-international-practice-and-is-not-directed-at-any-specific-country-or-target-the-navy-said.jpg,2026-07-06T15:04:07Z,,"Marineübung mit Russland startetChina feuert Rakete in den Pazifik - Nachbarstaaten üben Kritik
Nach Angaben eines Militärexperten könnte es sich bei der Rakete um eine JL-3 oder JL-2 handeln. (Foto… [+4547 chars]",,de,'Russland'
https://www.nzz.ch/deutschland/politik/die-bundeswehr-wagt-eine-raschere-beschaffung-von-waffensystemen-doch-allein-dadurch-wird-sie-noch-nicht-kriegstuechtig-ld.10014256,https://www.nzz.ch/deutschland/politik/die-bundeswehr-wagt-eine-raschere-beschaffung-von-waffensystemen-doch-allein-dadurch-wird-sie-noch-nicht-kriegstuechtig-ld.10014256,0,www.nzz.ch,"Die Bundeswehr wagt eine raschere Beschaffung von Waffensystemen, doch allein dadurch wird sie noch nicht kriegstüchtig","Während die Ukraine ihren Überlebenskampf durch rasante Innovationen bestreitet, reagiert nun auch Deutschland und kauft für Milliarden «Loitering Munition». Die wahre Herausforderung liegt aber im nächsten Schritt.","https://img-msp-prod.nzz.ch/2026/07/06/ff50da2c-be1d-4a14-94bc-b53e7d10a01d.jpg?width=1200&height=675&fit=bounds&quality=75&auto=webp&crop=8256,4644,x0,y430&wmark=nzz",2026-07-07T04:00:00Z,,"Während die Ukraine ihren Überlebenskampf durch rasante Innovationen bestreitet, reagiert nun auch Deutschland und kauft für Milliarden «Loitering Munition». Die wahre Herausforderung liegt aber im n… [+7179 chars]",,de,'Ukraine'
https://www.faz.net/aktuell/politik/ukraine/die-ukrainische-drohnenblockade-der-krim-zeigt-wirkung-200974708.html,https://www.faz.net/aktuell/politik/ukraine/die-ukrainische-drohnenblockade-der-krim-zeigt-wirkung-200974708.html,0,www.faz.net,„Logistischer Lockdown“: Die Ukraine schlägt Russland mit einer russischen Taktik,"Ukrainische Drohnen greifen Russlands wichtigste Nachschubroute auf die Krim an. Damit Kiew seinen Vorteil weiter nutzen kann, braucht es westliche Hilfe.",https://media0.faz.net/image/w1200h627/6483dc3305a6/w3000h1567x0y165o/202606/43601.0.2206532942/ein-ukrainischer-soldat.webp,2026-07-07T04:53:29Z,,Die Mission Logistischer Lockdown ist ein Erfolg. Spätestens seit Mai nehmen ukrainische Drohnenpiloten systematisch russische Nachschubwege ins Visier und das in einem bislang nicht gekannten Ausmaß… [+4938 chars],,de,'Ukraine'
https://www.faz.net/premium/meine-finanzen/vermoegensaufbau/finanzberatung-was-sie-leisten-kann-und-was-nicht-accg-201001252.html,https://www.faz.net/premium/meine-finanzen/vermoegensaufbau/finanzberatung-was-sie-leisten-kann-und-was-nicht-accg-201001252.html,0,www.faz.net,Provision oder Honorar: Was Finanzberatung leisten kann – und was nicht,"Für eine Finanzberatung Geld zu bezahlen, lohnt sich nicht für alle: Wer nur seine eigene Meinung bestätigt haben will, kann sich die Kosten auch gleich sparen.",https://media0.faz.net/image/w1200h627/ee31ab2b3042/w2804h1465x0y202o/202607/43601.0.2304931545/wer-langfristig-vermoegen.webp,2026-07-07T05:47:32Z,,"Mit welcher Erwartung wird eine Finanzberatung in Anspruch genommen? Dies hängt von der Beratung ab. Wer eine kostenlose, also provisionsbasierte Beratung in Anspruch nimmt, wird wissen, dass der Ber… [+452 chars]",,de,'Geld sparen'
https://www.faz.net/aktuell/karriere-hochschule/russian-studies-in-kiew-ukrainer-erforschen-russland-in-zeiten-des-krieges-accg-200981138.html,https://www.faz.net/aktuell/karriere-hochschule/russian-studies-in-kiew-ukrainer-erforschen-russland-in-zeiten-des-krieges-accg-200981138.html,0,www.faz.net,„Russian Studies“: Russland erforschen in Zeiten des Krieges,Zwei ukrainische Wissenschaftler bieten in Kooperation mit dem Militärgeheimdienst in Kiew Kurse zur Erforschung Russlands an. Die Ausbildung soll auch einen Beitrag zum Sieg der Ukraine leisten.,https://media0.faz.net/image/w1200h627/f1212580cfb5/w1600h836x0y115o/202606/2b0a91fa-5daf-47c5-93f7-93b7cadadc58/die-mohyla-akademie-in-kiew.webp,2026-07-07T08:42:07Z,,"Während auf Kiew Bomben fallen, sitzen ukrainische Studenten im Bunker der Mohyla-Akademie und befassen sich mit den Hintergründen der russischen Aggression. Maksym Jakowljew, Professor am Lehrstuhl … [+5255 chars]",,de,'Russland'
https://www.welt.de/vermischtes/article6a4cbfb66a7f426d55f8b076/bremen-maenner-beten-im-kinosaal-zeugen-sehen-verdaechtige-tasche-polizei-evakuiert-gebaeude.html,https://www.welt.de/vermischtes/article6a4cbfb66a7f426d55f8b076/bremen-maenner-beten-im-kinosaal-zeugen-sehen-verdaechtige-tasche-polizei-evakuiert-gebaeude.html,0,www.welt.de,"Männer beten im Kinosaal, Zeugen sehen verdächtige Tasche – Polizei evakuiert Gebäude","Aus Angst vor einem Anschlag hat am Samstagabend ein Kinobetreiber in Bremen die Polizei gerufen. Zuvor hatten sich Zeugen an die Mitarbeiter gewandt, weil sie vier Männer mit einer Tasche sahen, aus der Kabel herausragten.",https://images.welt.de/6a4cbfb66a7f426d55f8b076/9f6510e14dc05f14eec85c092018dacc-master/ci16x9-w1200/535880003-jpg,2026-07-07T09:46:43Z,,"Aus Angst vor einem Anschlag hat am Samstagabend ein Kinobetreiber in Bremen die Polizei gerufen. Zuvor hatten sich Zeugen an die Mitarbeiter gewandt, weil sie vier Männer mit einer Tasche sahen, aus… [+1562 chars]",,de,'Angst'
https://www.prnewswire.com/news-releases/rainbowco-erweitert-seine-kompetenzen-im-bereich-offshore-windkraft-fundamente-dank-bewahrter-globaler-projektabwicklungserfahrung-302819393.html,https://www.prnewswire.com/news-releases/rainbowco-erweitert-seine-kompetenzen-im-bereich-offshore-windkraft-fundamente-dank-bewahrter-globaler-projektabwicklungserfahrung-302819393.html,0,www.prnewswire.com,Rainbowco erweitert seine Kompetenzen im Bereich Offshore-Windkraft-Fundamente dank bewährter globaler Projektabwicklungserfahrung,"QIDONG, China, 7. Juli 2026 /PRNewswire/ -- Nantong Rainbow Offshore & Engineering Equipment Co., Ltd. (ROC), eine hundertprozentige Tochtergesellschaft der Rainbowco Jiangsu Rainbow Heavy Industries Co., Ltd. (RHI) (SZSE: 002483) baut seine Position im Berei…",https://mmx.prnewswire.com/media/MS1877898/043c8c70fb364f1fa9c614a47a0a83db.jpg?id=OA2752911&p=facebook,2026-07-07T11:17:00Z,,"QIDONG, China, 7. Juli 2026 /PRNewswire/ -- Nantong Rainbow Offshore &amp; Engineering Equipment Co., Ltd. (ROC), eine hundertprozentige Tochtergesellschaft der Rainbowco Jiangsu Rainbow Heavy Indust… [+2859 chars]",,de,'Windkraft'
https://www.zeit.de/2026/29/klimawandel-finanzen-inflation-zentralbanken-sabine-mauderer,https://www.zeit.de/2026/29/klimawandel-finanzen-inflation-zentralbanken-sabine-mauderer,0,www.zeit.de,"Klimawandel und Finanzen: »Wir müssen verstehen, was der Klimawandel für die Preise bedeutet«","Hitzewellen und Überschwemmungen gefährden nicht nur Ökosysteme, sagt Sabine Mauderer, die Vizepräsidentin der Bundesbank. Wie extremes Wetter die Inflation treibt.",https://img.zeit.de/2026/29/wir-muessen-besser-verstehen-was-der-klimawandel-fuer-die-preise-bedeutet-bild-3/wide__1300x731,2026-07-07T15:00:27Z,,"Sabine Mauderer ist seit 2018 im Vorstand der Deutschen Bundesbank. Bis Juni 2026 leitete sie außerdem ein internationales Netzwerk, in dem sich Notenbanken und Finanzaufsichtsbehörden mit den Folgen… [+816 chars]",,de,'Inflation'
https://www.zeit.de/news/2026-07/07/ioc-hebt-sanktionen-gegen-russland-vorerst-auf,https://www.zeit.de/news/2026-07/07/ioc-hebt-sanktionen-gegen-russland-vorerst-auf,0,www.zeit.de,Sportpolitik: IOC hebt Sanktionen gegen Russland vorerst auf,Hier finden Sie Informationen zu dem Thema „Sportpolitik“. Lesen Sie jetzt „IOC hebt Sanktionen gegen Russland vorerst auf“.,https://img.zeit.de/news/2026-07/07/ioc-hebt-sanktionen-gegen-russland-vorerst-auf-image-group/wide__1300x731,2026-07-07T15:06:02Z,,Das IOC hebt die Sanktionen gegen russische Sportlerinnen und Sportler vorerst weitgehend auf. Die bisher geltenden Beschränkungen für die Teilnahme von Russen an internationalen Wettbewerben seien a… [+1891 chars],,de,'Russland'
https://www.zeit.de/2026/29/zensur-russland-literatur-buecher-bibliotheken,https://www.zeit.de/2026/29/zensur-russland-literatur-buecher-bibliotheken,0,www.zeit.de,Zensur in Russland: »Am besten den ganzen Verlag verbrennen«,"Der russische Staat verbannt Bücher und macht die Literatur zu seinem größten Feind. Unter Verlagen, Autoren und Lesern herrscht nackte Angst.",https://img.zeit.de/2026/29/-2-bild-2/wide__1300x731,2026-07-07T17:34:20Z,,"Filipp Dzyadko, 1982 in Moskau geboren, ist TV-Moderator und Schriftsteller; er lebt in Deutschland im Exil.
Alexander Estis, 1986 in Moskau geboren, lebt als Schriftsteller in der Schweiz.
Einen M… [+593 chars]",,de,'Angst'
https://www.tagesschau.de/inland/innenpolitik/heizungsgesetz-aenderungen-foerdergeld-100.html,https://www.tagesschau.de/inland/innenpolitik/heizungsgesetz-aenderungen-foerdergeld-100.html,0,www.tagesschau.de,Weniger Förderung: Wieder Änderungen im Heizkeller,Die Koalition muss sparen - und will das auch bei der Förderung von klimafreundlichen Heizungen tun. Weniger Geld gibt es vor allem für Haushalte mit hohem Einkommen. Zudem wird der Einbau neuer Öl- und Gasheizungen wieder erlaubt. Von Jakob Mayr.,https://images.tagesschau.de/image/d8b5a7e4-49ed-4daa-8453-7287a92960dc/AAABnhyv194/AAABnSSvrFg/16x9-big/heizungsbauer-keller-100.jpg?width=1280,2026-07-07T18:28:36Z,,"Stand: 07.07.2026 20:28 Uhr
Die Koalition muss sparen - und will das auch bei der Förderung von klimafreundlichen Heizungen tun. Weniger Geld gibt es vor allem für Haushalte mit hohem Einkommen. Zud… [+4142 chars]",,de,'Geld sparen'
https://www.zeit.de/news/2026-07/07/usa-setzen-iranische-oelsanktionen-wieder-in-kraft,https://www.zeit.de/news/2026-07/07/usa-setzen-iranische-oelsanktionen-wieder-in-kraft,0,www.zeit.de,Iran-Krieg: USA setzen iranische Ölsanktionen wieder in Kraft,Hier finden Sie Informationen zu dem Thema „Iran-Krieg“. Lesen Sie jetzt „USA setzen iranische Ölsanktionen wieder in Kraft“.,https://img.zeit.de/news/2026-07/07/usa-setzen-iranische-oelsanktionen-wieder-in-kraft-image-group/wide__1300x731,2026-07-07T19:48:01Z,,"Die USA haben die zuvor gelockerten Sanktionen auf iranisches Öl wieder in Kraft gesetzt. Eine vor gut zwei Wochen erteilte Ausnahmegenehmigung werde wieder zurückgenommen, teilte das US-Finanzminist… [+1955 chars]",,de,'Krieg'
https://orf.at/stories/3435571/,https://orf.at/stories/3435571/,0,orf.at,Kämpfe an den Fronten der Ukraine dauern an,,https://orf.at/mojo/1_4_1/storyserver//news/common/images/og-fallback-news.png,2026-07-07T20:04:06Z,,Die Kämpfe entlang der Fronten im Südosten der Ukraine dauern in unverminderter Heftigkeit an. Der Generalstab der ukrainischen Streitkräfte sprach heute in seinem abendlichen Lagebericht von insgesa… [+1048 chars],,de,'Kämpfe'
https://www.nzz.ch/international/krieg-in-der-ukraine-kaempfe-an-den-fronten-der-ukraine-dauern-an-grossangriff-auf-moskau-schaeden-in-russischen-regionen-ld.10009803,https://www.nzz.ch/international/krieg-in-der-ukraine-kaempfe-an-den-fronten-der-ukraine-dauern-an-grossangriff-auf-moskau-schaeden-in-russischen-regionen-ld.10009803,0,www.nzz.ch,"LIVE-TICKER - Krieg in der Ukraine: Kämpfe an den Fronten der Ukraine dauern an +++ Grossangriff auf Moskau, Schäden in russischen Regionen",Seit über vier Jahren führt Russland Krieg gegen die Ukraine. Die wichtigsten News und aktuelle Entwicklungen im Liveticker.,"https://img-msp-prod.nzz.ch/2026/06/26/372e0865-e6c7-4b5a-8243-fbf3eea269d9.jpg?width=1200&height=675&fit=bounds&quality=75&auto=webp&crop=5500,3094,x0,y166&wmark=nzz",2026-07-07T20:08:21Z,,Bei einem nächtlichen russischen Angriff auf Kiew und die umliegende Region sind laut ukrainischen Angaben mindestens zehn Personen getötet und mindestens 56 weitere verletzt worden. Wie der «Kyiv In… [+1177 chars],,de,'Kämpfe'
https://www.diepresse.com/35796524/ukraine-kaempfe-an-den-verschiedenen-fronten-dauern-an,https://www.diepresse.com/35796524/ukraine-kaempfe-an-den-verschiedenen-fronten-dauern-an,0,www.diepresse.com,Ukraine: Kämpfe an den verschiedenen Fronten dauern an,Der Schwerpunkt der Kämpfe zwischen der Ukraine und Russland liegt bei Pokrowsk im Industrierevier Donbass.,https://img.diepresse.com/public/incoming/i59tuh-ukraine-crisispokrovsk/alternates/WEBP_WIDE_1200/UKRAINE-CRISISPOKROVSK,2026-07-08T05:05:18Z,,"Die Presse auf Google als bevorzugte Nachrichtenquelle hinzufügen.
 Die Kämpfe entlang der Fronten im Südosten der Ukraine dauern in unverminderter Heftigkeit an. Der Generalstab der ukrainischen St… [+1481 chars]",,de,'Russland'
https://www.golem.de/sonstiges/zustimmung/auswahl.html?from=https://www.golem.de/news/abwehrfaehigkeiten-fehlen-russland-soll-drohnenfluege-ueber-europa-mit-schattenflotte-steuern-2607-210617.html&referer=https://t.co/9fb6117e56,https://www.golem.de/sonstiges/zustimmung/auswahl.html?from=https://www.golem.de/news/abwehrfaehigkeiten-fehlen-russland-soll-drohnenfluege-ueber-europa-mit-schattenflotte-steuern-2607-210617.html&referer=https://t.co/9fb6117e56,0,www.golem.de,Abwehrfähigkeiten fehlen: Russland soll Drohnenflüge über Europa mit Schattenflotte steuern,"Eine neue Analyse bringt verdächtige Drohnensichtungen quer durch Europa mit russischen Tankschiffen in Verbindung. (Drohne, Industrieanlage)",,2026-07-08T05:52:01Z,,"Besuchen Sie Golem.de wie gewohnt mit Werbung und Tracking,
 indem Sie der Nutzung aller Cookies zustimmen.
 Details zum Tracking finden Sie im Privacy Center.
Skript wurde nicht geladen. Informat… [+607 chars]",,de,'Russland'
https://www.golem.de/sonstiges/zustimmung/auswahl.html?from=https://www.golem.de/news/praxistest-laeuft-autonome-us-militaerfahrzeuge-im-ukraine-einsatz-2607-210616.html&referer=https://t.co/88630292e2,https://www.golem.de/sonstiges/zustimmung/auswahl.html?from=https://www.golem.de/news/praxistest-laeuft-autonome-us-militaerfahrzeuge-im-ukraine-einsatz-2607-210616.html&referer=https://t.co/88630292e2,0,www.golem.de,Praxistest läuft: Autonome US-Militärfahrzeuge im Ukraine-Einsatz,"Mehr als 100 selbstfahrende Fahrzeuge des US-Herstellers Forterra sind seit neun Monaten in der Ukraine im Einsatz. (Militär, Politik)",,2026-07-08T05:59:02Z,,"Besuchen Sie Golem.de wie gewohnt mit Werbung und Tracking,
 indem Sie der Nutzung aller Cookies zustimmen.
 Details zum Tracking finden Sie im Privacy Center.
Skript wurde nicht geladen. Informat… [+607 chars]",,de,'Ukraine'
https://www.tagesspiegel.de/wirtschaft/weniger-windkraft-auf-see-enbw-chef-fordert-korrektur-bei-windkraft-ausbauzielen-15815847.html,https://www.tagesspiegel.de/wirtschaft/weniger-windkraft-auf-see-enbw-chef-fordert-korrektur-bei-windkraft-ausbauzielen-15815847.html,0,www.tagesspiegel.de,Weniger Windkraft auf See?: EnBW-Chef fordert Korrektur bei Windkraft-Ausbauzielen,"Steigende Kosten, teure Technik: Der EnBW-Chef fordert, beim Windkraft-Ausbau auf See vorerst auf die Bremse zu treten. Warum er weniger für mehr hält.",https://www.tagesspiegel.de/images/15815846/alternates/BASE_16_9_W1400/1783493048000/windpark-in-der-nordsee.jpeg,2026-07-08T06:44:08Z,,"Die Energie Baden-Württemberg (EnBW) fordert die Bundesregierung auf, ihre Ausbauziele für die Windkraft in Nord- und Ostsee zu überdenken. Vorstandschef Georg Stamatelopoulos sagte der Frankfurter A… [+1612 chars]",,de,'Windkraft'
https://www.faz.net/aktuell/politik/ukraine/ukraine-liveticker-merz-auf-nato-gipfel-russland-hat-keine-chance-faz-110683325.html,https://www.faz.net/aktuell/politik/ukraine/ukraine-liveticker-merz-auf-nato-gipfel-russland-hat-keine-chance-faz-110683325.html,0,www.faz.net,Liveblog Ukrainekrieg: Merz: Russland hat keine Chance,Bundeskanzler kündigt weitere Unterstützung für die Ukraine an +++ Kreml  nennt ukrainische Angrifffe „sehr gefährlich“ +++ Russland greift Kiew wieder mit ballistischer Rakete an +++ alle Neuigkeiten im Liveblog,https://media0.faz.net/image/w1200h627/989e039a7414/w6000h3135x0y120o/202607/43601.0.2312172348/bundeskanzler-friedrich-merz.webp,2026-07-08T10:29:00Z,,Im Fall des Anschlags auf den ehemaligen ukrainischen Geschäftsmann Wadim Jermolajew und dessen Familie in Monaco ist die Hauptverdächtige tot. Die 39 Jahre alte  Anastasija Beresowska sei am Montag … [+1981 chars],,de,'Ukraine'
https://www.zeit.de/news/2026-07/08/nato-staaten-versprechen-ukraine-bei-gipfel-milliardenbetrag,https://www.zeit.de/news/2026-07/08/nato-staaten-versprechen-ukraine-bei-gipfel-milliardenbetrag,0,www.zeit.de,Nato: Nato-Staaten versprechen Ukraine bei Gipfel Milliardenbetrag,Hier finden Sie Informationen zu dem Thema „Nato“. Lesen Sie jetzt „Nato-Staaten versprechen Ukraine bei Gipfel Milliardenbetrag“.,https://img.zeit.de/administratives/sharing/fallback-image-die-zeit/wide__1300x731,2026-07-08T12:39:08Z,,"Die von Russland angegriffene Ukraine hat beim Nato-Gipfel in Ankara eine neue Zusage für milliardenschwere Militärhilfen erhalten. Für dieses Jahr sagen Verbündete 70 Milliarden Euro für Ausrüstung,… [+249 chars]",,de,'Ukraine'
https://www.faz.net/aktuell/sport/sportpolitik/ioc-laedt-russen-ein-diktatoren-und-kriegsherren-bleiben-im-spiel-201010101.html,https://www.faz.net/aktuell/sport/sportpolitik/ioc-laedt-russen-ein-diktatoren-und-kriegsherren-bleiben-im-spiel-201010101.html,0,www.faz.net,IOC beugt sich Russland: Diktatoren und Kriegsherren bleiben im Spiel,"Während Putin die Ukraine bombardiert, macht das IOC den Weg frei für die Rückkehr seiner Sportler zu Olympischen Spielen. Der deutsche Sport spielt mit – als Opportunist.",https://media0.faz.net/image/w1200h627/6472120f8f59/w2585h1350x122y52o/202512/43601.0.1600800286/fahne-gehisst-das-ioc-zeigt.webp,2026-07-08T13:10:08Z,,"In der Nacht, die auf den Nachmittag folgte, an dem die Präsidentin des Internationalen Olympischen Komitees (IOC), Kirsty Coventry, verkündete, dass ihre Organisation den Sportlerinnen und Sportlern… [+2897 chars]",,de,'Krieg'
https://www.faz.net/aktuell/politik/ukraine/versteckt-putin-seine-yacht-graceful-vor-selenskyjs-drohnen-201009528.html,https://www.faz.net/aktuell/politik/ukraine/versteckt-putin-seine-yacht-graceful-vor-selenskyjs-drohnen-201009528.html,0,www.faz.net,Im hohen Norden: Versteckt Putin seine Yacht vor Selenskyjs Drohnen?,"Die Luxusyacht „Graceful“, die Putin zugeschrieben wird, liegt nun bei Murmansk. Sicher vor ukrainischen Angriffen ist sie dort aber nicht, sagen Fachleute.",https://media0.faz.net/image/w1200h627/fda4f4b1bcc7/w3337h1743x244y161o/202203/43600.0.803919861/inklusive-salz-und.webp,2026-07-08T17:24:39Z,,"Die russische Luxusyacht Graceful, die Wladimir Putin zugerechnet wird, liegt mittlerweile in einem Hafen im Gebiet Murmansk. Das berichtet das dänische Fernsehen unter Berufung auf Satellitenfotos. … [+5925 chars]",,de,'Putin'
https://www.faz.net/aktuell/politik/ukraine/ukrainische-drohnen-greifen-russische-raffinerien-an-201009611.html,https://www.faz.net/aktuell/politik/ukraine/ukrainische-drohnen-greifen-russische-raffinerien-an-201009611.html,0,www.faz.net,Ukrainische Angriffe: Selbst Raffinerien in Sibirien sind nicht mehr sicher,Sechzehn russische Raffinerien hat die Ukraine in diesem Jahr schon mehrfach attackiert. Die Drohnen legen immer größere Entfernungen zurück.,https://media0.faz.net/image/w1200h627/048645142574/w2558h1336x0y52o/202607/43601.0.2307002677/in-omsk-am-montag-ein-brand.webp,2026-07-08T19:32:11Z,,"Die Serie ukrainischer Drohnenangriffe auf russische Raffinerien reißt nicht ab. In der Nacht auf Mittwoch brach im Ölverarbeitungswerk von Saratow an der Wolga, das dem Konzern Rosneft gehört, ein B… [+4599 chars]",,de,'Ukraine'
https://www.tagesschau.de/wirtschaft/unternehmen/vw-aufsichtsrat-sparprogramm-100.html,https://www.tagesschau.de/wirtschaft/unternehmen/vw-aufsichtsrat-sparprogramm-100.html,0,www.tagesschau.de,VW-Sparpläne sorgen in Region für Existenzängste,In Wolfsburg trifft sich heute der Aufsichtsrat von VW. Auf der Tagesordnung steht das größte Sparprogramm der Konzerngeschichte. In den betroffenen Regionen wächst die Sorge vor den Folgen. Von M. Weidner und T. Niemann.,https://images.tagesschau.de/image/2256d58b-3d55-41df-bc1d-dee4d530aaad/AAABn0Gs8kA/AAABnSSvrFg/16x9-big/vw-zwickau-140.jpg?width=1280,2026-07-09T01:46:39Z,,"Stand: 09.07.2026 03:46 Uhr
In Wolfsburg trifft sich heute der Aufsichtsrat von VW. Auf der Tagesordnung steht das größte Sparprogramm der Konzerngeschichte. In den betroffenen Regionen wächst die S… [+5714 chars]",,de,'Existenzängste'
https://www.faz.net/premium/weltwirtschaft/weltwissen/ukraine-im-krieg-warum-deutsche-unternehmen-bleiben-accg-201003119.html,https://www.faz.net/premium/weltwirtschaft/weltwissen/ukraine-im-krieg-warum-deutsche-unternehmen-bleiben-accg-201003119.html,0,www.faz.net,Ukraine: „Die Unternehmen kommen mit dem Krieg relativ gut zurecht“,Russlands Angriff hat deutsche Unternehmen nicht aus der Ukraine vertrieben. Im Gegenteil: viele investieren. Die Hoffnung auf Frieden ist nur ein Grund.,https://media0.faz.net/image/w1200h627/d34d6f2de0c0/w6144h3210x0y443o/202607/43601.0.2293547225/noch-liegt-der-wiederaufbau-in.webp,2026-07-09T04:50:00Z,,"Die Lage der ukrainischen Wirtschaft bleibt auch im fünften Kriegsjahr angespannt: Das Wachstum fällt wieder geringer aus als erwartet, die Wirtschaftskraft liegt bei etwa vier Fünfteln des Vorkriegs… [+436 chars]",,de,'Krieg'
https://www.tagesschau.de/wirtschaft/finanzen/marktberichte/marktbericht-dax-dow-boerse-110.html,https://www.tagesschau.de/wirtschaft/finanzen/marktberichte/marktbericht-dax-dow-boerse-110.html,0,www.tagesschau.de,DAX auf Erholungskurs,"An den Börsen stehen heute erneut die Kämpfe im Nahen Osten im Fokus. Noch reagieren die Anleger gelassen, sie rechnen mit einer Einigung. Der DAX wird erholt erwartet.",https://images.tagesschau.de/image/86f7dba7-5f0a-4b4b-b654-194c3fd83baa/AAABlR1x0-U/AAABnSSvrFg/16x9-big/boerse-388.jpg?width=1280,2026-07-09T05:41:03Z,,"Stand: 09.07.2026 07:41 Uhr
An den Börsen stehen heute erneut die Kämpfe im Nahen Osten im Fokus. Noch reagieren die Anleger gelassen, sie rechnen mit einer Einigung. Der DAX wird erholt erwartet. … [+4041 chars]",,de,'Kämpfe'
https://www.golem.de/sonstiges/zustimmung/auswahl.html?from=https://www.golem.de/news/apex-recordhunter-quantum-systems-stellt-drohnen-geschwindigkeitsrekord-auf-2607-210620.html&referer=https://t.co/c25e617184,https://www.golem.de/sonstiges/zustimmung/auswahl.html?from=https://www.golem.de/news/apex-recordhunter-quantum-systems-stellt-drohnen-geschwindigkeitsrekord-auf-2607-210620.html&referer=https://t.co/c25e617184,0,www.golem.de,Apex Recordhunter: Quantum Systems stellt Drohnen-Geschwindigkeitsrekord auf,"Eine elektrisch angetriebene Drohne mit 699 km/h und zwei geplante Rekordversuche in der Ukraine: Quantum Systems treibt seine Rekordambitionen voran. (Drohne, Politik)",,2026-07-09T05:45:01Z,,"Besuchen Sie Golem.de wie gewohnt mit Werbung und Tracking,
 indem Sie der Nutzung aller Cookies zustimmen.
 Details zum Tracking finden Sie im Privacy Center.
Skript wurde nicht geladen. Informat… [+607 chars]",,de,'Ukraine'
https://www.zeit.de/politik/ausland/2026-07/krieg-sudan-el-obeid-drohnen-5vor8,https://www.zeit.de/politik/ausland/2026-07/krieg-sudan-el-obeid-drohnen-5vor8,0,www.zeit.de,"Krieg im Sudan: Kein Grund, den Krieg zu beenden","Der Zermürbungskrieg um El Obeid im Sudan kann noch Monate dauern. Eigentlich genug Zeit, um das Schlimmste zu verhindern. Doch der Rest der Welt hat andere Interessen.",https://img.zeit.de/politik/ausland/2026-07/2279489565-bild/wide__1300x731,2026-07-09T05:53:37Z,,"Inhalt
Auf einer Seite lesen
 Inhalt
<ol><li>Seite 1Kein Grund, den Krieg zu beenden
</li><li>Seite 2Kollateralschaden der neuen geostrategischen Umbrüche</li></ol>
Sunflower 200. Der Name würde… [+4567 chars]",,de,'Krieg'
https://www.zeit.de/news/2026-07/09/erneut-oelanlagen-in-russland-unter-beschuss,https://www.zeit.de/news/2026-07/09/erneut-oelanlagen-in-russland-unter-beschuss,0,www.zeit.de,Drohnenkrieg: Erneut Ölanlagen in Russland unter Beschuss,Hier finden Sie Informationen zu dem Thema „Drohnenkrieg“. Lesen Sie jetzt „Erneut Ölanlagen in Russland unter Beschuss“.,https://img.zeit.de/news/2026-07/09/erneut-oelanlagen-in-russland-unter-beschuss-image-group/wide__1300x731,2026-07-09T07:50:42Z,,Ukrainische Kampfdrohnen haben in der Nacht zwei Öldepots in Russland in Brand gesetzt. «In der vergangenen Nacht ist in Twer infolge der Abwehr eines Drohnenangriffs ein Feuer in einem der Reservoir… [+1224 chars],,de,'Russland'
https://www.zeit.de/news/2026-07/09/was-nuetzen-der-ukraine-die-beschluesse-auf-dem-nato-gipfel,https://www.zeit.de/news/2026-07/09/was-nuetzen-der-ukraine-die-beschluesse-auf-dem-nato-gipfel,0,www.zeit.de,Russischer Angriffskrieg: Was nützen der Ukraine die Beschlüsse auf dem Nato-Gipfel?,Hier finden Sie Informationen zu dem Thema „Russischer Angriffskrieg“. Lesen Sie jetzt „Was nützen der Ukraine die Beschlüsse auf dem Nato-Gipfel?“.,https://img.zeit.de/news/2026-07/09/was-nuetzen-der-ukraine-die-beschluesse-auf-dem-nato-gipfel-image-group/wide__1300x731,2026-07-09T10:11:47Z,,Der ukrainische Präsident Wolodymyr Selenskyj kehrt mit vielen Zusagen vom Nato-Gipfeltreffen in Ankara zurück. Das westliche Bündnis hat seine Unterstützung für die von Russland angegriffene Ukraine… [+4532 chars],,de,'Ukraine'
https://www.welt.de/wirtschaft/video6a4f74a9fe4170d03593b405/job-abbau-nur-schwer-zu-verkraften-vw-sparplaene-sorgen-in-region-fuer-existenzaengste.html,https://www.welt.de/wirtschaft/video6a4f74a9fe4170d03593b405/job-abbau-nur-schwer-zu-verkraften-vw-sparplaene-sorgen-in-region-fuer-existenzaengste.html,0,www.welt.de,„Nur schwer zu verkraften“ – VW-Sparpläne sorgen in Region für Existenzängste,"VW steht vor Sparmaßnahmen, Tausende Jobs sind bedroht. „Wir müssen da jetzt absoluten Druck aufbauen, auch auf Brüssel“, sagt Tobias Vogt, Vorsitzender der CDU-Landtagsfraktion Baden-Württemberg.",https://images.welt.de/6a4f74a9fe4170d03593b405/a3b46754fd198ce9e9f378e3c6ec9fe2/ci16x9-w1200/vogt-png,2026-07-09T10:41:30Z,,"VW steht vor Sparmaßnahmen, Tausende Jobs sind bedroht. Wir müssen da jetzt absoluten Druck aufbauen, auch auf Brüssel, sagt Tobias Vogt, Vorsitzender der CDU-Landtagsfraktion Baden-Württemberg.
© A… [+54 chars]",,de,'Existenzängste'
https://www.zeit.de/sport/2026-07/ausschluss-russische-athleten-world-athletics-cas,https://www.zeit.de/sport/2026-07/ausschluss-russische-athleten-world-athletics-cas,0,www.zeit.de,Leichtathletik: Russland zieht wegen Sperre im Leichtathletik vor Sportgerichtshof Cas,Russische Leichtathleten dürfen seit Beginn des Ukraine-Kriegs nur als neutrale Sportler ohne Flagge starten. Dagegen will der russische Verband vor Gericht vorgehen.,https://img.zeit.de/sport/2026-07/ausschluss-russische-athleten-world-athletics-cas-foto-1/wide__1300x731,2026-07-09T13:26:43Z,,Der russische Leichtathletik-Verband will gegen den Ausschluss seiner Sportlerinnen und Sportler von internationalen Wettbewerben vor den Internationalen Sportgerichtshof Cas ziehen. Man habe den Cas… [+651 chars],,de,'Krieg'
https://www.zeit.de/politik/ausland/2026-07/strasse-von-hormus-iran-usa-golfstaaten-konflikt,https://www.zeit.de/politik/ausland/2026-07/strasse-von-hormus-iran-usa-golfstaaten-konflikt,0,www.zeit.de,Straße von Hormus: Eine militärische Lösung gibt es nicht,"Die USA und der Iran führen derzeit Krieg und Verhandlungen zugleich. Was wie ein Widerspruch klingt, ist das neue Normal, mit dem sich die Welt arrangieren muss.",https://img.zeit.de/politik/ausland/2026-07/strasse-von-hormus-iran-usa-golfstaaten-konflikt-bild/wide__1300x731,2026-07-09T16:36:18Z,,"Wie soll man diese erneute Eskalation verstehen? Seit Tagen greift der Iran Tanker in der Meerenge von Hormus an, dazu US-Militärbasen am Golf. Die Amerikaner bombardieren im Gegenzug zahlreiche Ziel… [+631 chars]",,de,'Krieg'
https://www.faz.net/aktuell/politik/ukraine/berlin-kauft-tomahawk-marschflugkoerper-um-putin-abzuschrecken-201014594.html,https://www.faz.net/aktuell/politik/ukraine/berlin-kauft-tomahawk-marschflugkoerper-um-putin-abzuschrecken-201014594.html,0,www.faz.net,Berlin kauft Tomahawk: Um Putin von einem Angriff abzuschrecken,"Im Kriegsfall muss man nicht nur angreifende Drohnen, Raketen und Panzerspitzen bekämpfen können. Sondern auch Startplätze, Kommandozentralen und Nachschubwege.",https://media0.faz.net/image/w1200h627/1831a7d53da9/w2100h1097x0y42o/202510/43601.0.1358811442/ein-amerikanisches.webp,2026-07-09T17:43:21Z,,"Die NATO sei stärker als je zuvor, behauptet deren Generalsekretär Rutte aus naheliegenden Gründen. Auch der deutsche Verteidigungsminister Pistorius spricht von der stärksten NATO ever.
Tatsächlich… [+1946 chars]",,de,'Krieg'
https://www.zeit.de/news/2026-07/10/irans-oberster-fuehrer-chamenei-beerdigt,https://www.zeit.de/news/2026-07/10/irans-oberster-fuehrer-chamenei-beerdigt,0,www.zeit.de,Iran-Krieg: Irans oberster Führer Chamenei beerdigt,Hier finden Sie Informationen zu dem Thema „Iran-Krieg“. Lesen Sie jetzt „Irans oberster Führer Chamenei beerdigt“.,https://img.zeit.de/news/2026-07/10/irans-oberster-fuehrer-chamenei-beerdigt-image-group/wide__1300x731,2026-07-09T22:15:53Z,,Mehr als vier Monate nach seiner Tötung ist Irans früherer oberster Führer Ajatollah Ali Chamenei beerdigt worden. Die Bestattung erfolgte im Imam-Resa-Schrein seiner Heimatstadt Maschhad im Nordoste… [+1811 chars],,de,'Krieg'
https://www.nzz.ch/schweiz/atomkraft-oder-solarstrom-wer-braucht-mehr-staat-ld.10014706,https://www.nzz.ch/schweiz/atomkraft-oder-solarstrom-wer-braucht-mehr-staat-ld.10014706,0,www.nzz.ch,Atomkraft oder Solarstrom: Wer braucht mehr Subventionen?,Neue AKW sollen weniger auf staatliche Förderung angewiesen sein als Solaranlagen auf Dächern. Zu diesem Schluss kommt Economiesuisse. Doch die Rechnung stösst auf heftigen Widerspruch.,"https://img-msp-prod.nzz.ch/2026/07/09/b449d8fb-9e9f-481d-8370-530f0b4ec1a1.jpg?width=1200&height=674&fit=bounds&quality=75&auto=webp&crop=1300,731,x0,y0&wmark=nzz",2026-07-10T03:30:00Z,,"Neue AKW sollen weniger auf staatliche Förderung angewiesen sein als Solaranlagen auf Dächern. Zu diesem Schluss kommt Economiesuisse. Doch die Rechnung stösst auf heftigen Widerspruch.
Zusammenfass… [+5886 chars]",,de,'Solar'
https://www.welt.de/politik/deutschland/article6a50879cbb0cf80de56a437c/markus-lanz-gauck-fordert-mehr-argumentativen-eifer-gegenueber-der-afd.html,https://www.welt.de/politik/deutschland/article6a50879cbb0cf80de56a437c/markus-lanz-gauck-fordert-mehr-argumentativen-eifer-gegenueber-der-afd.html,0,www.welt.de,Gauck fordert mehr „argumentativen Eifer“ gegenüber der AfD,"Joachim Gauck nennt die AfD „kontaminiert mit einem alten Denken“. Man müsse die AfD-Wähler wieder „beheimaten“. Gauck spricht über Existenzängste, Überforderung durch die Moderne und über Träume von einer autoritären Führerschaft.",https://images.welt.de/6a50879cbb0cf80de56a437c/f1c04167ad2011f552398ed9aacdde3b-master/ci16x9-w1200/dpa-com-260627-935-1439308-jpg,2026-07-10T06:26:59Z,,"Der frühere Bundespräsident Joachim Gauck fordert eine stärkere inhaltliche Auseinandersetzung mit der AfD. In der ZDF-Sendung Markus Lanz (hier in der Mediathek) sagte Gauck, man brauche hier mehr a… [+1258 chars]",,de,'Existenzängste'
https://www.faz.net/aktuell/politik/ukraine/ukraine-liveticker-russland-will-hunderte-ukrainische-drohnen-abgefangen-haben-faz-110683325.html,https://www.faz.net/aktuell/politik/ukraine/ukraine-liveticker-russland-will-hunderte-ukrainische-drohnen-abgefangen-haben-faz-110683325.html,0,www.faz.net,Liveblog Ukrainekrieg: Russland will hunderte ukrainische Drohnen abgefangen haben,Ziel sei unter anderem Moskau gewesen +++ Russland will sich in Mosambik engagieren +++ Kiew greift Schiffe im Asowschen Meer an +++  alle Neuigkeiten im Liveblog,https://media0.faz.net/image/w1200h627/c6cd6a1bf04b/w5500h2873x0y333o/202607/43601.0.2293778492/russische-behoerden.webp,2026-07-10T07:25:09Z,,Die russische Ölraffinerie Saratow stellt einem Bericht zufolge zufolge nach Schäden durch einen Drohnenangriff die Verarbeitung ein. Die Drohnen hätten die einzige Rohöldestillationsanlage des Werks… [+584 chars],,de,'Ukraine'
https://www.tagesschau.de/ausland/europa/ukraine-angriffe-raffinerien-russland-100.html,https://www.tagesschau.de/ausland/europa/ukraine-angriffe-raffinerien-russland-100.html,0,www.tagesschau.de,Ukraine attackiert erneut russische Energieanlagen,Russischen Angaben zufolge hat die Ukraine das Land in der vergangenen Nacht erneut mit Hunderten Drohnen attackiert. Viele der Angriffe zielten auf Raffinerien und Ölanlagen. Todesopfer oder Verletzte wurden bisher nicht gemeldet.,https://images.tagesschau.de/image/9eb6ceb3-9870-49cb-a71c-bde641abb8bf/AAABn0s2ubw/AAABnSSvrFg/16x9-big/karte-ukraine-frontverlaeufe-2194.jpg?width=1280,2026-07-10T09:17:02Z,,"Stand: 10.07.2026 11:17 Uhr
Russischen Angaben zufolge hat die Ukraine das Land in der vergangenen Nacht erneut mit Hunderten Drohnen attackiert. Viele der Angriffe zielten auf Raffinerien und Ölanl… [+1619 chars]",,de,'Ukraine'
https://www.faz.net/aktuell/politik/ukraine/rekrutierungen-die-busifizierung-spaltet-die-ukraine-201015033.html,https://www.faz.net/aktuell/politik/ukraine/rekrutierungen-die-busifizierung-spaltet-die-ukraine-201015033.html,0,www.faz.net,Angriff auf Rekrutierer: Die „Busifizierung“ spaltet die Ukraine,"In Lemberg gehen Menschen gewaltsam auf Soldaten los. Das löst scharfe Kritik an den Tätern, aber auch an der Art und Weise der Mobilisierung aus.",https://media0.faz.net/image/w1200h627/549f83bff018/w5800h3030x0y238o/202411/43601.0.760884809/evhenij-ilija-und-solowyj.webp,2026-07-10T15:52:15Z,,Ein Vorfall in der westukrainischen Großstadt Lemberg (Lwiw) hat die Mobilisierungsprobleme der ukrainischen Armee ins Licht gerückt. Es gibt viele Fragen zu Lwiw und dem Angriff auf die TCK-Soldaten… [+7427 chars],,de,'Ukraine'
https://www.golem.de/sonstiges/zustimmung/auswahl.html?from=https://www.golem.de/news/militaerische-kooperation-starlink-im-fadenkreuz-von-russland-und-china-2607-210767.html&referer=https://t.co/c8b5fec3c5,https://www.golem.de/sonstiges/zustimmung/auswahl.html?from=https://www.golem.de/news/militaerische-kooperation-starlink-im-fadenkreuz-von-russland-und-china-2607-210767.html&referer=https://t.co/c8b5fec3c5,0,www.golem.de,Militärische Kooperation: Starlink im Fadenkreuz von Russland und China,"Russische und chinesische Militärplaner sollen in einer neuen Allianz die Frage klären, wie sehr der Westen ohne Starlink ins Straucheln geraten könnte. (Starlink, Russland)",,2026-07-10T16:37:02Z,,"Besuchen Sie Golem.de wie gewohnt mit Werbung und Tracking,
 indem Sie der Nutzung aller Cookies zustimmen.
 Details zum Tracking finden Sie im Privacy Center.
Skript wurde nicht geladen. Informat… [+607 chars]",,de,'Russland'
https://www.welt.de/sport/fussball/wm/article6a51458c1aef3ee586480d6b/wm-2026-kevin-war-mein-grosser-held-kaempfe-weiter-solbakkens-bewegende-worte-an-keegan.html,https://www.welt.de/sport/fussball/wm/article6a51458c1aef3ee586480d6b/wm-2026-kevin-war-mein-grosser-held-kaempfe-weiter-solbakkens-bewegende-worte-an-keegan.html,0,www.welt.de,"„Kevin war mein großer Held, mein Mann. Kämpfe weiter!“ – Solbakkens bewegende Worte an Keegan",Am Samstagabend stehen sich die Nationalteams von England und Norwegen gegenüber. Die Pressekonferenz vor dem Duell nutzt der norwegische Chefcoach für eine Hommage an den schwer erkrankten Kevin Keegan.,https://images.welt.de/6a51458c1aef3ee586480d6b/633f20e50dfa94d7d96ccf09ac5a021a/ci16x9-w1200/1783708451978-2285549369-jpg,2026-07-10T20:03:48Z,,Am Samstagabend stehen sich die Nationalteams von England und Norwegen gegenüber. Die Pressekonferenz vor dem Duell nutzt der norwegische Chefcoach für eine Hommage an den schwer erkrankten Kevin Kee… [+1920 chars],,de,'Kämpfe'
https://www.zeit.de/news/2026-07/11/verletzte-bei-raketenangriff-auf-kiew,https://www.zeit.de/news/2026-07/11/verletzte-bei-raketenangriff-auf-kiew,0,www.zeit.de,Ukraine-Krieg: Verletzte bei Raketenangriff auf Kiew,Hier finden Sie Informationen zu dem Thema „Ukraine-Krieg“. Lesen Sie jetzt „Verletzte bei Raketenangriff auf Kiew“.,https://img.zeit.de/news/2026-07/11/verletzte-bei-raketenangriff-auf-kiew-image-group/wide__1300x731,2026-07-11T02:20:13Z,,"Die ukrainische Hauptstadt Kiew ist in der Nacht erneut unter Raketenbeschuss geraten. Der Feind habe die Stadt mit ballistischen Raketen angegriffen, teilten Bürgermeister Vitali Klitschko und Milit… [+696 chars]",,de,'Krieg'
https://www.tagesschau.de/wirtschaft/spritsparen-autofahren-100.html,https://www.tagesschau.de/wirtschaft/spritsparen-autofahren-100.html,0,www.tagesschau.de,Mit dem richtigen Fahrverhalten spritsparend in den Urlaub,"Mit Vollgas in den Urlaub? Für den Geldbeutel keine gute Idee. Wer auf ein paar Kleinigkeiten beim Fahren achtet, kann Sprit sparen. Und kommt vielleicht sogar entspannter an. Von Wiebke Neelsen.",https://images.tagesschau.de/image/3abeb825-b686-4e01-9e16-eaa7760f1943/AAABnWdDcMY/AAABnSSvrFg/16x9-big/tankanzeige-108.jpg?width=1280,2026-07-11T07:11:12Z,,"Stand: 11.07.2026 09:11 Uhr
Mit Vollgas in den Urlaub? Für den Geldbeutel keine gute Idee. Wer auf ein paar Kleinigkeiten beim Fahren achtet, kann Sprit sparen. Und kommt vielleicht sogar entspannte… [+3222 chars]",,de,'Energie sparen'
https://www.zeit.de/news/2026-07/11/metallstange-und-steine-auf-strassenbahngleise-notbremsung,https://www.zeit.de/news/2026-07/11/metallstange-und-steine-auf-strassenbahngleise-notbremsung,0,www.zeit.de,Gefährdung des Bahnverkehrs: Metallstange und Steine auf Straßenbahngleise - Notbremsung,Hier finden Sie Informationen zu dem Thema „Gefährdung des Bahnverkehrs“. Lesen Sie jetzt „Metallstange und Steine auf Straßenbahngleise - Notbremsung“.,https://img.zeit.de/news/2026-07/11/metallstange-und-steine-auf-strassenbahngleise-notbremsung-image-group/wide__1300x731,2026-07-11T07:24:46Z,,"Unbekannte haben in Ludwigshafen eine Metallstange und Steine auf Straßenbahngleise gelegt. Ein Straßenbahnfahrer habe am Freitagabend die Gegenstände bemerkt und eine Gefahrenbremsung eingeleitet, t… [+358 chars]",,de,'Gefährdung'
https://www.faz.net/aktuell/politik/ukraine/ukraine-liveticker-elf-verletzte-durch-angriffe-auf-kiew-faz-110683325.html,https://www.faz.net/aktuell/politik/ukraine/ukraine-liveticker-elf-verletzte-durch-angriffe-auf-kiew-faz-110683325.html,0,www.faz.net,Liveblog Ukrainekrieg: Elf Verletzte durch Angriffe auf Kiew,Nächtlicher Angriff mit ballistischen Raketen +++ Ukraine greift weitere Schiffe im Asowschen Meer an +++ alle Neuigkeiten im Liveblog,https://media0.faz.net/image/w1200h627/faec816da2f3/w6144h3210x0y441o/202607/43601.0.2324309041/krater-in-der-strasse.webp,2026-07-11T12:16:49Z,,"In der Ukraine schlägt der Fall hohe Wellen. Inzwischen arbeiten die Nationalpolizei, der Inlandsgeheimdienst SBU und der HUR an der Aufklärung. Die ukrainischen Strafverfolger erklärten, in dem Fall… [+896 chars]",,de,'Ukraine'
https://www.zeit.de/news/2026-07/11/russland-bei-biennale-eu-kommission-fuer-foerderungsentzug,https://www.zeit.de/news/2026-07/11/russland-bei-biennale-eu-kommission-fuer-foerderungsentzug,0,www.zeit.de,Weltberühmte Ausstellung: Russland bei Biennale: EU-Kommission für Förderungsentzug,Hier finden Sie Informationen zu dem Thema „Weltberühmte Ausstellung“. Lesen Sie jetzt „Russland bei Biennale: EU-Kommission für Förderungsentzug“.,https://img.zeit.de/news/2026-07/11/russland-bei-biennale-eu-kommission-fuer-foerderungsentzug-image-group/wide__1300x731,2026-07-11T19:57:04Z,,Die Kunstbiennale von Venedig muss wegen der geplanten Wiedereröffnung des russischen Pavillons mit der Streichung von Zuschüssen der EU rechnen. «Die Kommission empfiehlt der EACEA (Europäische Exek… [+1148 chars],,de,'Ukraine'
https://www.nzz.ch/international/die-warteschlangen-fuers-brot-fuehrten-zum-ende-des-russischen-zarenreichs-und-die-heutigen-warteschlangen-fuers-benzin-wohin-fuehren-sie-ld.10014804,https://www.nzz.ch/international/die-warteschlangen-fuers-brot-fuehrten-zum-ende-des-russischen-zarenreichs-und-die-heutigen-warteschlangen-fuers-benzin-wohin-fuehren-sie-ld.10014804,0,www.nzz.ch,Die Warteschlangen fürs Brot führten zum Ende des russischen Zarenreichs. Und die heutigen Warteschlangen fürs Benzin? Wohin führen sie?,Ist die Situation in Russland vergleichbar mit 1917? Russland galt damals als rückständigste Monarchie Europas. Im Vergleich zu Putins Russland war sie aber geradezu pluralistisch.,"https://img-msp-prod.nzz.ch/2026/07/09/866bdf76-3d39-4c31-a7a3-63baa3ee9ed7.jpg?width=1200&height=674&fit=bounds&quality=75&auto=webp&crop=3000,1687,x0,y146&wmark=nzz",2026-07-12T03:30:00Z,,"Ist die Situation in Russland vergleichbar mit 1917? Russland galt damals als rückständigste Monarchie Europas. Im Vergleich zu Putins Russland war sie aber geradezu pluralistisch.
Stefan Scholl, Mo… [+7852 chars]",,de,'Russland'
https://www.nzz.ch/nzz-am-sonntag/report-und-debatte/geht-es-um-schutzraeume-ist-die-schweiz-noch-immer-eine-supermacht-ein-neues-buch-beschreibt-wie-es-dazu-kam-ld.10014480,https://www.nzz.ch/nzz-am-sonntag/report-und-debatte/geht-es-um-schutzraeume-ist-die-schweiz-noch-immer-eine-supermacht-ein-neues-buch-beschreibt-wie-es-dazu-kam-ld.10014480,0,www.nzz.ch,"Geht es um Schutzräume, ist die Schweiz noch immer eine Supermacht. Ein neues Buch beschreibt, wie es dazu kam","Was noch vor kurzem ein Auslaufmodell aus dem Kalten Krieg zu sein schien, ist plötzlich wieder gefragt. Die Atombunker sind zurück – und mit ihnen die Frage nach dem Überleben im Untergrund.","https://img-msp-prod.nzz.ch/2026/07/09/3447293c-050c-4ca6-84c1-49b86aadba88.jpg?width=1200&height=674&fit=bounds&quality=75&auto=webp&crop=1417,797,x0,y58&wmark=nzz",2026-07-12T03:30:00Z,,"Was noch vor kurzem ein Auslaufmodell aus dem Kalten Krieg zu sein schien, ist plötzlich wieder gefragt. Die Atombunker sind zurück und mit ihnen die Frage nach dem Überleben im Untergrund.
12.07.20… [+16362 chars]",,de,'Krieg'
https://www.nzz.ch/deutschland/politik/die-russische-schattenflotte-faehrt-oefter-durch-deutsche-gewaesser-berlin-hat-darauf-keine-antwort-ld.10014903,https://www.nzz.ch/deutschland/politik/die-russische-schattenflotte-faehrt-oefter-durch-deutsche-gewaesser-berlin-hat-darauf-keine-antwort-ld.10014903,0,www.nzz.ch,"Die russische Schattenflotte fährt öfter durch deutsche Gewässer, Berlin hat darauf keine Antwort","Mit seinem Ölhandel finanziert Moskau den Krieg gegen die Ukraine. Dagegen wolle Deutschland vorgehen, sagt die Regierung – doch ausgerechnet im eigenen Hoheitsbereich gelingt das nicht. Ein anderes Land macht es besser.","https://img-msp-prod.nzz.ch/2026/07/09/e494b14a-e359-476c-9de4-a5cb33d834bd.jpg?width=1200&height=675&fit=bounds&quality=75&auto=webp&crop=5472,3078,x0,y285&wmark=nzz",2026-07-12T05:00:00Z,,"Mit seinem Ölhandel finanziert Moskau den Krieg gegen die Ukraine. Dagegen wolle Deutschland vorgehen, sagt die Regierung doch ausgerechnet im eigenen Hoheitsbereich gelingt das nicht. Ein anderes La… [+9305 chars]",,de,'Russland'
https://www.n-tv.de/politik/Merkels-Wirtschaftsberater-erklaert-die-Energiepolitik-der-Altkanzlerin-id31067552.html,https://www.n-tv.de/politik/Merkels-Wirtschaftsberater-erklaert-die-Energiepolitik-der-Altkanzlerin-id31067552.html,0,www.n-tv.de,"""Russisches Gas war Strategie"": Merkels Wirtschaftsberater erklärt die Energiepolitik der Altkanzlerin","Als Wladimir Putin 2022 die Ukraine angreift, wird deutlich: Die deutsche Energieversorgung ist von einem Kriegsverbrecher abhängig. Wie konnte es so weit kommen? Im Interview legt der langjährige wirtschaftspolitische Berater von Altkanzlerin Merkel seine Si…",https://www.n-tv.de/img/31068359/1783611253/Img_16_9/1200/ARCHIV-Bundeskanzlerin-Angela-Merkel-CDU-steht-am-25-11-2015-in-Berlin-im-Bundeskanzleramt-zusammen-mit-ihrem-wirtschaftspolitischen-Berater-Lars-Hendrik-Roeller-r-Foto-Kay-Nietfeld-dpa-ACHTUNG-Die-Aufnahnme-wurde-durch-eine-Glasscheibe-gemacht-zu-dpa-Merkels-Sherpa-oder-Gipfelkunst-namens-Roeller-vom-25-05.jpg,2026-07-12T05:08:34Z,,"Wo die Kanzlerin war, war auch Lars-Hendrik Röller nicht weit entfernt: Der Ökonom war von 2011 bis 2021 wirtschaftspolitischer Berater von Angela Merkel und Leiter der Wirtschafts- und Finanzabteilu… [+8308 chars]",,de,'Putin'
https://www.faz.net/aktuell/politik/ukraine/ukraine-liveticker-ukraine-trifft-abermals-eine-russische-raffinerie-faz-110683325.html,https://www.faz.net/aktuell/politik/ukraine/ukraine-liveticker-ukraine-trifft-abermals-eine-russische-raffinerie-faz-110683325.html,0,www.faz.net,Liveblog Ukrainekrieg: Ukraine trifft abermals eine russische Raffinerie,Selenskyj fordert raschere Umsetzung von Waffenabkommen +++ Tusk kündigt Bau von Gedenkstätte für UPA-Opfer an +++ Videobotschaft am Wolhynien-Gedenktag +++ alle Neuigkeiten im Liveblog,https://media0.faz.net/image/w1200h627/f81166a38c0e/w3000h1567x0y163o/202607/43601.0.2327403291/ein-ukrainischer-soldat-des.webp,2026-07-12T05:50:00Z,,Kiews Bürgermeister Vitali Klitschko spricht angesichts mehrerer schwerer russischer Luftangriffe in den vergangenen Tagen von einer weiteren Eskalation des Ukrainekriegs durch Moskau. Er habe so etw… [+1055 chars],,de,'Ukraine'
https://www.focus.de/politik/ausland/wende-im-kampfjet-streit-mit-ukraine-polen-schickt-seine-migs-jetzt-an-andere-staaten_25ca2ed0-c54f-4375-9e5c-673909f2983c.html,https://www.focus.de/politik/ausland/wende-im-kampfjet-streit-mit-ukraine-polen-schickt-seine-migs-jetzt-an-andere-staaten_25ca2ed0-c54f-4375-9e5c-673909f2983c.html,0,www.focus.de,Wende im Kampfjet-Streit mit Ukraine: Polen schickt seine MiGs jetzt an andere Staaten,Nach dem geplatzten MiG-29-Deal mit der Ukraine sucht Polen offenbar neue Abnehmer für seine Kampfjets. In Europa gibt es Interesse – in Frage kommen vor allem Länder mit sowjetischen Maschinen.,"https://quadro.burda-forward.de/ctf/e5a4a048-2149-4689-8c8a-ebe2d8be00a0.f9f19834-04c8-4bed-ae92-74feeb4a1669.jpg?im=RegionOfInterestCrop=(1200,630),regionOfInterest=(2372,1136)&hash=43bcce197c9aa085938a36d78dfeb91acd2d4a6493dfd4bc2a089894e8311e04",2026-07-12T06:10:00Z,,"Nachdem der Kampfjet-Deal zwischen Polen und der Ukraine geplatzt ist, hoffen die Polen offenbar auf andere Abnehmer für ihre alten MiG-29-Flieger. In Europa besteht großes Interesse an ihnen, daher … [+2203 chars]",,de,'Ukraine'
https://www.focus.de/politik/ausland/internationales-aufsehen-finnlands-verteidigungsfaehigkeit-sorgte-in-den-usa-fuer-grosse-schlagzeilen_d708aa0d-391d-46bd-9bac-9bd97e914180.html,https://www.focus.de/politik/ausland/internationales-aufsehen-finnlands-verteidigungsfaehigkeit-sorgte-in-den-usa-fuer-grosse-schlagzeilen_d708aa0d-391d-46bd-9bac-9bd97e914180.html,0,www.focus.de,Internationales Aufsehen: Finnlands Verteidigungsfähigkeit sorgte in den USA für große Schlagzeilen,"Gegen Russland kämpfen, im Zweifel allein: Die finnische Verteidigungsbereitschaft sorgt international für Aufsehen.","https://quadro.burda-forward.de/ctf/7895af92-ceea-458b-9351-5557555be7d3.1af0a2a1-71bf-4e39-9296-845e6c343948.jpg?im=RegionOfInterestCrop=(1200,630),regionOfInterest=(2505,1536)&hash=3d1e7a1ca788a8e4d191c9745f7125258e904ae6fe46f8a3f1233f852ca50147",2026-07-12T06:18:00Z,,Russland und Finnland verbinden 1340 Kilometer Grenze und eine komplizierte Geschichte. Sicherheit vor dem großen Nachbarn ist seit den traumatischen Erfahrungen des Winterkriegs von 1940 Teil der fi… [+2069 chars],,de,'Russland'
https://orf.at/stories/3435972/,https://orf.at/stories/3435972/,0,orf.at,Ukraine greift russische Raffinerie in Wolgaregion an,,https://orf.at/mojo/1_4_1/storyserver//news/common/images/og-fallback-news.png,2026-07-12T06:19:44Z,,"In der russischen Region Samara an der Wolga ist offiziellen Angaben nach ein Mann durch ukrainische Drohnenangriffe ums Leben gekommen. Drei Personen wurden verletzt, darunter auch ein Kind, teilte … [+1228 chars]",,de,'Ukraine'
https://www.bild.de/politik/ausland-und-internationales/hitziges-interview-mit-paul-ronzheimer-afd-mann-merz-soll-putin-anrufen-6a529e7b9e18389865289ee6,https://www.bild.de/politik/ausland-und-internationales/hitziges-interview-mit-paul-ronzheimer-afd-mann-merz-soll-putin-anrufen-6a529e7b9e18389865289ee6,0,www.bild.de,Hitziges Interview mit Ronzheimer - AfD-Mann: Merz soll Putin anrufen!,"Kiew/Berlin – Der Chef-Außenpolitiker der AfD, Markus Frohnmaier, fordert Kanzler Friedrich Merz auf, Russlands Diktator Wladimir Putin anzurufen. Obwohl...","https://images.bild.de/6a529e7b9e18389865289ee6/94046bc0db9538f6bfe405478c7fdd51,467f453c?w=1280",2026-07-12T06:46:51Z,,"TTS-Player überspringenArtikel weiterlesenKiew/Berlin Der Chef-Außenpolitiker der AfD, Markus Frohnmaier, fordert Kanzler Friedrich Merz auf, Russlands Diktator Wladimir Putin anzurufen. Obwohl Frohn… [+3121 chars]",,de,'Putin'
https://www.focus.de/finanzen/news/75-milliarden-dollar-defizit-russlands-finanzen-geraten-trotz-hormus-krise-und-kurzzeitig-hoeheren-oelpreisen-staerker-ins-wanken_be60d0ef-db73-420e-8d02-80e71040d344.html,https://www.focus.de/finanzen/news/75-milliarden-dollar-defizit-russlands-finanzen-geraten-trotz-hormus-krise-und-kurzzeitig-hoeheren-oelpreisen-staerker-ins-wanken_be60d0ef-db73-420e-8d02-80e71040d344.html,0,www.focus.de,75 Milliarden Dollar Defizit: Russlands Finanzen geraten trotz Hormus-Krise und kurzzeitig höheren Ölpreisen stärker ins Wanken,Das russische Finanzministerium meldet einen düsteren Ausblick. Das Defizit ist viel höher als geplant.,"https://quadro.burda-forward.de/ctf/b7b367ac-2a72-461d-9494-edfd75c35fef.b43303a0-3b1f-43a6-9839-97c6ea501ff4.jpg?im=RegionOfInterestCrop=(1200,630),regionOfInterest=(2562,1362)&hash=4e87bff15c34ef5914a91c3cdf2dfeff1d4ea0632ffae0b82a642a6647caaed8",2026-07-12T06:58:00Z,,"Die russischen Ölpreise fallen auf ein Niveau zurück, wie es vor Beginn des Irankriegs zu sehen war. Darum muss der Kreml sich verstärkt mit einem schärferen Haushaltsdefizit auseinandersetzen. Eine … [+4299 chars]",,de,'Russland'
https://www.welt.de/politik/ausland/article6a533c2e36e98236c4bc5d60/ploetzlicher-tod-von-lindsey-graham-als-selenskyj-ihm-zum-geburtstag-gratulierte-scherzte-er-ueber-das-alter.html,https://www.welt.de/politik/ausland/article6a533c2e36e98236c4bc5d60/ploetzlicher-tod-von-lindsey-graham-als-selenskyj-ihm-zum-geburtstag-gratulierte-scherzte-er-ueber-das-alter.html,0,www.welt.de,"Als Selenskyj ihm zum Geburtstag gratulierte, scherzt Lindsey Graham über das Alter","Lindsey Graham, gerade 71 Jahre alt geworden und am Freitag noch in der Ukraine politisch aktiv, ist plötzlich verstorben. Der republikanische Senator galt einst als politischer Gegner Donald Trumps – ehe er einer seiner Vertrauten wurde.",https://images.welt.de/6a533c2e36e98236c4bc5d60/3d38e105e99d7f37187b324feb01b76c/ci16x9-w1200/dpa-com-260712-99-36583-jpg,2026-07-12T07:04:37Z,,"Lindsey Graham, gerade 71 Jahre alt geworden und am Freitag noch in der Ukraine politisch aktiv, ist plötzlich verstorben. Der republikanische Senator galt einst als politischer Gegner Donald Trumps … [+6773 chars]",,de,'Ukraine'
https://www.zeit.de/news/2026-07/12/ukraine-attackiert-raffinerie-im-wolgagabiet-samara,https://www.zeit.de/news/2026-07/12/ukraine-attackiert-raffinerie-im-wolgagabiet-samara,0,www.zeit.de,Drohnenkrieg: Ukraine attackiert Raffinerie im Wolgagabiet Samara,Hier finden Sie Informationen zu dem Thema „Drohnenkrieg“. Lesen Sie jetzt „Ukraine attackiert Raffinerie im Wolgagabiet Samara“.,https://img.zeit.de/news/2026-07/12/ukraine-attackiert-raffinerie-im-wolgagabiet-samara-image-group/wide__1300x731,2026-07-12T07:06:02Z,,"Im russischen Gebiet Samara an der Wolga ist offiziellen Angaben nach ein Mann durch ukrainische Drohnenangriffe ums Leben gekommen. «Drei Personen wurden verletzt, darunter auch ein Kind», teilte Go… [+1867 chars]",,de,'Russland'
https://www.golem.de/sonstiges/zustimmung/auswahl.html?from=https://www.golem.de/news/anzeige-balkonkraftwerk-mit-anker-speicher-bei-kleines-kraftwerk-fuer-nur-977-euro-2607-210681.html&referer=https://t.co/278420fff3,https://www.golem.de/sonstiges/zustimmung/auswahl.html?from=https://www.golem.de/news/anzeige-balkonkraftwerk-mit-anker-speicher-bei-kleines-kraftwerk-fuer-nur-977-euro-2607-210681.html&referer=https://t.co/278420fff3,0,www.golem.de,Anzeige: Balkonkraftwerk mit Anker-Speicher bei Kleines Kraftwerk für nur 977 Euro,"Strom erzeugen, speichern und Geld sparen: Golem-Leser können sich jetzt exklusiv ein Balkonkraftwerk mit Anker-Speicher zum Angebotspreis sichern. (Balkonkraftwerk, Solarenergie)",,2026-07-12T08:40:01Z,,"Besuchen Sie Golem.de wie gewohnt mit Werbung und Tracking,
 indem Sie der Nutzung aller Cookies zustimmen.
 Details zum Tracking finden Sie im Privacy Center.
Skript wurde nicht geladen. Informat… [+607 chars]",,de,'Geld sparen'
https://www.welt.de/sport/article256039608/ertrinken-badevergnuegen-als-risiko-tipps-und-regeln-fuer-sicheres-schwimmen.html,https://www.welt.de/sport/article256039608/ertrinken-badevergnuegen-als-risiko-tipps-und-regeln-fuer-sicheres-schwimmen.html,0,www.welt.de,Badevergnügen als Risiko – Tipps und Regeln für sicheres Schwimmen,"Für mindestens 99 Menschen endete das Badevergnügen im Juni in Deutschland tödlich. Sicher schwimmen zu können und Gefahren einschätzen zu können, ist elementar. Eine Übersicht zu Wissen und Regeln für sicheres Baden sowie dazu, was Eltern vor dem ersten Kurs…",https://images.welt.de/6810a0833e4aff02aa6cc5e4/9ee23f9442371aa0e838b35432db7609-master/ci16x9-w1200/dpa-com-260712-935-1473987-jpg,2026-07-12T11:59:00Z,,"Für mindestens 99 Menschen endete das Badevergnügen im Juni in Deutschland tödlich. Sicher schwimmen zu können und Gefahren einschätzen zu können, ist elementar. Eine Übersicht zu Wissen und Regeln f… [+7797 chars]",,de,'Risiko'
https://www.nzz.ch/international/kaempfe-zwischen-amerika-und-iran-um-hormuz-im-nahen-osten-nichts-neues-ld.10015158,https://www.nzz.ch/international/kaempfe-zwischen-amerika-und-iran-um-hormuz-im-nahen-osten-nichts-neues-ld.10015158,0,www.nzz.ch,Kämpfe zwischen Amerika und Iran um Hormuz: im Nahen Osten nichts Neues,Auch am Wochenende gab es am Golf wieder heftige Gefechte. Die USA bombardierten Ziele in Iran. Teheran schloss erneut die Strasse von Hormuz. Besonders die Golfstaaten leiden unter dem nicht enden wollenden Konflikt.,"https://img-msp-prod.nzz.ch/2026/07/12/7618cb1b-d58a-48c8-8bdb-33aa8089f0fa.jpg?width=1200&height=675&fit=bounds&quality=75&auto=webp&crop=5072,2853,x0,y241&wmark=nzz",2026-07-12T13:55:00Z,,Auch am Wochenende gab es am Golf wieder heftige Gefechte. Die USA bombardierten Ziele in Iran. Teheran schloss erneut die Strasse von Hormuz. Besonders die Golfstaaten leiden unter dem nicht enden w… [+5784 chars],,de,'Kämpfe'
https://www.zeit.de/hamburg/2026-07/johannes-hartmann-krieg-frieden-graffiti-geschichte,https://www.zeit.de/hamburg/2026-07/johannes-hartmann-krieg-frieden-graffiti-geschichte,0,www.zeit.de,Johannes Hartmann: Dieser Mann sprüht Geschichte,"Anfang der Achtzigerjahre schrieb Johannes Hartmann an eine Wand: »Stell dir vor, es ist Krieg und keiner geht hin«. Er ahnte nicht, was er damit auslösen würde.",https://img.zeit.de/hamburg/2026-07/johannes-hartmann-krieg-frieden-graffiti-geschichte-bild-1/wide__1300x731,2026-07-12T16:38:23Z,,"Es war keine spontane Aktion. Der
Täter hatte sich vorbereitet, er hatte heimlich geübt. Aber ist »Täter« das
richtige Wort? Oder sollte man besser »Künstler« sagen? Vielleicht »Dichter«? 
Was Joh… [+454 chars]",,de,'Krieg'
https://www.zeit.de/news/2026-07/13/eu-und-ukraine-unterstuetzer-beraten-ueber-weitere-hilfen,https://www.zeit.de/news/2026-07/13/eu-und-ukraine-unterstuetzer-beraten-ueber-weitere-hilfen,0,www.zeit.de,Abwehrkampf gegen Russland: EU und Ukraine-Unterstützer beraten über weitere Hilfen,Hier finden Sie Informationen zu dem Thema „Abwehrkampf gegen Russland“. Lesen Sie jetzt „EU und Ukraine-Unterstützer beraten über weitere Hilfen“.,https://img.zeit.de/news/2026-07/13/eu-und-ukraine-unterstuetzer-beraten-ueber-weitere-hilfen-image-group/wide__1300x731,2026-07-13T03:00:33Z,,Die sogenannte Koalition der Willigen aus westlichen Unterstützerländern der Ukraine kommt am Montag zu Beratungen in Paris zusammen. Bei den Gesprächen des von Frankreich und Großbritannien angeführ… [+3882 chars],,de,'Russland'
https://www.zeit.de/news/2026-07/13/us-militaer-erklaert-angriffe-auf-iran-vorerst-fuer-beendet,https://www.zeit.de/news/2026-07/13/us-militaer-erklaert-angriffe-auf-iran-vorerst-fuer-beendet,0,www.zeit.de,Iran-Krieg: US-Militär erklärt Angriffe auf Iran vorerst für beendet,Hier finden Sie Informationen zu dem Thema „Iran-Krieg“. Lesen Sie jetzt „US-Militär erklärt Angriffe auf Iran vorerst für beendet“.,https://img.zeit.de/news/2026-07/13/us-militaer-erklaert-angriffe-auf-iran-vorerst-fuer-beendet-image-group/wide__1300x731,2026-07-13T03:53:25Z,,"Das US-Militär hat seine nächtlichen Attacken auf Ziele im Iran nach mehreren Stunden für beendet erklärt. Die Angriffswelle sei vorbei und habe Dutzende Zielobjekte mit Präzisionsmunition getroffen,… [+1850 chars]",,de,'Krieg'
https://www.faz.net/aktuell/politik/ukraine/ukraine-liveticker-eu-und-ukraine-unterstuetzer-beraten-ueber-weitere-hilfen-faz-110683325.html,https://www.faz.net/aktuell/politik/ukraine/ukraine-liveticker-eu-und-ukraine-unterstuetzer-beraten-ueber-weitere-hilfen-faz-110683325.html,0,www.faz.net,Liveblog Ukrainekrieg: EU und Ukraine-Unterstützer beraten über weitere Hilfen,Treffen der Koalition der Willigen in Paris +++ Selenskyj kündigt Ablösung von Ministerpräsidentin Swyrydenko an – Regierungsumbildung geplant +++ alle Neuigkeiten im Liveblog,https://media0.faz.net/image/w1200h627/3c501351b3f2/w4107h2145x0y364o/202607/43601.0.2328563964/bundeskanzler-friedrich-merz.webp,2026-07-13T05:38:13Z,,Der ukrainische Präsident Wolodymyr Selenskyj hat die Ablösung von Ministerpräsidentin Julija Swyrydenko und weitere personelle Änderungen in Kiew angekündigt. Er danke Swyrydenko für ihre Arbeit und… [+2174 chars],,de,'Ukraine'
https://www.faz.net/aktuell/wirtschaft/unternehmen/50-000-drohnen-fuer-die-ukraine-ki-plattform-verspricht-erfolge-auf-breiter-front-accg-201022182.html,https://www.faz.net/aktuell/wirtschaft/unternehmen/50-000-drohnen-fuer-die-ukraine-ki-plattform-verspricht-erfolge-auf-breiter-front-accg-201022182.html,0,www.faz.net,KI-Ausrüstung von Auterion: Ein Schwarm von 50.000 Drohnen für die Ukraine,Es ist einer der größten Drohnenaufträge für die angegriffene Ukraine. Die KI-Plattform verspricht Erfolge auf breiter Front.,https://media0.faz.net/image/w1200h627/23a9594d656f/w1563h816x135y31o/202602/43601.0.1737566274/das-us-militaer-setzt-schon.webp,2026-07-13T06:34:02Z,,Im Abwehrkampf gegen Russland kommt ein neuer Großauftrag für die Ukraine zustande. An diesem Montag geben nach F.A.Z.-Informationen das amerikanisch-europäische Unternehmen Auterion und der ukrainis… [+5462 chars],,de,'Ukraine'
https://www.tagesschau.de/ausland/europa/ukraine-russland-koalition-der-willigen-eu-aussenminister-100.html,https://www.tagesschau.de/ausland/europa/ukraine-russland-koalition-der-willigen-eu-aussenminister-100.html,0,www.tagesschau.de,"""Koalition der Willigen"" berät über weitere Hilfen für die Ukraine","Russlands Krieg gegen die Ukraine ist heute Thema in Paris und Brüssel. Bevor die ""Koalition der Willigen"" über weitere militärische Hilfe für die Ukraine berät, verhandeln die EU-Außenminister über nächste Sanktionen gegen Russland.",https://images.tagesschau.de/image/76944ba3-549d-46ee-8fe5-208b959b90f4/AAABn1qUOzk/AAABnSSvrFg/16x9-big/wadephul-368.jpg?width=1280,2026-07-13T09:23:04Z,,"Stand: 13.07.2026 11:23 Uhr
Russlands Krieg gegen die Ukraine ist heute Thema in Paris und Brüssel. Bevor die ""Koalition der Willigen"" über weitere militärische Hilfe für die Ukraine berät, verhande… [+5852 chars]",,de,'Ukraine'
https://www.faz.net/aktuell/politik/ukraine/ukraine-liveticker-eu-verhaengt-sanktionen-gegen-russland-wegen-cyberangriffen-faz-110683325.html,https://www.faz.net/aktuell/politik/ukraine/ukraine-liveticker-eu-verhaengt-sanktionen-gegen-russland-wegen-cyberangriffen-faz-110683325.html,0,www.faz.net,Liveblog Ukrainekrieg: EU verhängt Sanktionen gegen Russland wegen Cyberangriffen,Berlin bestellt russischen Botschafter ein +++ EU und Ukraine-Unterstützer beraten über weitere Hilfen +++ Selenskyj kündigt Regierungsumbildung an +++ alle Neuigkeiten im Liveblog,https://media0.faz.net/image/w1200h627/ef272dd316ff/w4000h2090x0y289o/202607/43601.0.2330559647/das-moskauer-hauptquartier-des.webp,2026-07-13T10:37:05Z,,Der ukrainische Präsident Wolodymyr Selenskyj hat die Ablösung von Ministerpräsidentin Julija Swyrydenko und weitere personelle Änderungen in Kiew angekündigt. Er danke Swyrydenko für ihre Arbeit und… [+2174 chars],,de,'Russland'
https://www.faz.net/aktuell/politik/ukraine/ukraine-liveticker-russischer-kriegsgegner-boris-nadjeschdin-festgenommen-faz-110683325.html,https://www.faz.net/aktuell/politik/ukraine/ukraine-liveticker-russischer-kriegsgegner-boris-nadjeschdin-festgenommen-faz-110683325.html,0,www.faz.net,Liveblog Ukrainekrieg: Russischer Kriegsgegner Boris Nadjeschdin festgenommen,Nadjeschdin: „Werde weiterleben und weiterkämpfen“ +++ EU verhängt Sanktionen gegen Russland wegen Cyberangriffen +++ Berlin bestellt russischen Botschafter ein +++ alle Neuigkeiten im Liveblog,https://media0.faz.net/image/w1200h627/ffe661cbf26e/w5649h2951x0y293o/202606/43601.0.2257197238/boris-nadjeschdin-am-24-juni.webp,2026-07-13T13:29:59Z,,Als Reaktion auf mutmaßlich vom russischen Geheimdienst gesteuerte Cyberangriffe hat Berlin den russischen Botschafter einbestellt und weitere EU-Sanktionen angekündigt. Cyberangriffe gegen (Deutschl… [+1550 chars],,de,'Russland'
https://www.faz.net/aktuell/politik/ukraine/ukraine-liveticker-europa-staerkt-ukraine-neues-buendnis-fuer-raketenabwehr-faz-110683325.html,https://www.faz.net/aktuell/politik/ukraine/ukraine-liveticker-europa-staerkt-ukraine-neues-buendnis-fuer-raketenabwehr-faz-110683325.html,0,www.faz.net,Liveblog Ukrainekrieg: Europa stärkt Ukraine – neues Bündnis für Raketenabwehr,Selenskyj wirbt für Investitionen in Raketenabwehrprogramm +++ Russischer Kriegsgegner Boris Nadjeschdin festgenommen +++ Deutscher Botschafter in Moskau einbestellt +++ alle Neuigkeiten im Liveblog,https://media0.faz.net/image/w1200h627/f6b23d3a7c10/w6000h3135x0y745o/202607/43601.0.2331621157/treffen-der-sogenannten.webp,2026-07-13T16:33:33Z,,"Der deutsche Botschafter Alexander Graf Lambsdorff ist ins russische Außenministerium einbestellt worden. Das Ministerium informierte in den sozialen Netzwerken über die Einbestellung, nannte aber zu… [+1967 chars]",,de,'Ukraine'
https://www.zeit.de/politik/ausland/2026-07/regierung-ukraine-umbildung-wolodymyr-selenskyj-botschaft-usa-julija-swyrydenk,https://www.zeit.de/politik/ausland/2026-07/regierung-ukraine-umbildung-wolodymyr-selenskyj-botschaft-usa-julija-swyrydenk,0,www.zeit.de,Regierung in der Ukraine: Selenskyjs beste Frau soll Trump auf ihre Seite ziehen,Julija Swyrydenko galt als eine der wenigen Unbestechlichen in Selenskyjs Team. Trotzdem entlässt er die Ministerpräsidentin nach einem Jahr und schickt sie in die USA.,https://img.zeit.de/politik/ausland/2026-07/regierung-ukraine-umbildung-wolodymyr-selenskyj-botschaft-usa-julija-swyrydenk-bild-2/wide__1300x731,2026-07-13T16:49:57Z,,"Schließen
Artikelzusammenfassung
Der Politikbetrieb in Kyjiw ist chaotisch, doch selbst das Umfeld des Präsidenten wurde von der anstehenden Regierungsumbildung überrascht. Nach nur einem Jahr im A… [+823 chars]",,de,'Ukraine'
https://www.faz.net/aktuell/wirtschaft/mehr-wirtschaft/chinesische-arbeiter-in-russland-proteste-wegen-ausbleibender-loehne-201016824.html,https://www.faz.net/aktuell/wirtschaft/mehr-wirtschaft/chinesische-arbeiter-in-russland-proteste-wegen-ausbleibender-loehne-201016824.html,0,www.faz.net,"„Putin, Helfen Sie“: Wenn chinesische Arbeiter in Russland protestieren","Tausende Chinesen arbeiten auf Baustellen und in Fabriken in Russland. Doch weil sie nicht bezahlt werden, kommt es immer wieder zu Protesten. Selbst die Konsulate mahnen schon.",https://media0.faz.net/image/w1200h627/132632cccbe0/w850h444x0y45o/202607/43601.0.2327775323/schon-im-april-auf-der-strasse.webp,2026-07-13T18:05:27Z,,"Die Chinesen sind wütend. Sie protestieren, streiken, posten Videos in ihren sozialen Medien. Seit Monaten sind die Arbeiter aus der Volksrepublik in Ust-Luga, einer Siedlung mit angeschlossenem Seeh… [+8390 chars]",,de,'Russland'
https://www.zeit.de/news/2026-07/13/polizei-findet-drei-schusswaffen-bei-durchsuchung-in-buehl,https://www.zeit.de/news/2026-07/13/polizei-findet-drei-schusswaffen-bei-durchsuchung-in-buehl,0,www.zeit.de,Bedrohung mit Langwaffe: Polizei findet drei Schusswaffen bei Durchsuchung in Bühl,Hier finden Sie Informationen zu dem Thema „Bedrohung mit Langwaffe“. Lesen Sie jetzt „Polizei findet drei Schusswaffen bei Durchsuchung in Bühl“.,https://img.zeit.de/news/2026-07/13/polizei-findet-drei-schusswaffen-bei-durchsuchung-in-buehl-image-group/wide__1300x731,2026-07-13T19:35:23Z,,Nach der mutmaßlichen Bedrohung eines Mannes mit einer Langwaffe hat die Polizei die Wohnung eines 29-Jährigen in Bühl durchsucht. Bei dem Einsatz im Landkreis Rastatt wurden drei Schusswaffen gefund… [+489 chars],,de,'Bedrohung'
https://www.zeit.de/news/2026-07/13/macron-ueberrascht-mit-ankuendigung-von-manoevern-fuer-ukraine,https://www.zeit.de/news/2026-07/13/macron-ueberrascht-mit-ankuendigung-von-manoevern-fuer-ukraine,0,www.zeit.de,Koalition der Willigen: Macron überrascht mit Ankündigung von Manövern für Ukraine,Hier finden Sie Informationen zu dem Thema „Koalition der Willigen“. Lesen Sie jetzt „Macron überrascht mit Ankündigung von Manövern für Ukraine“.,https://img.zeit.de/news/2026-07/13/macron-ueberrascht-mit-ankuendigung-von-manoevern-fuer-ukraine-image-group/wide__1300x731,2026-07-13T20:15:36Z,,Frankreichs Präsident Emmanuel Macron hat überraschend schon für die nächsten Monate gemeinsame Manöver der «Koalition der Willigen» der Ukraine-Verbündeten in den Nachbarländern des von Russland ang… [+5159 chars],,de,'Ukraine'
https://www.zeit.de/news/2026-07/14/polen-kuendigt-erste-manoever-der-koalition-der-willigen-an,https://www.zeit.de/news/2026-07/14/polen-kuendigt-erste-manoever-der-koalition-der-willigen-an,0,www.zeit.de,Ukraine-Krieg: Polen kündigt erste Manöver der «Koalition der Willigen» an,Hier finden Sie Informationen zu dem Thema „Ukraine-Krieg“. Lesen Sie jetzt „Polen kündigt erste Manöver der «Koalition der Willigen» an“.,https://img.zeit.de/news/2026-07/14/polen-kuendigt-erste-manoever-der-koalition-der-willigen-an-image-group/wide__1300x731,2026-07-14T08:06:47Z,,"Erste Militärmanöver der «Koalition der Willigen» zur Unterstützung der Ukraine sollen in diesem Herbst in Polen stattfinden. Das kündigte der polnische Ministerpräsident Donald Tusk in Paris an, nac… [+837 chars]",,de,'Ukraine'
https://www.zeit.de/politik/ausland/2026-07/koalition-der-willigen-militaermanoever-polen-ukraine-donald-tusk,https://www.zeit.de/politik/ausland/2026-07/koalition-der-willigen-militaermanoever-polen-ukraine-donald-tusk,0,www.zeit.de,Koalition der Willigen: Polen kündigt erste Manöver der Ukraineverbündeten für Herbst an,Die von Emmanuel Macron angekündigten gemeinsamen Manöver der Ukraine-Unterstützer werden konkreter: Im Herbst sollen laut Donald Tusk erste Übungen in Polen stattfinden.,https://img.zeit.de/politik/ausland/2026-07/koalition-der-willigen-militaermanoever-polen-ukraine-donald-tusk-foto-1/wide__1300x731,2026-07-14T08:45:44Z,,Der polnische Ministerpräsident Donald Tusk hat Details zu Militärmanövern der sogenannten Koalition der Willigen bekanntgegeben. Erste Übungen der Ukraineverbündeten finden ihm zufolge in diesem Her… [+2125 chars],,de,'Putin'
https://www.faz.net/aktuell/politik/ausland/militaerparade-in-paris-europas-staerke-gegen-russland-accg-201027760.html,https://www.faz.net/aktuell/politik/ausland/militaerparade-in-paris-europas-staerke-gegen-russland-accg-201027760.html,0,www.faz.net,Feier zum 14. Juli: Eine Parade der europäischen Entschlossenheit,Die Ukraine und ihre Verbündeten sind Ehrengäste in Paris. Auf das Defilee sollen Manöver der Koalition der Willigen folgen.,https://media0.faz.net/image/w1200h627/9f8d4bc943d0/w3740h1954x0y346o/202607/43601.0.2333327263/emmanuel-macron-mit-dem.webp,2026-07-14T12:29:27Z,,"Mit einer Militärparade der Superlative ist in Paris das strategische Erwachen Europas zelebriert worden. So lautete das Motto des französischen Nationalfeiertags, zu dem 25 Staats- und Regierungsche… [+5511 chars]",,de,'Ukraine'
https://www.tagesschau.de/ausland/europa/angriffe-ukraine-russland-104.html,https://www.tagesschau.de/ausland/europa/angriffe-ukraine-russland-104.html,0,www.tagesschau.de,"Ukraine greift Ölproduktion an, Russland ein Schiff",Die Ukraine setzt sich weiter gegen Russland zur Wehr. Das Militär griff mehrere russische Tanker und Frachtschiffe sowie Ölraffinerien an. Russland nahm Odessa ins Visier - und traf laut ukrainischen Angaben ein ziviles Schiff.,https://images.tagesschau.de/image/e0a5e477-b7f9-4b1b-a2c4-5de9a3b157c8/AAABn2A6fco/AAABnSSvrFg/16x9-big/feuer-schiff-100.jpg?width=1280,2026-07-14T12:44:26Z,,"Stand: 14.07.2026 14:44 Uhr
Die Ukraine setzt sich weiter gegen Russland zur Wehr. Das Militär griff mehrere russische Tanker und Frachtschiffe sowie Ölraffinerien an. Russland nahm Odessa ins Visie… [+3778 chars]",,de,'Russland'
https://www.zeit.de/politik/ausland/2026-07/gazastreifen-israel-angriffe-rafah-dschabalia-hamas,https://www.zeit.de/politik/ausland/2026-07/gazastreifen-israel-angriffe-rafah-dschabalia-hamas,0,www.zeit.de,Krieg im Nahen Osten: Mindestens neun Tote bei israelischen Angriffen im Gazastreifen,Bei mehreren Angriffen im Gazastreifen hat Israel laut örtlicher Behörden einen ranghohen Polizeichef der Hamas getötet. Auch ein Kind soll unter den Opfern sein.,https://img.zeit.de/politik/ausland/2026-07/gazastreifen-israel-angriffe-rafah-dschabalia-hamas-foto-1/wide__1300x731,2026-07-14T13:06:13Z,,Bei israelischen Angriffen im Gazastreifen sind nach Angaben örtlicher Behörden mindestens neun Palästinenser getötet worden. Unter den Opfern sind ein zehnjähriger Junge sowie ein ranghoher Polizeio… [+1035 chars],,de,'Krieg'
https://www.zeit.de/news/2026-07/14/banken-wollen-russland-garantien-von-linde-zurueck,https://www.zeit.de/news/2026-07/14/banken-wollen-russland-garantien-von-linde-zurueck,0,www.zeit.de,Prozessauftakt: Banken wollen Russland-Garantien von Linde zurück,Hier finden Sie Informationen zu dem Thema „Prozessauftakt“. Lesen Sie jetzt „Banken wollen Russland-Garantien von Linde zurück“.,https://img.zeit.de/news/2026-07/14/banken-wollen-russland-garantien-von-linde-zurueck-image-group/wide__1300x731,2026-07-14T14:00:46Z,,Vor dem Frankfurter Landgericht hat ein erster Prozess um millionenschwere Zahlungen im Zusammenhang mit einem gescheiterten Gasprojekt in Russland begonnen. Die Deutsche Bank fordert vom Industriega… [+1965 chars],,de,'Russland'
https://www.zeit.de/politik/ausland/2026-07/polen-ukraine-uebergriffe-auslaenderfeindlichkeit-bielsko-biala,https://www.zeit.de/politik/ausland/2026-07/polen-ukraine-uebergriffe-auslaenderfeindlichkeit-bielsko-biala,0,www.zeit.de,Ukrainische Aufständische Armee (UPA): Immer mehr Berichte über Angriffe auf Ukrainer in Polen,In Polen kommt es vermehrt zu Attacken gegen Menschen aus der Ukraine. Hintergrund ist eine historische Debatte der beiden Länder über den Zweiten Weltkrieg.,https://img.zeit.de/politik/ausland/2026-07/polen-ukraine-uebergriffe-auslaenderfeindlichkeit-bielsko-biala-foto-1/wide__1300x731,2026-07-14T14:31:12Z,,Vor dem Hintergrund des politischen Streits mit der Ukraine häufen sich in Polen Berichte über Übergriffe auf dort lebende Ukrainerinnen und Ukrainer. Innenminister Marcin Kierwiski warf der politisc… [+2560 chars],,de,'Ukraine'
https://www.welt.de/wirtschaft/video6a565cab664e99bc41e92e01/niedrigere-us-inflationsrate-der-preisdruck-hat-im-juni-etwas-nachgelassen.html,https://www.welt.de/wirtschaft/video6a565cab664e99bc41e92e01/niedrigere-us-inflationsrate-der-preisdruck-hat-im-juni-etwas-nachgelassen.html,0,www.welt.de,„Der Preisdruck hat im Juni etwas nachgelassen“,"Die Eskalation im Iran-Konflikt sorgt für Unsicherheit an den Märkten. US-Inflation schwächt sich ab, bleibt aber ein Thema für die Notenbank. „Die US-Wirtschaft bleibt in einer Phase des inflationären Wachstums“, sagt Johannes Mayr, Chefvolkswirt bei Eyb & W…",https://images.welt.de/6a565cab664e99bc41e92e01/196fc32f160e0aea221803b699d313ba/ci16x9-w1200/boese-1407-02-png,2026-07-14T16:28:29Z,,"Die Eskalation im Iran-Konflikt sorgt für Unsicherheit an den Märkten. US-Inflation schwächt sich ab, bleibt aber ein Thema für die Notenbank. Die US-Wirtschaft bleibt in einer Phase des inflationäre… [+149 chars]",,de,'Inflation'
https://www.faz.net/aktuell/politik/ausland/eu-erweiterung-kein-super-tag-fuer-die-ukraine-moldau-und-albanien-201027975.html,https://www.faz.net/aktuell/politik/ausland/eu-erweiterung-kein-super-tag-fuer-die-ukraine-moldau-und-albanien-201027975.html,0,www.faz.net,EU-Erweiterung: Hoffnung gibt es nur für Montenegro,"Das kleine Montenegro ist nah dran am Beitritt zur EU. Gegen Albanien, Moldau und die Ukraine gibt es noch Vorbehalte.",https://media0.faz.net/image/w1200h627/c99b642249b5/w3000h1567x0y80o/202606/43601.0.2223924694/montenegros-praesident-jakov.webp,2026-07-14T17:31:20Z,,"Brüssel schwärmte am Dienstag vom Super Tuesday. Zum ersten Mal seit 2002 standen vier Regierungskonferenzen zur EU-Erweiterung auf dem Programm eines einzelnen Tages: mit der Ukraine, Montenegro, Mo… [+5314 chars]",,de,'Ukraine'
https://www.zeit.de/politik/2026-07/krieg-iran-usa-israel-nahost,https://www.zeit.de/politik/2026-07/krieg-iran-usa-israel-nahost,0,www.zeit.de,"Krieg im Iran: Wie mit der Nato, so mit dem Golf",Donald Trump setzt die Iran-Blockade wieder in Kraft. Er zerstört damit die Legitimation des US-Einsatzes: die Freiheit der Seewege. Das ist gefährlicher Irrsinn.,https://img.zeit.de/politik/2026-07/krieg-iran-usa-israel-nahost-bild/wide__1300x731,2026-07-14T18:32:58Z,,"Was der US-Präsident für diesen Dienstagabend auf seinem Netzwerk Truth Social angekündigt hat, verdient anders als zahlreiche andere wirre Posts höchste Aufmerksamkeit. Nicht nur, weil sich damit ei… [+631 chars]",,de,'Krieg'
https://www.faz.net/aktuell/wirtschaft/mehr-wirtschaft/fed-chef-kevin-warsh-verspricht-regimewechsel-201030495.html,https://www.faz.net/aktuell/wirtschaft/mehr-wirtschaft/fed-chef-kevin-warsh-verspricht-regimewechsel-201030495.html,0,www.faz.net,Auftritt im Kongress: Neuer Fed-Chef verspricht „Regimewechsel“,"Kevin Warsh stellt den Amerikanern in seiner ersten Anhörung vor dem Kongress ein Ende hoher Inflationsraten in Aussicht. Und er beteuert, sich nicht von Donald Trump unter Druck setzen zu lassen.",https://media0.faz.net/image/w1200h627/b9b3cf5e6a0f/w6144h3210x0y172o/202607/43601.0.2335120451/keine-toleranz-fuer-inflation.webp,2026-07-14T20:27:40Z,,Kevin Warsh verspricht Amerikanern ein Ende hoher Inflationsraten. In seiner mit Spannung erwarteten ersten Anhörung als Chef der Federal Reserve am Dienstag sagte er: Die Notenbank kann und wird Pre… [+4792 chars],,de,'Inflation'
https://www.faz.net/aktuell/wissen/weltraum/iss-sojus-ms-29-fliegt-mit-russen-und-us-astronaut-201030794.html,https://www.faz.net/aktuell/wissen/weltraum/iss-sojus-ms-29-fliegt-mit-russen-und-us-astronaut-201030794.html,0,www.faz.net,Trotz Ukraine-Krieg: Zwei Russen und ein US-Amerikaner fliegen zur ISS,Der Ukraine-Krieg belastet die Beziehungen zwischen Russland und den USA. Dennoch reist ein Nasa-Chef zu einem russischen Raketenstart ins ferne Kasachstan.,https://media0.faz.net/image/w1200h627/f82766b85be3/w6000h3135x0y435o/202607/43601.0.2335446306/die-internationale-raumstation.webp,2026-07-14T23:15:23Z,,Trotz der Spannungen aufgrund des russisch-ukrainischen Krieges sind zwei russische Kosmonauten mit einem US-Astronauten an Bord eines russischen Raumschiffs zur Internationalen Raumstation ISS geflo… [+2219 chars],,de,'Russland'
https://www.welt.de/wirtschaft/article6a56b602664e99bc41e9323c/zahlen-seit-2020-preise-fuer-lebensmittel-in-deutschland-deutlich-staerker-gestiegen-als-inflation.html,https://www.welt.de/wirtschaft/article6a56b602664e99bc41e9323c/zahlen-seit-2020-preise-fuer-lebensmittel-in-deutschland-deutlich-staerker-gestiegen-als-inflation.html,0,www.welt.de,Preise für Lebensmittel in Deutschland deutlich stärker gestiegen als die Inflation,Zwischen Anfang 2020 und Mitte 2025 haben sich die Lebensmittelpreise nach Angaben der Bundesregierung um mehr als 36 Prozent erhöht. Bei sechs Produkten fallen die Steigerungen besonders stark aus. Eine Linken-Politikerin sieht Handlungsbedarf.,https://images.welt.de/6a56b602664e99bc41e9323c/950cc34028b79f57a02958d369768682-master/ci16x9-w1200/dpa-com-260623-935-1428752-jpg,2026-07-15T00:10:28Z,,"Die Preise für Lebensmittel sind nach Angaben der Bundesregierung seit 2020 deutlich stärker gestiegen als die allgemeine Inflation. Seit Anfang 2020 bis Mitte 2025 erhöhten sie sich um insgesamt 36,… [+1224 chars]",,de,'Inflation'
https://www.zeit.de/news/2026-07/15/trump-droht-iran-mit-angriffen-auf-kraftwerke-und-bruecken,https://www.zeit.de/news/2026-07/15/trump-droht-iran-mit-angriffen-auf-kraftwerke-und-bruecken,0,www.zeit.de,Iran-Krieg: Trump droht Iran mit Angriffen auf Kraftwerke und Brücken,Hier finden Sie Informationen zu dem Thema „Iran-Krieg“. Lesen Sie jetzt „Trump droht Iran mit Angriffen auf Kraftwerke und Brücken“.,https://img.zeit.de/news/2026-07/15/trump-droht-iran-mit-angriffen-auf-kraftwerke-und-bruecken-image-group/wide__1300x731,2026-07-15T01:16:06Z,,"US-Präsident Donald Trump hat dem Iran mit Angriffen auf die zivile Infrastruktur des Landes gedroht. Nächste Woche würden alle Kraftwerke und Brücken zerstört, «es sei denn, sie kommen an den Verhan… [+1770 chars]",,de,'Krieg'
https://www.welt.de/videos/video6a57079d664e99bc41e933de/zahlen-seit-2020-preise-fuer-lebensmittel-in-deutschland-deutlich-staerker-gestiegen-als-die-inflation.html,https://www.welt.de/videos/video6a57079d664e99bc41e933de/zahlen-seit-2020-preise-fuer-lebensmittel-in-deutschland-deutlich-staerker-gestiegen-als-die-inflation.html,0,www.welt.de,Preise für Lebensmittel in Deutschland deutlich stärker gestiegen als die Inflation,Die Preise für Lebensmittel sind nach Angaben der Bundesregierung seit 2020 deutlich stärker gestiegen als die allgemeine Inflation.,https://images.welt.de/6a57079d664e99bc41e933de/041fbc6fcea4fedd66d8533ef716dd52/ci16x9-w1200/dpa-com-260623-935-1428752-jpg,2026-07-15T04:28:54Z,,Die WELT als ePaper: Die vollständige Ausgabe steht Ihnen bereits am Vorabend zur Verfügung so sind Sie immer hochaktuell informiert. Weitere Informationen https://epaper.welt.de,,de,'Inflation'
https://www.zeit.de/wirtschaft/2026-07/lebensmittelpreise-inflation-anstieg-2020-2025-gxe,https://www.zeit.de/wirtschaft/2026-07/lebensmittelpreise-inflation-anstieg-2020-2025-gxe,0,www.zeit.de,Lebensmittelpreise: Lebensmittelpreise in Deutschland seit 2020 über 36 Prozent gestiegen,Die Preise für Lebensmittel sind innerhalb des Zeitraums 2020 bis 2025 deutlich stärker angestiegen als die allgemeine Inflation. Sie erhöhten sich um rund 36 Prozent.,https://img.zeit.de/wirtschaft/2026-07/lebensmittelpreise-inflation-anstieg-2020-2025-foto-1/wide__1300x731,2026-07-15T04:30:03Z,,"Nach Angaben der Bundesregierung sind die Preise für Lebensmittel seit 2020 deutlich stärker gestiegen als die allgemeine Inflation. Seit Anfang 2020 bis Mitte 2025 erhöhten sie sich um insgesamt 36,… [+1076 chars]",,de,'Inflation'
https://www.diepresse.com/37382497/ezb-ratsmitglied-kocher-sehen-derzeit-keine-zweitrundeneffekte,https://www.diepresse.com/37382497/ezb-ratsmitglied-kocher-sehen-derzeit-keine-zweitrundeneffekte,0,www.diepresse.com,EZB-Ratsmitglied Kocher: Sehen derzeit keine Zweitrundeneffekte,"„Wir sehen aktuell ​keine Zweitrundeneffekte, müssen unsere Geldpolitik jedoch auch an den Inflationserwartungen ausrichten“, sagt Österreichs Notenbankchef Martin Kocher.",https://img.diepresse.com/public/incoming/s3j3jh-pk-oenb-realwirtschaftliche-prognose-interimsprognose-kocher-jpg/alternates/WEBP_WIDE_1200/PK%20OENB%20REALWIRTSCHAFTLICHE%20PROGNOSE%20-%20INTERIMSPROGNOSE%20-%20KOCHER%20.jpg,2026-07-15T06:09:49Z,,"Die Presse auf Google als bevorzugte Nachrichtenquelle hinzufügen.
 Österreichs Notenbankchef Martin Kocher betont angesichts gestiegener Ölpreise durch den Iran-Krieg die Handlungsbereitschaft der … [+1760 chars]",,de,'Inflation'
"https://www.gamestar.de/artikel/volkswagen-schafe,3456347.html","https://www.gamestar.de/artikel/volkswagen-schafe,3456347.html",0,www.gamestar.de,News: Energie - Volkswagen setzt auf Schafe statt Roboter: Wie ein Herde unter 31.000 Solarmodulen die Energiewende unterstützt,Die Industrie sucht oft nach immer komplexeren Lösungen – doch manchmal liegt die Antwort in der Vergangenheit.,https://images.cgames.de/images/gamestar/293/volkswagen-schafe-teaser-xatakacom_6429088.jpg,2026-07-15T07:52:00Z,,"Tiere treffen auf Technologie. (Bild: Xataka.com)
In unserer modernen und fortschrittlichen Welt ist es naheliegend, bei neuen Problemen ausgefeilte technische Lösungen zu suchen. Doch Volkswagen ha… [+5002 chars]",,de,'Solar'
https://www.faz.net/aktuell/wirtschaft/unternehmen/business-liveticker-deutsche-bank-razzia-privatkundenfiliale-in-frankfurter-zentrale-durchsucht-faz-200452404.html,https://www.faz.net/aktuell/wirtschaft/unternehmen/business-liveticker-deutsche-bank-razzia-privatkundenfiliale-in-frankfurter-zentrale-durchsucht-faz-200452404.html,0,www.faz.net,Business-Ticker: Deutsche-Bank-Razzia: Privatkundenfiliale in Frankfurter Zentrale durchsucht,"Mitteilung der Staatsanwaltschaft Frankfurt +++ IT-Unternehmen IBM erlöst weniger als erwartet +++ US-Inflation sinkt überraschend stark auf 3,5 Prozent +++ US-Regierung zahlt 81 Milliarden Dollar Zollgebühren an Unternehmen zurück +++ Eichbaum-Brauerei vor d…",https://media0.faz.net/image/w1200h627/af137dd8d4e0/w5760h3009x0y415o/201808/431.0.19068389/die-deutsche-bank-in-frankfurt.webp,2026-07-15T08:10:48Z,,"Chinas Exporte nach Deutschland sind im Juni weiter kräftig gestiegen. In US-Dollar gerechnet lagen sie 27,2 Prozent höher als im Vorjahresmonat, wie aus Daten der Zollbehörde in Peking hervorgeht. C… [+1990 chars]",,de,'Inflation'
https://hallespektrum.de/aktuelles/pflegekosten-in-sachsen-anhalt-steigen-deutlich-staerker-als-die-inflation/477953/,https://hallespektrum.de/aktuelles/pflegekosten-in-sachsen-anhalt-steigen-deutlich-staerker-als-die-inflation/477953/,0,hallespektrum.de,Pflegekosten in Sachsen-Anhalt steigen deutlich stärker als die Inflation,"Die Preise für Pflegeleistungen in Sachsen-Anhalt sind seit 2020 erheblich stärker gestiegen als die allgemeine Inflation. Wie das Statistische Landesamt mitteilt, lag die Teuerungsrate im Jahr 2025 gegenüber 2020 bei 23,5 Prozent. Demgegenüber verteuerten si…",https://hallespektrum.de/wp-content/uploads/2024/07/Pflegeheim.jpg,2026-07-15T08:28:56Z,,"Die Preise für Pflegeleistungen in Sachsen-Anhalt sind seit 2020 erheblich stärker gestiegen als die allgemeine Inflation. Wie das Statistische Landesamt mitteilt, lag die Teuerungsrate im Jahr 2025 … [+1467 chars]",,de,'Inflation'
https://www.zeit.de/news/2026-07/15/verfolgungsfahrt-polizei-sucht-bewaffneten-autofahrer,https://www.zeit.de/news/2026-07/15/verfolgungsfahrt-polizei-sucht-bewaffneten-autofahrer,0,www.zeit.de,Bedrohung und Unfallflucht: Verfolgungsfahrt: Polizei sucht bewaffneten Autofahrer,Hier finden Sie Informationen zu dem Thema „Bedrohung und Unfallflucht“. Lesen Sie jetzt „Verfolgungsfahrt: Polizei sucht bewaffneten Autofahrer“.,https://img.zeit.de/news/2026-07/15/verfolgungsfahrt-polizei-sucht-bewaffneten-autofahrer-image-group/wide__1300x731,2026-07-15T09:12:10Z,,Nach einer gefährlichen Verfolgungsfahrt durch Lüdenscheid im Sauerland mitsamt Unfall ist ein mutmaßlich bewaffneter Autofahrer der Polizei entwischt. Der Gesuchte war zuvor wegen einer strittigen V… [+1105 chars],,de,'Bedrohung'
https://www.zeit.de/news/2026-07/15/deutschland-beteiligt-sich-an-manoever-der-ukraine-koalition,https://www.zeit.de/news/2026-07/15/deutschland-beteiligt-sich-an-manoever-der-ukraine-koalition,0,www.zeit.de,Ukraine-Krieg: Deutschland beteiligt sich an Manöver der Ukraine-Koalition,Hier finden Sie Informationen zu dem Thema „Ukraine-Krieg“. Lesen Sie jetzt „Deutschland beteiligt sich an Manöver der Ukraine-Koalition“.,https://img.zeit.de/news/2026-07/15/deutschland-beteiligt-sich-an-manoever-der-ukraine-koalition-image-group/wide__1300x731,2026-07-15T10:39:15Z,,Deutschland wird sich doch an dem ersten Manöver der von Ukraine-Verbündeten gegründeten «Koalition der Willigen» beteiligen. Am Freitag werde man in einer Sitzung des deutsch-französischen Sicherhei… [+2012 chars],,de,'Ukraine'
https://www.teltarif.de/eufy-solocam-ueberwachung-solar-wlan-kamera-aussen/news/104716.html,https://www.teltarif.de/eufy-solocam-ueberwachung-solar-wlan-kamera-aussen/news/104716.html,0,www.teltarif.de,KI-Kamera für draußen: Solar & 2K-Auflösung - ohne Cloud-Abo,"Die eufy SoloCam S220 überwacht Außenbereiche ohne Steckdose oder Cloud-Abo. Dank integriertem Solarpanel, 2K-Auflösung und lokalem Speicher bietet die Kamera eine flexible Lösung für die Überwachung von Garten, Hof oder Einfahrt.",https://www.teltarif.de/img/arch/2026/kw29/eufy-solocam-ueberwachungskamera-solar-wlan-kamera-aussen-1og.jpg,2026-07-15T10:40:34Z,,"Die lückenlose Überwachung von Außen­berei­chen scheitert oftmals an einer fehlenden Strom­versor­gung. Kabellose Kameras mit inte­griertem Solarpaneel lösen dieses Problem, da sie sich bei ausrei­ch… [+4228 chars]",,de,'Solar'
https://www.derstandard.at/story/3000000331550/solar-foerderung-in-33-sekunden-weg-wie-der-sparkurs-den-photovoltaik-boom-ausbremst,https://www.derstandard.at/story/3000000331550/solar-foerderung-in-33-sekunden-weg-wie-der-sparkurs-den-photovoltaik-boom-ausbremst,0,www.derstandard.at,Solar-Förderung in 33 Sekunden weg: Wie der Sparkurs den Photovoltaik-Boom ausbremst,Nur ein Bruchteil der Anträge war erfolgreich. Die Regierung verspricht nun eine Reform – doch das Geld bleibt knapp,https://i.ds.at/18ZmWA/rs:fill:1200:600/plain/lido-images/2026/07/15/43804e47-07c2-4d78-8fa7-6b995c38b96f.jpg,2026-07-15T12:55:47Z,,"Sie entscheiden darüber, wie Sie unsere Inhalte nutzen wollen. Ihr Gerät erlaubt uns derzeit leider nicht, die entsprechenden Optionen anzuzeigen.
Bitte deaktivieren Sie sämtliche Hard- und Software… [+180 chars]",,de,'Solar'
https://www.zeit.de/news/2026-07/15/eu-und-ukraine-schliessen-drohnen-deal-schiffe-angegriffen,https://www.zeit.de/news/2026-07/15/eu-und-ukraine-schliessen-drohnen-deal-schiffe-angegriffen,0,www.zeit.de,Verteidigung gegen Russland: EU und Ukraine schließen Drohnen-Deal - Schiffe angegriffen,Hier finden Sie Informationen zu dem Thema „Verteidigung gegen Russland“. Lesen Sie jetzt „EU und Ukraine schließen Drohnen-Deal - Schiffe angegriffen“.,https://img.zeit.de/news/2026-07/15/eu-und-ukraine-schliessen-drohnen-deal-schiffe-angegriffen-image-group/wide__1300x731,2026-07-15T13:02:28Z,,Vor dem Hintergrund weiterer massiver ukrainischer Angriffe auf russische Schiffe und andere Ziele schließen die EU und Kiew eine neue Partnerschaft zur gemeinsamen Produktion von Drohnen. Wie EU-Kom… [+4960 chars],,de,'Russland'
https://www.zeit.de/politik/ausland/2026-07/drohnen-ukraine-revolution-ulrike-franke,https://www.zeit.de/politik/ausland/2026-07/drohnen-ukraine-revolution-ulrike-franke,0,www.zeit.de,Ulrike Franke: Was kommt als Nächstes? »Drohnenschwärme«,"Drohnen haben Krieg auf Arten verändert, die niemand erwartet hatte, sagt die Forscherin Ulrike Franke. Jeder Soldat müsse sie verstehen – ob als Operateur oder Gejagter.",https://img.zeit.de/politik/ausland/2026-07/drohnen-ukraine-revolution-ulrike-franke-bild/wide__1300x731,2026-07-15T14:00:58Z,,"Die deutsche Politologin Ulrike Franke hat in ihrer Doktorarbeit 
untersucht, wie Drohnen die Kriegsführung verändern. Sie forscht zu 
Verteidigungs- und Sicherheitspolitik und arbeitet beim Europe… [+341 chars]",,de,'Ukraine'
https://stadt-bremerhaven.de/sicherheitsluecke-bei-hoymiles-wechselrichtern-hersteller-kuendigt-update-an/,https://stadt-bremerhaven.de/sicherheitsluecke-bei-hoymiles-wechselrichtern-hersteller-kuendigt-update-an/,0,stadt-bremerhaven.de,Sicherheitslücke bei Hoymiles-Wechselrichtern: Hersteller kündigt Update an,Der Chaos Computer Club (CCC) hat vor wenigen Tagen für ordentlich Wirbel in der Solar-Szene gesorgt. Die IT-Sicherheitsexperten warnten vor einer gravierenden Sicherheitslücke bei Mikro-Wechselrichtern des Herstellers Hoymiles. Der Knackpunkt: Die Steuerung …,https://stadt-bremerhaven.de/wp-content/uploads/2024/07/balkonkraftwerk.jpg,2026-07-15T16:00:11Z,,Der Chaos Computer Club (CCC) hat vor wenigen Tagen für ordentlich Wirbel in der Solar-Szene gesorgt. Die IT-Sicherheitsexperten warnten vor einer gravierenden Sicherheitslücke bei Mikro-Wechselricht… [+1689 chars],,de,'Solar'
https://www.zeit.de/politik/ausland/2026-07/ruestungsexporte-bundesregierung-anstieg-kriegswaffen-genehmigungen,https://www.zeit.de/politik/ausland/2026-07/ruestungsexporte-bundesregierung-anstieg-kriegswaffen-genehmigungen,0,www.zeit.de,"Rüstungsexporte: Bundesregierung genehmigt Rüstungsexporte für 13,87 Milliarden Euro",Die Bundesregierung hat Genehmigungen für Rüstungsexporte in Rekordhöhe erteilt. Das wichtigste Empfängerland der deutschen Waffenexporte bleibt die Ukraine.,https://img.zeit.de/politik/ausland/2026-07/ruestungsexporte-bundesregierung-anstieg-kriegswaffen-genehmigungen-foto-1/wide__1300x731,2026-07-15T16:29:49Z,,Die deutschen Rüstungsexporte haben erneut einen Höchstwert erreicht. Nach vorläufigen Angaben des Bundeswirtschaftsministeriums wurden allein im ersten Halbjahr 2026 Genehmigungen für die Ausfuhr vo… [+798 chars],,de,'Ukraine'
https://www.zeit.de/news/2026-07/15/eu-haelt-trotz-hoher-oel-preise-an-russland-preisdeckel-fest,https://www.zeit.de/news/2026-07/15/eu-haelt-trotz-hoher-oel-preise-an-russland-preisdeckel-fest,0,www.zeit.de,Ukraine-Krieg: EU hält trotz hoher Öl-Preise an Russland-Preisdeckel fest,Hier finden Sie Informationen zu dem Thema „Ukraine-Krieg“. Lesen Sie jetzt „EU hält trotz hoher Öl-Preise an Russland-Preisdeckel fest“.,https://img.zeit.de/news/2026-07/15/eu-haelt-trotz-hoher-oel-preise-an-russland-preisdeckel-fest-image-group/wide__1300x731,2026-07-15T16:36:11Z,,Die EU wird ihr Sanktionssystem zur Begrenzung von Russlands Einnahmen aus Ölexporten trotz der gestiegenen Weltmarktpreise wegen des Iran-Kriegs vorerst nicht lockern. Vertreter der Mitgliedstaaten … [+2042 chars],,de,'Krieg'
https://www.zeit.de/politik/ausland/2026-07/sicherheitszusammenarbeit-finnland-russland-zivilschutz-gesellschaft,https://www.zeit.de/politik/ausland/2026-07/sicherheitszusammenarbeit-finnland-russland-zivilschutz-gesellschaft,0,www.zeit.de,Sicherheitszusammenarbeit mit Finnland: Johann Wadephul lobt Finnlands Widerstandskraft gegen Russland,"Für den Bundesaußenminister ist Finnland ein Vorbild im Bemühen, sich Bedrohungen aus Russland zu erwehren. Wadephul informiert sich in Helsinki über den Grenzschutz.",https://img.zeit.de/politik/ausland/2026-07/sicherheitszusammenarbeit-finnland-russland-zivilschutz-gesellschaft-foto-1/wide__1300x731,2026-07-15T17:26:53Z,,Deutschland und Finnland wollen ihre Zusammenarbeit in der Sicherheitspolitik angesichts von andauernden Bedrohungen durch Russland verstärken. Es gehe um den Schutz vor hybriden Angriffen und die Cy… [+880 chars],,de,'Bedrohung'
https://www.zeit.de/news/2026-07/15/rosatom-drohne-toetet-chefingenieur-des-akw-saporischschja,https://www.zeit.de/news/2026-07/15/rosatom-drohne-toetet-chefingenieur-des-akw-saporischschja,0,www.zeit.de,Ukraine-Krieg: Rosatom: Drohne tötet Chefingenieur des AKW Saporischschja,Hier finden Sie Informationen zu dem Thema „Ukraine-Krieg“. Lesen Sie jetzt „Rosatom: Drohne tötet Chefingenieur des AKW Saporischschja“.,https://img.zeit.de/news/2026-07/15/rosatom-drohne-toetet-chefingenieur-des-akw-saporischschja-image-group/wide__1300x731,2026-07-15T18:39:50Z,,Eine ukrainische Drohne soll nach russischen Angaben den Chefingenieur des besetzten Atomkraftwerks Saporischschja in der Südostukraine getötet haben. «Eine Drohne der ukrainischen Streitkräfte griff… [+1515 chars],,de,'Ukraine'
https://www.zeit.de/news/2026-07/16/usa-erhoehen-mit-neuen-angriffen-und-drohungen-druck-auf-iran,https://www.zeit.de/news/2026-07/16/usa-erhoehen-mit-neuen-angriffen-und-drohungen-druck-auf-iran,0,www.zeit.de,Iran-Krieg: USA erhöhen mit neuen Angriffen und Drohungen Druck auf Iran,Hier finden Sie Informationen zu dem Thema „Iran-Krieg“. Lesen Sie jetzt „USA erhöhen mit neuen Angriffen und Drohungen Druck auf Iran“.,https://img.zeit.de/news/2026-07/16/usa-erhoehen-mit-neuen-angriffen-und-drohungen-druck-auf-iran-image-group/wide__1300x731,2026-07-16T00:33:10Z,,Nach den neuen Angriffen und Drohungen der USA gegen den Iran scheint eine diplomatische Lösung erneut in weite Ferne gerückt zu sein. Das US-Militär startete am Mittwoch gleich zwei Angriffswellen u… [+6021 chars],,de,'Krieg'
https://www.faz.net/aktuell/politik/ukraine/ukraine-liveticker-russland-wirft-ukraine-toetung-von-akw-chefingenieur-vor-faz-110683325.html,https://www.faz.net/aktuell/politik/ukraine/ukraine-liveticker-russland-wirft-ukraine-toetung-von-akw-chefingenieur-vor-faz-110683325.html,0,www.faz.net,Liveblog Ukrainekrieg: Russland wirft Ukraine Tötung von Akw-Chefingenieur vor,Russland feuert wieder ballistische Raketen auf Kiew +++ Abermals Tote nach russischen Angriffen in Saporischschja +++ Ukraine vor Wechsel im Verteidigungsministerium +++  alle Neuigkeiten im Liveblog,https://media0.faz.net/image/w1200h627/4325d360717b/w6000h3135x0y433o/202607/43601.0.2339132291/auf-diesem-waehrend-einer-vom.webp,2026-07-16T01:40:00Z,,Eine ukrainische Drohne soll nach russischen Angaben den Chefingenieur des besetzten Atomkraftwerks Saporischschja in der Südostukraine getötet haben. Eine Drohne der ukrainischen Streitkräfte griff … [+795 chars],,de,'Russland'
https://www.tagesschau.de/ausland/europa/raketen-auf-kiew-100.html,https://www.tagesschau.de/ausland/europa/raketen-auf-kiew-100.html,0,www.tagesschau.de,Russland feuert Raketen auf Kiew ab,"Russland hat die ukrainische Hauptstadt Kiew erneut mit ballistischen Raketen angegriffen. Laut Bürgermeister Klitschko gab es mehrere Einschläge. Moskau wirft der Ukraine vor, den Chefingenieur von Saporischschja getötet zu haben.",https://images.tagesschau.de/image/eb7ecf6b-2744-4f3f-a066-eccbff2fd000/AAABn2BQ0EQ/AAABnSSvrFg/16x9-big/karte-ukraine-frontverlaeufe-2196.jpg?width=1280,2026-07-16T02:31:44Z,,"Stand: 16.07.2026 04:31 Uhr
Russland hat die ukrainische Hauptstadt Kiew erneut mit ballistischen Raketen angegriffen. Laut Bürgermeister Klitschko gab es mehrere Einschläge. Moskau wirft der Ukrain… [+1612 chars]",,de,'Ukraine'
https://www.zeit.de/politik/deutschland/2026-07/desinformation-russland-medien-wahl,https://www.zeit.de/politik/deutschland/2026-07/desinformation-russland-medien-wahl,0,www.zeit.de,Landtagswahl Sachsen-Anhalt: Lügengrüße aus Moskau,"Im Netz werden Fake News über Landtagskandidaten verbreitet. Die Desinformationen kommen als Videos seriöser Medien daher, ihre Spur führt nach Russland.",https://img.zeit.de/digital/2026-07/desinformation-russland-medien/wide__1300x731,2026-07-16T07:02:49Z,,"Die Anschuldigungen gegen zwei prominente Bewerber zur Landtagswahl in Sachsen-Anhalt klingen dramatisch: Eine Kandidatin soll alte Menschen ermordet haben, um an deren Immobilien zu gelangen. Ein an… [+962 chars]",,de,'Russland'
https://www.prnewswire.com/news-releases/das-studententeam-solar-team-eindhoven-stellt-stella-juva-vor-der-weltweit-erste-solarbetriebene-krankenwagen-302824781.html,https://www.prnewswire.com/news-releases/das-studententeam-solar-team-eindhoven-stellt-stella-juva-vor-der-weltweit-erste-solarbetriebene-krankenwagen-302824781.html,0,www.prnewswire.com,"Das Studententeam „Solar Team Eindhoven"" stellt Stella Juva vor: Der weltweit erste solarbetriebene Krankenwagen","EINDHOVEN, Niederlande, 16. Juli 2026 /PRNewswire/ -- Das niederländische Studententeam „Solar Team Eindhoven"" hat ein neues Konzept für nachhaltige medizinische Mobilität vorgestellt: Stella Juva. Das Team hat sich zum Ziel gesetzt, die medizinische Versorgu…",,2026-07-16T07:57:00Z,,"EINDHOVEN, Niederlande, 16. Juli 2026 /PRNewswire/ -- Das niederländische Studententeam Solar Team Eindhoven"" hat ein neues Konzept für nachhaltige medizinische Mobilität vorgestellt: Stella Juva. Da… [+2459 chars]",,de,'Solar'
https://www.zeit.de/wirtschaft/2026-07/geldanlage-krieg-kriegsgewinnler-hedge-versicherung-kleinanleger,https://www.zeit.de/wirtschaft/2026-07/geldanlage-krieg-kriegsgewinnler-hedge-versicherung-kleinanleger,0,www.zeit.de,Geldanlage im Krieg: Kriegsgewinnler wie ich,"Der Irankrieg hat ein Massenphänomen geboren: zocken auf die Eskalation. Kleinanleger feiern Rekordgewinne. Ist es unmoralisch, am Unglück der Welt mitzuverdienen?",https://img.zeit.de/wirtschaft/2026-07/hormuz-krieg-spekulation-oel-bild/wide__1300x731,2026-07-16T08:36:51Z,,"Ich habe in diesem Krieg schon gewonnen. Im März, als die US-amerikanischen Bomber Richtung Iran flogen, sicherte ich mein kleines Depot gegen die Weltlage ab mit fünf Klicks auf einer Handelsplattfo… [+369 chars]",,de,'Krieg'
https://www.prnewswire.com/news-releases/die-technologischen-durchbruche-hinter-huaweis-smart-string-ess-plattform-der-nachsten-generation-mit-netzbildender-funktion-302827499.html,https://www.prnewswire.com/news-releases/die-technologischen-durchbruche-hinter-huaweis-smart-string-ess-plattform-der-nachsten-generation-mit-netzbildender-funktion-302827499.html,0,www.prnewswire.com,Die technologischen Durchbrüche hinter Huaweis Smart-String-ESS-Plattform der nächsten Generation mit netzbildender Funktion,"Die neue „Smart-String-Grid-Forming""-ESS-Plattform von Huawei FusionSolar, LUTERRA, basiert auf technologischen Durchbrüchen, die darauf ausgelegt sind, den Erfolg der Kunden zu fördern. MÜNCHEN, 16. Juli 2026 /PRNewswire/ -- Huawei hat LUTERRA letzten Monat …",https://mma.prnewswire.com/media/3006153/image1.jpg?p=facebook,2026-07-16T11:07:00Z,,"Die neue Smart-String-Grid-Forming""-ESS-Plattform von Huawei FusionSolar, LUTERRA, basiert auf technologischen Durchbrüchen, die darauf ausgelegt sind, den Erfolg der Kunden zu fördern.
MÜNCHEN, 16.… [+8305 chars]",,de,'Solar'
https://www.faz.net/aktuell/finanzen/hohe-tagesgeldzinsen-so-schlaegt-ihr-geld-wieder-die-inflation-201037170.html,https://www.faz.net/aktuell/finanzen/hohe-tagesgeldzinsen-so-schlaegt-ihr-geld-wieder-die-inflation-201037170.html,0,www.faz.net,Hohe Tagesgeldzinsen: Sparen lohnt sich,"Wer Kunde einer Sparkasse oder Volksbank ist, sollte nach rechts und links schauen. Auch mit Tagesgeld lässt sich der Inflation ein Schnäppchen schlagen.",https://media0.faz.net/image/w1200h627/60b01c2f8e3b/w6144h3210x0y763o/202607/43601.0.2342112821/im-richtigen-konto-laesst-sich.webp,2026-07-16T14:03:01Z,,"Immer mehr ausländische Banken drängen auf den deutschen Privatkundenmarkt. Gibt es nicht schon genug Banken in Deutschland? Das sicherlich, aber aus Sicht des Sparers eben nicht die richtigen. Gerad… [+1286 chars]",,de,'Inflation'
https://www.zeit.de/politik/2026-07/mychajlo-fedorow-verteidigungsminister-ruecktritt-nachrichtenpodcast,https://www.zeit.de/politik/2026-07/mychajlo-fedorow-verteidigungsminister-ruecktritt-nachrichtenpodcast,0,www.zeit.de,"Mychajlo Fedorow : Der ukrainische Verteidigungsminister geht, das Volk protestiert",Mit der Regierungsumbildung in der Ukraine muss auch Verteidigungsminister Fedorow gehen. Welche Ziele verfolgt Selenskyj damit? Und: Härtere Maßnahmen bei Steuerbetrug,https://img.zeit.de/politik/ausland/2026-07/ukrainischer-verteidigungsminister-ruecktritt-nachrichtenpodcast-bild/wide__1300x731,2026-07-16T14:09:57Z,,"Der ukrainische Präsident Wolodymyr Selenskyj plant eine umfassende Regierungsumbildung. Nachdem Ministerpräsidentin Julija Swyrydenko auf seine Bitte hin zurückgetreten ist, muss laut ukrainischer V… [+2194 chars]",,de,'Ukraine'
https://www.freitag.de/autoren/hans-georg-ehrhart/ukraine-krieg-bringt-selenskyjs-drei-saeulen-plan-uns-naeher-an-den-weltkrieg,https://www.freitag.de/autoren/hans-georg-ehrhart/ukraine-krieg-bringt-selenskyjs-drei-saeulen-plan-uns-naeher-an-den-weltkrieg,0,www.freitag.de,Ukraine | Bringt Selenskyjs „Drei-Säulen-Plan“ uns näher an den nächsten Weltkrieg?,Der ukrainische Verteidigungsminister will „jeden Tag zu einer existenziellen Bedrohung für Russland“ machen. Merz beschließt derweil eine „strategische Partnerschaft“ mit Kiew. Stehen wir an einem der gefährlichsten Punkte des Konfliktes? Eskalationsgefahr i…,https://www.freitag.de/autoren/hans-georg-ehrhart/ukraine-krieg-bringt-selenskyjs-drei-saeulen-plan-uns-naeher-an-den-weltkrieg/@@images/image/great,2026-07-16T14:23:00Z,,"Eskalationsgefahr ist ein häufig verwendeter Begriff in Kriegsanalysen. Er reflektiert, dass sich Konfliktakteure wechselseitig immer stärkeren Schaden zufügen, um den eigenen politischen Willen durc… [+5253 chars]",,de,'Ukraine'
https://www.nzz.ch/meinung/streit-in-der-militaerfuehrung-die-ukraine-schwaecht-sich-mit-der-affaere-fedorow-selber-ld.10015787,https://www.nzz.ch/meinung/streit-in-der-militaerfuehrung-die-ukraine-schwaecht-sich-mit-der-affaere-fedorow-selber-ld.10015787,0,www.nzz.ch,"KOMMENTAR - Stark an der Front, aber zerstritten an der Spitze: Die Ukraine schwächt sich mit dem Konflikt in ihrer Militärführung selber","Der Machtkampf bei den ukrainischen Streitkräften ist entschieden; Verteidigungsminister Fedorow muss über die Klinge springen. Dass die Ukraine diesen Modernisierer verliert, ist ein Verlust und zeigt die Schwächen von Präsident Selenskis Führungsstil.","https://img-msp-prod.nzz.ch/2026/07/16/673d69cd-0bb4-41a7-874f-66c563f2c4db.jpg?width=1200&height=675&fit=bounds&quality=75&auto=webp&crop=4431,2493,x62,y0&wmark=nzz",2026-07-16T14:25:24Z,,"Der Machtkampf bei den ukrainischen Streitkräften ist entschieden; Verteidigungsminister Fedorow muss über die Klinge springen. Dass die Ukraine diesen Modernisierer verliert, ist ein Verlust und zei… [+4751 chars]",,de,'Ukraine'
https://www.tagesspiegel.de/internationales/gibt-er-geheimdienstinformationen-preis-us-republikaner-sollen-angesichts-trumps-geplanter-rede-panische-angst-haben-15846845.html,https://www.tagesspiegel.de/internationales/gibt-er-geheimdienstinformationen-preis-us-republikaner-sollen-angesichts-trumps-geplanter-rede-panische-angst-haben-15846845.html,0,www.tagesspiegel.de,Gibt er Geheimdienstinformationen preis?: US-Republikaner sollen angesichts Trumps geplanter Rede „panische Angst“ haben,"Trump kündigte für Donnerstagabend eine Rede mit „wirklich, wirklich großen Neuigkeiten“ an. Die US-Republikaner befürchten, dass er die angebliche Einmischung Chinas in die Wahl 2020 thematisieren könnte.",https://www.tagesspiegel.de/images/15847439/alternates/BASE_16_9_W1400/1784211319000/president-trump-addresses-pennsylvania-defense-and-innovation-summit.jpeg,2026-07-16T14:29:15Z,,US-Präsident Donald Trump plant am Donnerstagabend eine Rede zur besten Sendezeit und könnte dabei sensible Geheimdienstinformationen über eine angebliche Einmischung Chinas in die Wahl 2020 veröffen… [+7049 chars],,de,'Ukraine'
https://www.faz.net/aktuell/politik/ausland/eu-und-ukraine-schliessen-verteidigungspartnerschaft-201035693.html,https://www.faz.net/aktuell/politik/ausland/eu-und-ukraine-schliessen-verteidigungspartnerschaft-201035693.html,0,www.faz.net,RüstungsPartnerschaft: Wie die EU von Kiews Drohnenfähigkeiten profitieren will,Die EU investiert Milliarden in eine Verteidigungskooperation mit der Ukraine. Allerdings profitiert davon ein Nicht-EU-Land besonders.,https://media0.faz.net/image/w1200h627/012ec8cf034f/w6031h3151x0y434o/202602/43601.0.1765867665/ein-arbeiter-inspiziert-im.webp,2026-07-16T14:56:11Z,,Die EU-Kommission und die Ukraine haben eine Industriepartnerschaft für die Verteidigung der Ukraine auf den Weg gebracht. Im Zentrum soll zunächst die gemeinsame Produktion von Drohnen und Drohnenab… [+3323 chars],,de,'Ukraine'
https://www.n-tv.de/politik/Verteidigungsminister-Fedorow-geht-mit-einem-grossen-Knall-id31093999.html,https://www.n-tv.de/politik/Verteidigungsminister-Fedorow-geht-mit-einem-grossen-Knall-id31093999.html,0,www.n-tv.de,Machtkampf in der Ukraine: Verteidigungsminister Fedorow geht mit einem großen Knall,Schon wieder wechselt Präsident Selenskyj den Verteidigungsminister aus. Der junge Reformer Mychajlo Fedorow war nur ein halbes Jahr im Amt. Hinter seiner Entlassung steht ein Machtkampf mit der Armeeführung.,https://www.n-tv.de/img/31094087/1784218314/Img_16_9/1200/KYIV-UKRAINE-JULY-16-Defense-minister-of-Ukraine-Mykhailo-Fedorov-gives-a-briefing-after-his-dismissal-from-his-position-by-President-of-Ukraine-Volodymyr-Zelenskyy-in-Kyiv-Ukraine-on-July-16-2026.jpg,2026-07-16T14:56:17Z,,"Verteidigungsminister Fedorow gibt zum Abschied eine Pressekonferenz. (Foto: picture alliance / Anadolu)
Schon wieder wechselt Präsident Selenskyj den Verteidigungsminister aus. Der junge Reformer M… [+6996 chars]",,de,'Ukraine'
https://www.n-tv.de/politik/Anschlag-in-Monaco-Oligarch-bezichtigt-ukrainischen-Geheimdienst-id31093876.html,https://www.n-tv.de/politik/Anschlag-in-Monaco-Oligarch-bezichtigt-ukrainischen-Geheimdienst-id31093876.html,0,www.n-tv.de,Auftrag aus Kiewer Ministerium?: Anschlag in Monaco: Oligarch bezichtigt ukrainischen Geheimdienst,"In Monaco wird ein ukrainischer Oligarch, der von Kiew der Kooperation mit Moskau bezichtigt wird, bei einem mutmaßlichen Attentat schwer verletzt. Die tatverdächtige Ukrainerin flieht in ihre Heimat und wird dort erschossen. Der Geschäftsmann erhebt nun bris…",https://www.n-tv.de/img/31093911/1784216937/Img_16_9/1200/Court-officers-escort-former-Security-Service-of-Ukraine-SBU-officer-Vitalii-Zhykovych-one-of-two-suspects-in-the-murder-case-of-Anastasiia-Berezovska-into-the-courtroom-at-the-Pecherskyi-District-Court-for-a-hearing-on-a-preventive-measure-Kyiv-Ukraine-on-July-9-2026-The-court-remanded-him-in-custody-for-60-days-without-the-right-to-post-bail-Two-people-have-been-detained-in-connection-with-the-murder-investigation-former-law-enforcement-officer-Vitalii-Zhykovych-and-serving-Defence-Intelligence-of-Ukraine-HUR-officer-Vladyslav-Reut.jpg,2026-07-16T15:01:44Z,,"Auftrag aus Kiewer Ministerium?Anschlag in Monaco: Oligarch bezichtigt ukrainischen Geheimdienst
Einer von zwei Verdächtigen, der die mögliche Attentäterin von Monaco getötet haben soll, wird ins Ge… [+2121 chars]",,de,'Ukraine'
https://www.tagesspiegel.de/internationales/ukraine-invasion-tag-1604-was-ukrainische-soldaten-zur-absetzung-fedorows-sagen-15847747.html,https://www.tagesspiegel.de/internationales/ukraine-invasion-tag-1604-was-ukrainische-soldaten-zur-absetzung-fedorows-sagen-15847747.html,0,www.tagesspiegel.de,"Ukraine-Invasion, Tag 1604: Was ukrainische Soldaten zur Absetzung Fedorows sagen",Opfer von Explosion in Monaco bezichtigt Geheimdienst. Und: Drohnenteile aus China mit EU-Geld. Der Nachrichtenüberblick.,https://www.tagesspiegel.de/images/15847311/alternates/BASE_16_9_W1400/1784209658000/briefing-of-former-ukrainian-defence-minister-mykhailo-fedorov-in-kyiv.jpeg,2026-07-16T15:26:48Z,,"eine bekannte Aktivistin mit Wurzeln auf der Krim zurückgesteckte braune Haare, ernster Blick steht am Donnerstagmorgen auf dem Ivan-Franko-Platz in der Kyjiwer Innenstadt. Sie hat auf ein Stück Papp… [+4214 chars]",,de,'Ukraine'
https://www.freitag.de/autoren/gerd-meissner/regierungsumbildung-in-kiew-ein-neuer-held-kein-neues-modell,https://www.freitag.de/autoren/gerd-meissner/regierungsumbildung-in-kiew-ein-neuer-held-kein-neues-modell,0,www.freitag.de,Hat er Kontakte zu kriminellen Netzwerken? Was der neue ukrainische Premier verschweigt,"Wolodymyr Selenskyj hat einen neuen Premier gefunden: einen Manager ohne jede politische Erfahrung, dafür aber mit besten Beziehungen ins Machtgefüge der Hauptstadt. Kann er die Ukraine durch den härtesten Winter seit Kriegsbeginn bringen? Wolodymyr Selenskyj…",https://www.freitag.de/autoren/gerd-meissner/regierungsumbildung-in-kiew-ein-neuer-held-kein-neues-modell/@@images/image/great,2026-07-16T15:29:00Z,,"Wolodymyr Selenskyj hat einen neuen Hoffnungsträger gefunden – und ausgerechnet dessen größte Schwäche wird zu seiner größten Stärke. Sergej Koretzky, den der ukrainische Präsident zum Premierministe… [+4989 chars]",,de,'Ukraine'
https://orf.at/stories/3436353/,https://orf.at/stories/3436353/,0,orf.at,Unmut nach Regierungsumbau in Ukraine,"Die Umbildung der ukrainischen Regierung inmitten des Krieges sorgt bei der Bevölkerung aktuell für großen Unmut. Nachdem bekanntwurde, dass der beliebte Verteidigungsminister Mychailo Fedorow geht, protestierten am Donnerstag Tausende Menschen in zahlreichen…",https://ibs.orf.at/news?image=https%3A%2F%2Fassets.orf.at%2Fmims%2F2026%2F29%2F22%2Fcrops%2Fw%3D1200%2Ch%3D630%2Cq%3D75%2F3115730_master_1207122_2026-07-16t084442z_271075674_rc2wemaeof3d_rtrmadp_3_ukraine-crisis-government-protest.jpg%3Fs%3D241eb41987014756acc058c70c6bf0fd99aed544,2026-07-16T15:38:46Z,,Die Demonstrierenden in Kiew skandierten vor dem Sitz von Präsident Wolodymyr Selenskyj Rufe wie Schande und Bring Fedorow zurück. Einige der Protestteilnehmerinnen und -teilnehmer schwenkten EU- und… [+5452 chars],,de,'Krieg'
https://www.tagesschau.de/inland/innenpolitik/wadephul-norwegen-finnland-100.html,https://www.tagesschau.de/inland/innenpolitik/wadephul-norwegen-finnland-100.html,0,www.tagesschau.de,"Wadephul an der NATO-Nordflanke: Alles, nur kein Alarmismus","Erst Norwegen, dann Finnland: Vier Tage war Außenminister Wadephul an der NATO-Nordflanke unterwegs. Und immer wieder geht es um eine Frage: Wie kann man sich besser gegen Russland schützen? Von Christina Nagel.",https://images.tagesschau.de/image/442b4ca3-01b2-4d33-acf2-de942a2a9721/AAABn2sgObg/AAABnSSvrFg/16x9-big/wadephul-378.jpg?width=1280,2026-07-16T16:00:35Z,,"Stand: 16.07.2026 18:00 Uhr
Erst Norwegen, dann Finnland: Vier Tage war Außenminister Wadephul an der NATO-Nordflanke unterwegs. Und immer wieder geht es um eine Frage: Wie kann man sich besser gege… [+6693 chars]",,de,'Ukraine'
https://www.n-tv.de/politik/Ukraine-hat-eine-neue-Regierung-Verteidigungsministerposten-offen-id31094373.html,https://www.n-tv.de/politik/Ukraine-hat-eine-neue-Regierung-Verteidigungsministerposten-offen-id31094373.html,0,www.n-tv.de,Wen schlägt Selenskyj vor?: Ukraine hat eine neue Regierung - Verteidigungsministerposten offen,"In der Ukraine gibt es zahlreiche Wechsel auf Ministerposten. Auch an der Spitze des Verteidigungsressorts soll es zu einer Veränderung kommen. Doch bislang hat Präsident Selenskyj dafür keinen Vorschlag gemacht. Der bisherige Amtsinhaber Fedorow hofft, dass …",https://www.n-tv.de/img/31094441/1784222118/Img_16_9/1200/The-results-of-voting-for-Serhii-Koretskyi-is-pictured-during-a-regular-plenary-session-that-is-being-broadcast-to-journalists-on-the-screen-at-the-press-centre-of-the-Ukrainian-Parliament-Kyiv-Ukraine-July-16-2026-The-Verkhovna-Rada-supported-the-Presidents-proposal-to-appoint-Serhii-Koretskyi-as-the-Prime-Minister-of-Ukraine-As-reported-289-MPs-voted-in-favour-of-the-decision.jpg,2026-07-16T16:03:30Z,,"Das Ergebnis für Regierungschef Serhij Korezkyj - er wurde mit großer Mehrheit gewählt. (Foto: IMAGO/Ukrinform)
In der Ukraine gibt es zahlreiche Wechsel auf Ministerposten. Auch an der Spitze des V… [+1663 chars]",,de,'Ukraine'
https://www.n-tv.de/politik/Ukraine-hat-eine-neue-Regierung-Ueberraschung-beim-Verteidigungsministerposten-id31094373.html,https://www.n-tv.de/politik/Ukraine-hat-eine-neue-Regierung-Ueberraschung-beim-Verteidigungsministerposten-id31094373.html,0,www.n-tv.de,Geheimdienstler soll es machen: Ukraine hat eine neue Regierung - Überraschung beim Verteidigungsministerposten,In der Ukraine gibt es zahlreiche Wechsel auf Ministerposten. Auch an der Spitze des Verteidigungsressorts soll es zu einer Veränderung kommen. Präsident Selenskyj legt sich dabei nun doch nicht auf den bisherigen Innenminister fest.,https://www.n-tv.de/img/31094441/1784222118/Img_16_9/1200/The-results-of-voting-for-Serhii-Koretskyi-is-pictured-during-a-regular-plenary-session-that-is-being-broadcast-to-journalists-on-the-screen-at-the-press-centre-of-the-Ukrainian-Parliament-Kyiv-Ukraine-July-16-2026-The-Verkhovna-Rada-supported-the-Presidents-proposal-to-appoint-Serhii-Koretskyi-as-the-Prime-Minister-of-Ukraine-As-reported-289-MPs-voted-in-favour-of-the-decision.jpg,2026-07-16T16:03:30Z,,"Das Ergebnis für Regierungschef Serhij Korezkyj - er wurde mit großer Mehrheit gewählt. (Foto: IMAGO/Ukrinform)
In der Ukraine gibt es zahlreiche Wechsel auf Ministerposten. Auch an der Spitze des V… [+1721 chars]",,de,'Ukraine'
https://taz.de/Regierungsumbildung-in-der-Ukraine/!6196591/,https://taz.de/Regierungsumbildung-in-der-Ukraine/!6196591/,0,taz.de,Regierungsumbildung in der Ukraine: Schmutzige Wäsche waschen in Kyjiw,Die Absetzung von Verteidigungsminister Mychajlo Fedorow löst Proteste aus. Dessen Konflikte mit dem Oberbehlshaber der Armee werden öffentlich ausgetragen.,https://taz.de/picture/8614871/1200/41683099.jpeg,2026-07-16T16:33:00Z,,Die Absetzung von Verteidigungsminister Mychajlo Fedorow löst Proteste aus. Dessen Konflikte mit dem Oberbehlshaber der Armee werden öffentlich ausgetragen. mehr...,,de,'Ukraine'
https://www.bild.de/politik/ausland-und-internationales/nach-entlassung-von-fedorow-tausende-protestieren-gegen-selenskyj-6a58fdff29b150f031b1543b,https://www.bild.de/politik/ausland-und-internationales/nach-entlassung-von-fedorow-tausende-protestieren-gegen-selenskyj-6a58fdff29b150f031b1543b,0,www.bild.de,Ukrainer sauer auf Selenskyj - „Unsere Regierung hört uns nicht zu“,Nach der Entlassung von Verteidigungsminister Mychajlo Fedorow gehen in der Ukraine Tausende Menschen auf die Straße.,"https://images.bild.de/6a58fdff29b150f031b1543b/d12d267e46cf41e6c1793a07790d05c1,6809b99?w=1280",2026-07-16T17:21:12Z,,TTS-Player überspringenArtikel weiterlesenKiew Offener Protest gegen Präsident Wolodymyr Selenskyj (48)! Tausende Ukrainer gehen im ganzen Land auf die Straße und stellen sich gegen die Absetzung von… [+3654 chars],,de,'Ukraine'
https://www.zeit.de/news/2026-07/17/berichte-us-militaer-greift-bruecken-im-iran-an,https://www.zeit.de/news/2026-07/17/berichte-us-militaer-greift-bruecken-im-iran-an,0,www.zeit.de,Eskalation im Iran-Krieg: Berichte: US-Militär greift Brücken im Iran an,Hier finden Sie Informationen zu dem Thema „Eskalation im Iran-Krieg“. Lesen Sie jetzt „Berichte: US-Militär greift Brücken im Iran an“.,https://img.zeit.de/news/2026-07/17/berichte-us-militaer-greift-bruecken-im-iran-an-image-group/wide__1300x731,2026-07-16T22:35:29Z,,Iranischen Medienberichten zufolge hat das US-Militär zwei Brücken im Süden des Irans angegriffen. Bei den jüngsten US-Attacken auf die Provinz Hormusgan seien die Kahurestan- und die Gariveh-Brücke … [+1334 chars],,de,'Krieg'
https://www.welt.de/wissenschaft/plus6a560fd49356b2f22385915b/kritik-an-energiewende-abschaltung-der-kraftwerke-sofort-stoppen.html,https://www.welt.de/wissenschaft/plus6a560fd49356b2f22385915b/kritik-an-energiewende-abschaltung-der-kraftwerke-sofort-stoppen.html,0,www.welt.de,"„Man sollte die Abschaltung regelbarer, oft abgeschriebener Kraftwerke, sofort stoppen“","Ideologie, Lobby-Einfluss, extrem teuer – zwei renommierte Experten kritisieren die deutsche Energiewende scharf und fordern ein Moratorium bei Windkraft und Solar. Gravierende Probleme seien ungelöst.",https://images.welt.de/6a560fd49356b2f22385915b/6175baf22e9f19908ba0fb4c0d9446f8/ci16x9-w1200/gettyimages-2214338377-jpg,2026-07-17T05:23:12Z,,"Ideologie, Lobby-Einfluss, extrem teuer zwei renommierte Experten kritisieren die deutsche Energiewende scharf und fordern ein Moratorium bei Windkraft und Solar. Gravierende Probleme seien ungelöst.",,de,'Windkraft'
https://www.zeit.de/politik/ausland/2026-07/russland-ukraine-krieg-taktik-5vor8,https://www.zeit.de/politik/ausland/2026-07/russland-ukraine-krieg-taktik-5vor8,0,www.zeit.de,Russland: Mit der Nuklearoption aus dem Ukraine-Schlamassel,"Höchste Zeit für den Einsatz der Atombombe, findet ein Kreml-Berater. In Moskau reibt man sich die Augen. Würde Wladimir Putin so etwas ernsthaft in Betracht ziehen?",https://img.zeit.de/politik/2026-07/russland-ukraine-krieg-taktik-5vor8/wide__1300x731,2026-07-17T05:55:04Z,,"Viel
vorzuzeigen hat er nicht. Nach viereinhalb Jahren Krieg gegen die Ukraine steht
Wladimir Putin mit seinen Truppen also in Pokrowsk und vor Konstantiniwka. Der
Herrscher kündet von Triumphen, … [+429 chars]",,de,'Russland'
https://www.zeit.de/news/2026-07/17/chef-des-verfassungsschutzes-warnt-vor-hybrider-bedrohung,https://www.zeit.de/news/2026-07/17/chef-des-verfassungsschutzes-warnt-vor-hybrider-bedrohung,0,www.zeit.de,Spionage: Chef des Verfassungsschutzes warnt vor hybrider Bedrohung,Hier finden Sie Informationen zu dem Thema „Spionage“. Lesen Sie jetzt „Chef des Verfassungsschutzes warnt vor hybrider Bedrohung“.,https://img.zeit.de/news/2026-07/17/chef-des-verfassungsschutzes-warnt-vor-hybrider-bedrohung-image-group/wide__1300x731,2026-07-17T06:32:53Z,,Aus Sicht des Thüringer Verfassungsschutzpräsidenten Stephan Kramer ist die Sicherheitslage in Deutschland so kritisch wie zuletzt vor Jahrzehnten. «Die hybride Bedrohungslage in Deutschland ist derz… [+1557 chars],,de,'Russland'
https://www.zeit.de/news/2026-07/17/von-oel-und-gas-zu-strom-eu-kommission-prueft-ziel-fuer-2040,https://www.zeit.de/news/2026-07/17/von-oel-und-gas-zu-strom-eu-kommission-prueft-ziel-fuer-2040,0,www.zeit.de,Energie: Von Öl und Gas zu Strom: EU-Kommission prüft Ziel für 2040,Hier finden Sie Informationen zu dem Thema „Energie“. Lesen Sie jetzt „Von Öl und Gas zu Strom: EU-Kommission prüft Ziel für 2040“.,https://img.zeit.de/news/2026-07/17/von-oel-und-gas-zu-strom-eu-kommission-prueft-ziel-fuer-2040-image-group/wide__1300x731,2026-07-17T11:24:24Z,,"Anlagen in Industrie, Gebäuden und Verkehr sollen nach dem Willen der Europäischen Kommission künftig häufiger mit Strom betrieben werden. Die Brüsseler Behörde prüft ein Elektrifizierungsziel von 46… [+2940 chars]",,de,'Gas'
https://www.zeit.de/2026/31/jahr-teheran-iran-hoffnung-frieden-maertyrer,https://www.zeit.de/2026/31/jahr-teheran-iran-hoffnung-frieden-maertyrer,0,www.zeit.de,"Ein Jahr in Teheran: Siegreich und stolz, kurz vor dem Fall","In diesem Jahr haben die Iraner große Hoffnung erlebt, aber auch Angst und Tod. Wie geht es ihnen? Eine Frau aus Teheran hat die letzten Monate festgehalten.",https://img.zeit.de/2026/31/siegreich-und-stolz-kurz-vor-dem-fall-bild-1/wide__1300x731,2026-07-17T18:56:59Z,,"Iran ist ein verwundetes Land. Seit das Regime Anfang des Jahres Proteste niederschlagen ließ, seit die USA und Israel Ende Februar den Krieg begannen, verloren Tausende Menschen ihr Leben. Auf dem B… [+552 chars]",,de,'Krieg'
https://www.zeit.de/politik/2026-07/mirjana-spoljaric-egger-internationales-komitee-rotes-kreuz-politikpodcast,https://www.zeit.de/politik/2026-07/mirjana-spoljaric-egger-internationales-komitee-rotes-kreuz-politikpodcast,0,www.zeit.de,Mirjana Spoljaric: »Wir kennen die Realität des Krieges. Wir sind vor Ort«,"Sie besucht Foltergefängnisse, plant Geiselübergaben. Die Präsidentin des Internationalen Komitees vom Roten Kreuz über humanitäre Hilfe im Krieg – und ihre eigene Wut",https://img.zeit.de/politik/2026-07/mirjana-spoljaric-egger-internationales-komitee-rotes-kreuz-bild/wide__1300x731,2026-07-18T09:18:48Z,,"In Gaza-Stadt stehen Palästinenser vor zerstörten Häusern.© [M] DIE ZEIT; Foto: Khames Alrefi/Anadolu/Getty Images
Mirjana Spoljaric ist eine reisende Diplomatin, die im Krieg hilft, das schlimmste … [+1114 chars]",,de,'Krieg'
https://www.zeit.de/news/2026-07/18/us-militaer-zwei-weitere-us-soldaten-im-iran-krieg-getoetet,https://www.zeit.de/news/2026-07/18/us-militaer-zwei-weitere-us-soldaten-im-iran-krieg-getoetet,0,www.zeit.de,Konflikte: US-Militär: Zwei weitere US-Soldaten im Iran-Krieg getötet,Hier finden Sie Informationen zu dem Thema „Eskalation im Iran-Krieg“. Lesen Sie jetzt „US-Militär: Zwei weitere US-Soldaten im Iran-Krieg getötet“.,https://img.zeit.de/news/2026-07/18/us-militaer-zwei-weitere-us-soldaten-im-iran-krieg-getoetet-image-group/wide__1300x731,2026-07-18T17:30:00Z,,"Erstmals seit der jüngsten Eskalation im Iran-Krieg sind nach Angaben des US-Militärs zwei US-Soldaten getötet worden. Sie seien am Freitag bei einem Einsatz in Jordanien ums Leben gekommen, als sich… [+2612 chars]",,de,'Krieg'
https://www.zeit.de/news/2026-07/19/usa-kuendigen-nach-tod-von-soldaten-vergeltungsschlaege-an,https://www.zeit.de/news/2026-07/19/usa-kuendigen-nach-tod-von-soldaten-vergeltungsschlaege-an,0,www.zeit.de,Eskalation im Iran-Krieg: USA kündigen nach Tod von Soldaten Vergeltungsschläge an,Hier finden Sie Informationen zu dem Thema „Eskalation im Iran-Krieg“. Lesen Sie jetzt „USA kündigen nach Tod von Soldaten Vergeltungsschläge an“.,https://img.zeit.de/news/2026-07/19/usa-kuendigen-nach-tod-von-soldaten-vergeltungsschlaege-an-image-group/wide__1300x731,2026-07-18T22:54:53Z,,Das US-Militär hat nach dem Tod von zwei seiner Soldaten Vergeltungsschläge gegen die iranischen Revolutionsgarden angekündigt. Um 18.00 Uhr US-Ostküstenzeit (1.30 Uhr Ortszeit im Iran) habe man neue… [+962 chars],,de,'Krieg'
https://www.zeit.de/news/2026-07/19/massiver-russischer-raketenangriff-auf-kiew,https://www.zeit.de/news/2026-07/19/massiver-russischer-raketenangriff-auf-kiew,0,www.zeit.de,Ukraine-Krieg: Massiver russischer Raketenangriff auf Kiew,Hier finden Sie Informationen zu dem Thema „Ukraine-Krieg“. Lesen Sie jetzt „Massiver russischer Raketenangriff auf Kiew“.,https://img.zeit.de/news/2026-07/19/massiver-russischer-raketenangriff-auf-kiew-image-group/wide__1300x731,2026-07-18T23:34:49Z,,Die ukrainische Hauptstadt Kiew ist vom russischen Militär massiv mit ballistischen Raketen angegriffen worden. Dutzende Explosionen teils von Flugabwehrraketen waren in der Nacht im Zentrum der Drei… [+671 chars],,de,'Ukraine'
https://www.nzz.ch/wissenschaft/am-hof-der-hornissen-herrscht-stress-die-leiden-einer-jungen-koenigin-ld.10014856,https://www.nzz.ch/wissenschaft/am-hof-der-hornissen-herrscht-stress-die-leiden-einer-jungen-koenigin-ld.10014856,0,www.nzz.ch,Am Hof der Hornissen herrscht Stress – die Leiden einer jungen Königin,"Ein Nest bauen, Kraftnahrung sammeln, Eier legen und ständige Kämpfe um Leben und Tod: 90 Prozent der Hornissenköniginnen sterben an Erschöpfung. Die Kolumne «Wild und wundersam».","https://img-msp-prod.nzz.ch/2026/07/14/bb7d1fc9-814d-4da7-97b0-f2aac4766412.jpg?width=1200&height=675&fit=bounds&quality=75&auto=webp&crop=5738,3228,x0,y0&wmark=nzz",2026-07-19T03:30:00Z,,"Ein Nest bauen, Kraftnahrung sammeln, Eier legen und ständige Kämpfe um Leben und Tod: 90 Prozent der Hornissenköniginnen sterben an Erschöpfung. Die Kolumne «Wild und wundersam».
Atlant Bieri19.07.… [+3547 chars]",,de,'Kämpfe'
https://www.n-tv.de/wirtschaft/Das-ist-kein-Niedergang-sondern-eine-Veraenderung-id31044676.html,https://www.n-tv.de/wirtschaft/Das-ist-kein-Niedergang-sondern-eine-Veraenderung-id31044676.html,0,www.n-tv.de,"Mär der Deindustrialisierung: ""Das ist kein Niedergang, sondern eine Veränderung""","Die deutsche Industrie befindet sich im freien Fall. Sie wird von Energiekosten, Bürokratie und Klimaschutz  erdrosselt. So lautet die Erzählung. Ein Industrieexperte widerspricht. Er sagt im Interview: Die Daten werden fehlinterpretiert. Absichtlich. Ihm zuf…",https://www.n-tv.de/img/31092331/1784201576/Img_16_9/1200/Dampfschwaden-steigen-in-den-Abendhimmel-am-Kohlekraftwerk-Neurath-des-Stromkonzerns-RWE-Die-deutsche-Industrie-soll-mit-einem-Industriestrompreis-wieder-wettbewerbsfaehiger-werden-Themenbild-Symbolbild-Bergheim-02-06.jpg,2026-07-19T04:12:04Z,,"Die deutsche Industrie befindet sich im freien Fall? Ein Industrieexperte widerspricht: Sie schlägt sich besser als gedacht. (Foto: picture alliance / Panama Pictures)
Die deutsche Industrie befinde… [+14442 chars]",,de,'Energiekosten'
https://www.faz.net/aktuell/politik/ukraine/wildberries-drohnenangriff-ukraine-trifft-russland-hart-201043856.html,https://www.faz.net/aktuell/politik/ukraine/wildberries-drohnenangriff-ukraine-trifft-russland-hart-201043856.html,0,www.faz.net,Russlands Krieg: Wo Waren und Illusionen in Flammen aufgehen,Drohnen treffen ein Lager des Händlers Wildberries in Russland. Selenskyj spricht von einer Antwort auf die Attacken auf zivile Infrastruktur der Ukraine.,https://media0.faz.net/image/w1200h627/40cd6e54217c/w3577h1868x12y72o/202607/43601.0.2347670654/ein-standbild-aus-einem-video.webp,2026-07-19T15:41:55Z,,"Mit den Drohnenangriffen auf zwei Logistikzentren des russischen Onlinemarktplatzes Wildberries in der Nacht auf Samstag hat die Ukraine eine neue, verwundbare Kategorie von Zielen tief im Hinterland… [+4505 chars]",,de,'Russland'
https://www.n-tv.de/ratgeber/So-koennen-Sie-beim-Waeschetrocknen-Strom-sparen-id31066037.html,https://www.n-tv.de/ratgeber/So-koennen-Sie-beim-Waeschetrocknen-Strom-sparen-id31066037.html,0,www.n-tv.de,Auf Trockner verzichten?: So können Sie beim Wäschetrocknen Strom sparen,"Wie bekommt man feuchte Wäsche schnell wieder trocken - mit möglichst wenig Stromverbrauch? Ein Teil der Antwort liegt in der Waschmaschine. Tipps für alle, die Zeit und Energie sparen wollen.",https://www.n-tv.de/img/31066071/1783590009/Img_16_9/1200/Waesche-auf-dem-Waeschestaender-Hand-mit-Waescheklammer-Muenchen-Oktober-2024-Deutschland-Muenchen-Oktober-2024-Waesche-auf-dem-Waeschestaender-Waesche-trocknet-in-der-Wohnung-Hand-haelt-Waescheklammer-Laundry-on-the-clothes-horse-hand-with-clothespin-Munich-October-2024-Germany-Munich-October-2024-laundry-on-the-clothes-horse-laundry-drying-in-the-apartment-hand-holding-clothespin.jpg,2026-07-19T17:00:11Z,,"Beim Stromverbrauch von Wäschetrocknern gibt es große Unterschiede - die Anschaffung eines sparsameren Modells kann sich langfristig lohnen. (Foto: dpa)
Wie bekommt man feuchte Wäsche schnell wieder… [+2288 chars]",,de,'Energie sparen'
https://www.golem.de/sonstiges/zustimmung/auswahl.html?from=https://www.golem.de/news/molniya-russische-drohnen-mit-magnet-kompass-gefunden-2607-211046.html&referer=https://t.co/c0077651e1,https://www.golem.de/sonstiges/zustimmung/auswahl.html?from=https://www.golem.de/news/molniya-russische-drohnen-mit-magnet-kompass-gefunden-2607-211046.html&referer=https://t.co/c0077651e1,0,www.golem.de,Molniya: Russische Drohnen mit Magnet-Kompass gefunden,"Weil GPS-Störsender im Ukraine-Krieg zum Dauerzustand geworden sind, greifen einige russische Drohnen-Einheiten zu einer simplen Lösung. (Drohne, GPS)",,2026-07-20T06:58:01Z,,"Besuchen Sie Golem.de wie gewohnt mit Werbung und Tracking,
 indem Sie der Nutzung aller Cookies zustimmen.
 Details zum Tracking finden Sie im Privacy Center.
Skript wurde nicht geladen. Informat… [+607 chars]",,de,'Krieg'
https://www.appgefahren.de/soundcore-space-2-gute-over-ear-kopfhoerer-erstmals-merklich-guenstiger-402557.html,https://www.appgefahren.de/soundcore-space-2-gute-over-ear-kopfhoerer-erstmals-merklich-guenstiger-402557.html,0,www.appgefahren.de,Soundcore Space 2: Gute Over-Ear-Kopfhörer erstmals merklich günstiger,"Soundcore, die Audio-Marke von Anker, hat erst gegen Ende April die neuen Over-Ear-Kopfhörer Soundcore Space 2 veröffentlicht. Doch schon jetzt startet die erste Rabattaktion, bei der ihr direkt 20 Euro sparen könnt. Was ihr für euer Geld bekommt, fassen wir …",https://www.appgefahren.de/wp-content/uploads/2026/03/Soundcore-Space-2.jpg,2026-07-20T07:39:57Z,,"Soundcore, die Audio-Marke von Anker, hat erst gegen Ende April die neuen Over-Ear-Kopfhörer Soundcore Space 2 veröffentlicht. Doch schon jetzt startet die erste Rabattaktion, bei der ihr direkt 20 E… [+2628 chars]",,de,'Geld sparen'
https://www.zeit.de/news/2026-07/20/sperrung-auf-autobahn-wegen-vergessener-kabel,https://www.zeit.de/news/2026-07/20/sperrung-auf-autobahn-wegen-vergessener-kabel,0,www.zeit.de,Verdacht auf Gefährdung: Sperrung auf Autobahn - wegen vergessener Kabel,Hier finden Sie Informationen zu dem Thema „Verdacht auf Gefährdung“. Lesen Sie jetzt „Sperrung auf Autobahn - wegen vergessener Kabel“.,https://img.zeit.de/news/2026-07/20/sperrung-auf-autobahn-wegen-vergessener-kabel-image-group/wide__1300x731,2026-07-20T10:09:43Z,,"Wegen einiger Stromkabel wurde am Morgen unter anderem die Autobahn 7 bei Seesen gesperrt. Betroffen waren auch die Raststätte Harz-Ost und die Bundesstraße 243, wie die Polizei mitteilte. Zuvor hatt… [+723 chars]",,de,'Gefährdung'
https://www.zeit.de/geld/2026-07/geld-sparen-hotel-buchen-luxus-groschenoper-gxe,https://www.zeit.de/geld/2026-07/geld-sparen-hotel-buchen-luxus-groschenoper-gxe,0,www.zeit.de,Geld sparen: Wie ich über mich hinauswuchs und mein teuerstes Hotel ever buchte,"Am Strand zeigt sich, ob das eigene Verhältnis zu Geld sich entspannen kann. Man kann das lernen. Oder sich von seiner Frau beibringen lassen. Wenn alle stark genug sind.",https://img.zeit.de/geld/2026-07/geld-sparen-hotel-buchen-luxus-groschenoper-bild/wide__1300x731,2026-07-20T13:02:39Z,,"Schließen
Artikelzusammenfassung
Ein luxuriös gebuchtes Hotelzimmer mit Parkblick statt Meerblick wird zum kleinen Crashkurs in Sachen Urlaubsgeiz. Auf der Fahrt sezieren der Erzähler und seine Fra… [+1171 chars]",,de,'Geld sparen'
https://www.n-tv.de/politik/Deutsche-Drohnenforschung-im-Visier-von-Spionen-id31104817.html,https://www.n-tv.de/politik/Deutsche-Drohnenforschung-im-Visier-von-Spionen-id31104817.html,0,www.n-tv.de,"""Erschreckend blauäugig"": Deutsche Drohnenforschung im Visier von Spionen",Verfassungsschützer und Sicherheitspolitiker sind alarmiert: Die bayerische Luft- und Raumfahrttechnologie weckt offenbar das Interesse des Auslands. Treffen von Forschern mit Kollegen aus Russland und China sind demnach alles andere als harmlos.,https://www.n-tv.de/img/31105508/1784556297/Img_16_9/1200/Eine-Drohne-der-Feuerwehr-zur-Fernerkundung-fliegt-am-Himmel-In-den-kommenden-Monaten-erproben-die-Feuerwehr-Wiesbaden-und-das-Unternehmen-Skyflow-gemeinsam-wie-Drohnen-die-Gefahrenabwehr-und-Einsatzfuehrung-effektiv-unterstuetzen-koennen.jpg,2026-07-20T13:42:40Z,,"Sicherheitspolitiker sehen die deutsche Luft- und Raumfahrtforschung ""im Mittelpunkt chinesischer Spionage"". (Foto: picture alliance/dpa)
Verfassungsschützer und Sicherheitspolitiker sind alarmiert:… [+3659 chars]",,de,'Ukraine'
https://www.nzz.ch/international/aufruhr-in-der-ukraine-der-stuhl-des-armeechefs-wackelt-selenski-steht-unter-zugzwang-ld.10016200,https://www.nzz.ch/international/aufruhr-in-der-ukraine-der-stuhl-des-armeechefs-wackelt-selenski-steht-unter-zugzwang-ld.10016200,0,www.nzz.ch,"Aufruhr in der Ukraine: Der Stuhl des Armeechefs wackelt, Selenski steht unter Zugzwang","Seit der Absetzung des populären Verteidigungsministers Fedorow dauern die Proteste in der Ukraine an. Präsident Selenski scheint einen Rückzieher vorzubereiten. Derweil tobt der Krieg weiter, unter anderem mit spektakulären Luftangriffen in der Region Moskau.","https://img-msp-prod.nzz.ch/2026/07/20/80a48984-8160-4efa-8d52-feb8e7e50516.jpg?width=1200&height=674&fit=bounds&quality=75&auto=webp&crop=4537,2552,x0,y0&wmark=nzz",2026-07-20T13:57:00Z,,"Seit der Absetzung des populären Verteidigungsministers Fedorow dauern die Proteste in der Ukraine an. Präsident Selenski scheint einen Rückzieher vorzubereiten. Derweil tobt der Krieg weiter, unter … [+7442 chars]",,de,'Ukraine'
https://www.diepresse.com/38360419/schlauere-eu-hilfe-fuer-die-ukraine,https://www.diepresse.com/38360419/schlauere-eu-hilfe-fuer-die-ukraine,0,www.diepresse.com,Schlauere EU-Hilfe für die Ukraine [premium],Die Ideenfabrik des Rates hat ein Programm für den effizienteren Einsatz von EU-Mitteln zur Verteidigung gegen Russland und zum Wiederaufbau der Kriegsschäden erstellt.,https://img.diepresse.com/public/incoming/eq79kl-imago-images-0859165799/alternates/WEBP_WIDE_1200/imago%20images%200859165799,2026-07-20T14:38:48Z,,"Seit sechs Wochen liegt der Vorschlag für neue Russlandsanktionen auf dem Verhandlungstisch der EU-Botschafter, doch noch immer gibt es keine Einigung. Das zähe Ringen um punktuelle Ausnahmen und zei… [+5154 chars]",,de,'Ukraine'
https://www.n-tv.de/politik/Gouverneur-von-Belgorod-Ukrainische-Drohne-toetet-fuenf-Buspassagiere-id31106057.html,https://www.n-tv.de/politik/Gouverneur-von-Belgorod-Ukrainische-Drohne-toetet-fuenf-Buspassagiere-id31106057.html,0,www.n-tv.de,23 Verletzte gemeldet: Gouverneur von Belgorod: Ukrainische Drohne tötet fünf Buspassagiere,"Die ukrainischen Streitkräfte starten immer wieder Angriffe im russischen Grenzgebiet Belgorod, einem Aufmarschgebiet von Russlands Invasionsarmee. Dort soll ein Drohnenangriff nun mehrere Zivilisten getötet haben.",https://www.n-tv.de/img/31106167/1784563837/Img_16_9/1200/DIESES-FOTO-WIRD-VON-DER-RUSSISCHEN-STAATSAGENTUR-TASS-ZUR-VERFUeGUNG-GESTELLT-RUSSIA-MOSCOW-APRIL-23-2026-Ambulances-are-seen-at-Puchkov-Ambulance-and-Emergency-Care-Station-Russia-celebrates-Emergency-Medical-Service-Worker-Day-on-April-28.jpg,2026-07-20T15:09:26Z,,"Russische Rettungswagen. (Foto: picture alliance / TASS)
Die ukrainischen Streitkräfte starten immer wieder Angriffe im russischen Grenzgebiet Belgorod, einem Aufmarschgebiet von Russlands Invasions… [+2157 chars]",,de,'Ukraine'
https://www.faz.net/aktuell/politik/ukraine/ukraine-liveticker-neu-delhi-vier-inder-bei-russischem-angriff-getoetet-faz-110683325.html,https://www.faz.net/aktuell/politik/ukraine/ukraine-liveticker-neu-delhi-vier-inder-bei-russischem-angriff-getoetet-faz-110683325.html,0,www.faz.net,Liveblog Ukrainekrieg: Neu-Delhi: Vier Inder bei russischem Angriff getötet,Mindestens zehn Todesopfer auf Frachtschiff +++ Ukraine greift Moskau mit 400 Drohnen an +++ alle Neuigkeiten im Liveblog,https://media0.faz.net/image/w1200h627/303d0084fbbc/w2048h1070x0y155o/202607/43601.0.2355023793/das-foto-das-von-der.webp,2026-07-20T16:21:00Z,,Bei einem Angriff auf ein aus dem südukrainischen Hafen Odessa auslaufendes Schiff sind nach Angaben der Regierung in Neu-Delhi vier Inder getötet worden. Ein weiterer liege im Krankenhaus und sei in… [+766 chars],,de,'Ukraine'
https://www.n-tv.de/politik/Jeder-Russe-soll-erkennen-Der-Krieg-kommt-bei-ihm-an-id31106324.html,https://www.n-tv.de/politik/Jeder-Russe-soll-erkennen-Der-Krieg-kommt-bei-ihm-an-id31106324.html,0,www.n-tv.de,"Reisners Blick auf die Front: ""Jeder Russe soll erkennen: Der Krieg kommt bei ihm an""","Am Boden Stillstand - in der Luft eskaliert der Krieg. Die Ukrainer setzen ein russisches Versandhandelszentrum in Flammen und müssen zusehen, wie etliche Raketen über Kiew niedergehen. Was dahintersteckt, erklärt Oberst Reisner ntv.de.",https://www.n-tv.de/img/31106774/1784574213/Img_16_9/1200/Smoke-billows-from-a-warehouse-after-deadly-Ukrainian-drone-attacks-as-per-regional-governors-in-Elektrostal-Moscow-Region-Russia-July-18-2026-in-this-screen-grab-obtained-from-a-social-media-video-Social-Media-via-REUTERS-THIS-IMAGE-HAS-BEEN-SUPPLIED-BY-A-THIRD-PARTY-MANDATORY-CREDIT-NO-RESALES-NO-ARCHIVES-NEWS-USE-ONLY-Verification-lines-Warehouse-buildings-and-vegetation-matched-satellite-imagery-Date-verified-by-statement-from-the-governor-of-the-Moscow-region-Andrei-Vorobyov-who-said-24-people-were-injured-following-a-drone-attack-on-another-Wildberries-warehouse-in-Elektrostal-a-city-east-of-Moscow-NASA-Firms-detected-thermal-activity-in-the-area-on-the-morning-of-July-18-and-fire-was-seen-on-video.jpg,2026-07-20T17:02:46Z,,"Am Boden Stillstand - in der Luft eskaliert der Krieg. Die Ukrainer setzen ein russisches Versandhandelszentrum in Flammen und müssen zusehen, wie etliche Raketen über Kiew niedergehen. Was dahinters… [+12104 chars]",,de,'Ukraine'
https://www.faz.net/aktuell/politik/ukraine/wie-der-seekrieg-im-schwarzen-meer-eskaliert-201047008.html,https://www.faz.net/aktuell/politik/ukraine/wie-der-seekrieg-im-schwarzen-meer-eskaliert-201047008.html,0,www.faz.net,Frachtschiffe als Ziele: Wie der Seekrieg im Schwarzen Meer eskaliert,Die Ukraine nimmt Frachtschiffe und Tanker im Schwarzen und im Asowschen Meer ins Visier. Die Meerenge von Kertsch soll faktisch blockiert sein.,https://media0.faz.net/image/w1200h627/e2cff3944e36/w2000h1045x0y248o/202607/43601.0.2350903108/ein-brennender-frachter-im.webp,2026-07-20T17:05:22Z,,"Für ein Land, das keine Kriegsmarine mehr hat, setzt die Ukraine Russland auf See gerade ziemlich zu. In der Nacht zu Montag hätten ukrainische Drohnen sieben Schiffe der sogenannten Schattenflotte s… [+6958 chars]",,de,'Ukraine'
https://www.diepresse.com/38577702/russland-weist-italienischen-militaerattache-aus,https://www.diepresse.com/38577702/russland-weist-italienischen-militaerattache-aus,0,www.diepresse.com,Russland weist italienischen Militärattaché aus,Russland hat den italienischen Militärattaché und einen Mitarbeiter ausgewiesen. Rom spricht von Vergeltung für die Ausweisung zweier russischer Diplomaten Anfang Juli.,https://img.diepresse.com/public/incoming/ihhz5w-imago-images-0861260620/alternates/WEBP_WIDE_1200/imago%20images%200861260620,2026-07-20T18:11:16Z,,"Die Presse auf Google als bevorzugte Nachrichtenquelle hinzufügen.
 Moskau hat den italienischen Militärattaché sowie einen seiner Mitarbeiter ausgewiesen und damit auf die Ausweisung zweier russisc… [+1929 chars]",,de,'Russland'
https://www.faz.net/aktuell/politik/ausland/moldau-korruptionsvorwuerfe-gegen-praesidentin-maia-sandu-201046217.html,https://www.faz.net/aktuell/politik/ausland/moldau-korruptionsvorwuerfe-gegen-praesidentin-maia-sandu-201046217.html,0,www.faz.net,EU-Beitrittskandidat Moldau: Die Präsidentin und ihre Cousine bei der Flugsicherung,Moldaus Präsidentin Maia Sandu war als Kämpferin gegen Korruption angetreten. Nun gibt es Vorwürfe gegen ihr Umfeld.,https://media0.faz.net/image/w1200h627/f32346fc2be2/w8001h4180x0y994o/202607/43601.0.2331966839/moldaus-praesidentin-maia.webp,2026-07-20T18:24:10Z,,Die Republik Moldau hält unter der Führung von Staatspräsidentin Maia Sandu und ihrer Partei der Aktion und Solidarität (PAS) strikt an dem Kurs einer Mitgliedschaft in der Europäischen Union fest. I… [+5444 chars],,de,'Kämpfe'
https://www.dw.com/de/ukraine-mychajlo-fedorow-selenskyj-militaer-verteidigingsminister/a-78037448,https://www.dw.com/de/ukraine-mychajlo-fedorow-selenskyj-militaer-verteidigingsminister/a-78037448,0,www.dw.com,Ukraine: Warum Fedorows Sturz Proteste auslöst,Die Absetzung von Verteidigungsminister Mychajlo Fedorow in der Ukraine sorgt für Spannungen. Im Kern steht ein Konflikt zwischen Militärführung und Reformkurs. Eine Herausforderung für Präsident Selenskyj. Die Entlassung des ukrainischen Verteidigungsministe…,https://static.dw.com/image/78021368_6.jpg,2026-07-20T18:57:00Z,,"Die Entlassung des ukrainischen Verteidigungsministers Mychajlo Fedorow hat große Proteste ausgelöst. Seit dem 16. Juli gibt es in Kyjiw und anderen Großstädten der Ukraine Kundgebungen, die Teilnehm… [+6071 chars]",,de,'Ukraine'
https://www.zeit.de/politik/ausland/2026-07/andy-burnham-premierminister-grossbritannien-friedrich-merz,https://www.zeit.de/politik/ausland/2026-07/andy-burnham-premierminister-grossbritannien-friedrich-merz,0,www.zeit.de,Deutschland und Großbritannien: Merz und Burnham bekräftigen gemeinsame Unterstützung der Ukraine,"Der Bundeskanzler hat mit dem neuen Premier telefoniert, auch Johann Wadephul gratuliert seinem britischen Amtskollegen. Andy Burnham kündigt eine Pflegereform an.",https://img.zeit.de/politik/ausland/2026-07/andy-burnham-premierminister-grossbritannien-friedrich-merz-foto-1/wide__1300x731,2026-07-20T23:26:18Z,,"Bundeskanzler Friedrich Merz (CDU) hat wenigen Stunden nach dessen Ernennung mit dem neuen britischen Premierminister Andy Burnham telefoniert. Beide hätten den Wunsch ausgedrückt, die Zusammenarbeit… [+3151 chars]",,de,'Ukraine'
https://www.bild.de/politik/ausland-und-internationales/nordkorea-schwur-fuer-russlands-raketen-terror-6a5eb8bc85fbf0a2ffee43c7,https://www.bild.de/politik/ausland-und-internationales/nordkorea-schwur-fuer-russlands-raketen-terror-6a5eb8bc85fbf0a2ffee43c7,0,www.bild.de,Treffen der Außenminister - Nordkorea-Schwur für Russlands Raketen-Terror,"Während Russland die Ukraine in den vergangenen Tagen wieder mit Raketen-Terror überzogen hat, gab es für Nordkoreas Außenministerin ein Sträußchen Blume...","https://images.bild.de/6a5eb8bc85fbf0a2ffee43c7/0249922b759f70a223e649daf52a58f2,bf3b86ef?w=1280",2026-07-21T01:44:53Z,,"TTS-Player überspringenArtikel weiterlesenWährend Russland die Ukraine in den vergangenen Tagen wieder mit Raketen-Terror überzogen hat, gab es für Nordkoreas Außenministerin ein Sträußchen Blumen. A… [+1747 chars]",,de,'Ukraine'
https://www.nzz.ch/pro/dem-westen-bleibt-kaum-noch-zeit-russland-zu-verhandlungen-zu-zwingen-ld.10014678,https://www.nzz.ch/pro/dem-westen-bleibt-kaum-noch-zeit-russland-zu-verhandlungen-zu-zwingen-ld.10014678,0,www.nzz.ch,"Dem Westen bleibt kaum noch Zeit, Russland zu Verhandlungen zu zwingen","Die Ukraine riegelt die russisch besetzten Gebiete Schritt für Schritt ab. Doch ein operativer Durchbruch ist nicht in Sicht. Drei Szenarien, wie sich die Lage in den nächsten Monaten entwickeln könnte.","https://img-msp-prod.nzz.ch/2026/07/17/5d1c7325-c69c-43b7-9278-6ee091946632.jpg?width=1200&height=675&fit=bounds&quality=75&auto=webp&crop=7728,4347,x0,y403&wmark=nzz",2026-07-21T03:30:00Z,,"Die Ukraine riegelt die russisch besetzten Gebiete Schritt für Schritt ab. Doch ein operativer Durchbruch ist nicht in Sicht. Drei Szenarien, wie sich die Lage in den nächsten Monaten entwickeln könn… [+11562 chars]",,de,'Ukraine'
https://www.zeit.de/news/2026-07/21/vermittler-wollen-neue-waffenruhe-im-iran-krieg,https://www.zeit.de/news/2026-07/21/vermittler-wollen-neue-waffenruhe-im-iran-krieg,0,www.zeit.de,Die Lage im Überblick: Vermittler wollen neue Waffenruhe im Iran-Krieg,Hier finden Sie Informationen zu dem Thema „Die Lage im Überblick“. Lesen Sie jetzt „Vermittler wollen neue Waffenruhe im Iran-Krieg“.,https://img.zeit.de/news/2026-07/21/vermittler-wollen-neue-waffenruhe-im-iran-krieg-image-group/wide__1300x731,2026-07-21T03:39:39Z,,"Während die Militärschläge der USA im Iran seit nunmehr zehn Nächten andauern, bemühen sich die Vermittler Berichten zufolge um eine neue Waffenruhe. Katar, Ägypten, Pakistan und andere regionale Ver… [+5274 chars]",,de,'Krieg'
https://www.faz.net/podcasts/f-a-z-podcast-fruehdenker/worueber-die-usa-china-und-russland-beim-asean-treffen-beraten-faz-fruehdenker-201048970.html,https://www.faz.net/podcasts/f-a-z-podcast-fruehdenker/worueber-die-usa-china-und-russland-beim-asean-treffen-beraten-faz-fruehdenker-201048970.html,0,www.faz.net,"F.A.Z. Frühdenker: Worüber die USA, China und Russland beim ASEAN-Treffen beraten","Pistorius besucht den Rüstungskonzern KNDS, Dobrindt und das BKA legen das Lagebild zu Kindesmissbrauch vor, und Spanien wird von der nächsten Hitzewelle getroffen. Der F.A.Z. Frühdenker.",https://media0.faz.net/image/w1200h627/7d14dc29c96c/w6651h3475x0y172o/202607/43601.0.2320509370/die-staatsspitzen.webp,2026-07-21T04:05:36Z,,"Wie viel Streit verkraften die Koalitionsgespräche?
In Berlin müssen die Unterhändler von Union und SPD die Ergebnisse ihrer Beratungen abliefern, in Riad verhandeln die USA mit Russland und der Ukr… [+159 chars]",,de,'Russland'
https://www.zeit.de/wirtschaft/2026-07/digitalisierung-umwelt-kuenstliche-intelligenz-klimaschaden-emissionshandel,https://www.zeit.de/wirtschaft/2026-07/digitalisierung-umwelt-kuenstliche-intelligenz-klimaschaden-emissionshandel,0,www.zeit.de,Digitalisierung und Umwelt: Die KI wird ein Ökokiller,"Die Nutzung künstlicher Intelligenz droht den Planeten zu zerstören, wenn sich nichts ändert, meint unser Gastautor. Diskutieren Sie jetzt live mit ihm!",https://img.zeit.de/wirtschaft/2026-07/digitalisierung-umwelt-kuenstliche-intelligenz-klimaschaden-emissionshandel-bild/wide__1300x731,2026-07-21T07:58:53Z,,"Der
Jurist und Rechtsphilosoph Felix Ekardt arbeitet als Leiter der Leipziger Forschungsstelle Nachhaltigkeit und Klimapolitik
sowie Professor an der Uni Rostock und forscht zu Politik, Recht und E… [+6356 chars]",,de,'Gas'
https://www.zeit.de/politik/ausland/2026-07/regierungskrise-ukraine-wolodymyr-selenskyj-olexandr-syrskyj-armeechef-krieg,https://www.zeit.de/politik/ausland/2026-07/regierungskrise-ukraine-wolodymyr-selenskyj-olexandr-syrskyj-armeechef-krieg,0,www.zeit.de,Regierungskrise in der Ukraine: Selenskyj wollte den Befreiungsschlag. Nun steckt er im Dilemma,"Der ukrainische Präsident hat mit der Entlassung seines Verteidigungsministers Proteste gegen den Armeechef provoziert. Den Forderungen nachzugeben, wäre für ihn riskant.",https://img.zeit.de/politik/ausland/2026-07/regierungskrise-ukraine-wolodymyr-selenskyj-olexander-syrskyj-armeechef-krieg-bild/wide__1300x731,2026-07-21T09:30:00Z,,"Schließen
Artikelzusammenfassung
Kyjiw erlebt gerade ein Protest-Spin-off des Krieges. Ausgelöst hat es Präsident Wolodymyr Selenskyj selbst, als er den populären, als Tech-Reformer gefeierten Ex-D… [+1512 chars]",,de,'Ukraine'
https://www.zeit.de/news/2026-07/21/eu-stellt-unterstuetzung-fuer-kunstbiennale-in-venedig-ein,https://www.zeit.de/news/2026-07/21/eu-stellt-unterstuetzung-fuer-kunstbiennale-in-venedig-ein,0,www.zeit.de,Wegen Russlands Teilnahme: EU stellt Unterstützung für Kunstbiennale in Venedig ein,Hier finden Sie Informationen zu dem Thema „Kunst und Krieg“. Lesen Sie jetzt „EU stellt Unterstützung für Kunstbiennale in Venedig ein“.,https://img.zeit.de/news/2026-07/21/eu-stellt-unterstuetzung-fuer-kunstbiennale-in-venedig-ein-image-group/wide__1300x731,2026-07-21T11:57:52Z,,Die EU stellt die Förderung der Kunstbiennale von Venedig wegen der umstrittenen Teilnahme Russlands ein. Die Europäische Exekutivagentur für Bildung und Kultur (EACEA) habe nach der rechtlichen Bewe… [+3276 chars],,de,'Russland'
https://www.zeit.de/politik/ausland/2026-07/biennale-venedig-eu-foerderung-russland,https://www.zeit.de/politik/ausland/2026-07/biennale-venedig-eu-foerderung-russland,0,www.zeit.de,Biennale von Venedig: EU stellt Unterstützung für Kunstbiennale in Venedig ein,Wegen der Teilnahme Russlands stellt die EU eine Finanzhilfe für die Biennale ein. Für die dort stattfindenden Ausstellungen waren zwei Millionen Euro zugesagt.,https://img.zeit.de/politik/ausland/2026-07/biennale-venedig-eu-foerderung-russland-foto-1/wide__1300x731,2026-07-21T12:39:29Z,,Die Europäische Union stellt ihre finanzielle Förderung der Kunstbiennale von Venedig ein. Grund ist die umstrittene Teilnahme Russlands an der traditionsreichen Kunstausstellung. Wie ein Sprecher de… [+683 chars],,de,'Russland'
https://www.faz.net/aktuell/feuilleton/kunst-und-architektur/wegen-teilnahme-russlands-eu-stellt-foerderung-der-biennale-ein-201051418.html,https://www.faz.net/aktuell/feuilleton/kunst-und-architektur/wegen-teilnahme-russlands-eu-stellt-foerderung-der-biennale-ein-201051418.html,0,www.faz.net,Wegen Teilnahme Russlands: EU stellt Förderung der Biennale ein,Die EU stellt ihre Förderung der Biennale von Venedig ein. Grund dafür ist die umstrittene Wiederzulassung Russlands in diesem Jahr. In der Ukraine hat Russland Tausende Kulturdenkmäler zerstört.,https://media0.faz.net/image/w1200h627/4b1a24920c46/w5568h2909x0y326o/202607/43601.0.2357564989/steinbau-des-anstosses-der.webp,2026-07-21T14:59:40Z,,"Nun wird endlich vollzogen, was monatelang nur angedroht war und woran viele schon nicht mehr glaubten: Wegen der umstrittenen Wiederzulassung Russlands stellt die EU ihre Förderung der Biennale von … [+3826 chars]",,de,'Russland'
https://www.faz.net/aktuell/politik/ukraine/ukraine-liveticker-alijew-bestaetigt-deutsch-russisches-treffen-in-baku-faz-110683325.html,https://www.faz.net/aktuell/politik/ukraine/ukraine-liveticker-alijew-bestaetigt-deutsch-russisches-treffen-in-baku-faz-110683325.html,0,www.faz.net,Liveblog Ukrainekrieg: Alijew bestätigt deutsch-russisches Treffen in Baku,Platzeck und Pofalla trafen Russen in Aserbaidschans Hauptstadt +++ UN-Menschenrechtsbüro: Zahl der zivilen Opfer stark gestiegen +++ Nordkorea und Russland bauen Zusammenarbeit aus +++  alle Neuigkeiten im Liveblog,https://media0.faz.net/image/w1200h627/bdcf4e7ca334/w4829h2523x0y127o/202607/43601.0.2357308020/zu-gast-in-berlin-der.webp,2026-07-21T16:00:33Z,,Nordkoreas Außenministerin Choe Son Hui hat in Moskau sowohl ihren russischen Amtskollegen Sergei Lawrow als auch Präsident Wladimir Putin zu Gesprächen getroffen. Beim sogenannten dritten strategisc… [+1599 chars],,de,'Russland'
https://www.zeit.de/politik/ausland/2026-07/russland-kriegsschiff-aermelkanal-andy-burnham-wes-streeting,https://www.zeit.de/politik/ausland/2026-07/russland-kriegsschiff-aermelkanal-andy-burnham-wes-streeting,0,www.zeit.de,Ärmelkanal: Großbritannien kritisiert russische Schießübung im Ärmelkanal,Russlands Militär hat südlich von England mit scharfer Munition geübt. Der neue britische Verteidigungsminister Wes Streeting spricht von »unverantwortlicher« Aggression.,https://img.zeit.de/politik/ausland/2026-07/russland-kriegsschiff-aermelkanal-fregatte-neustraschimy-foto-1/wide__1300x731,2026-07-21T22:31:19Z,,"Der neue britische Verteidigungsminister Wes Streeting hat die Schießübung eines russischen Kriegsschiffs im Ärmelkanal als provokativ und verantwortungslos kritisiert. Es sei »nicht das erste Mal, d… [+1968 chars]",,de,'Russland'
https://www.bild.de/leben-wissen/wohnen-living/urlaub-geplant-mit-diesen-tipps-sinkt-der-stromverbrauch-zu-hause-6a5f157785fbf0a2ffee4653,https://www.bild.de/leben-wissen/wohnen-living/urlaub-geplant-mit-diesen-tipps-sinkt-der-stromverbrauch-zu-hause-6a5f157785fbf0a2ffee4653,0,www.bild.de,Stromfresser adé - So sparen Sie im Urlaub ganz einfach Stromkosten,Schon wenige Handgriffe vor der Abreise sparen Energie. Welche Geräte ausgeschaltet werden sollten und wo oft unnötig Strom fließt.,"https://images.bild.de/6a5f157785fbf0a2ffee4653/ed3686261ac9a530e240d840804c2afa,a1d2d200?w=1280",2026-07-22T04:16:12Z,,"TTS-Player überspringenArtikel weiterlesenVor der Abreise denken viele daran, sich um den Kühlschrank, Fenster und Müll zu kümmern. Unnötige Stromfresser bleiben jedoch oft eingeschaltet und das geht… [+2070 chars]",,de,'Energie sparen'
"https://www.gamestar.de/artikel/energy-sharing-oesterreich,3456784.html","https://www.gamestar.de/artikel/energy-sharing-oesterreich,3456784.html",0,www.gamestar.de,Energie - In Österreich teilt man seit Jahren Solarstrom mit dem Nachbarn und spart damit – wie ist das in Deutschland?,"Energy Sharing ist in Deutschland erlaubt. Wie es funktionieren kann, zeigt ein Blick auf unsere Nachbarn.",https://images.cgames.de/images/gamestar/293/balkon-solar-bildquelle-yuma-solar-unsplash_6410437.jpg,2026-07-22T08:07:00Z,,"Über Energy Sharing kann erzeugter Strom mit den Nachbarn geteilt werden. (Bildquelle: Yuma Solar / Unsplash)
Seit Kurzem ist es auch in Deutschland erlaubt, überschüssigen, von einer Solaranlage er… [+2392 chars]",,de,'Solar'
https://www.tagesschau.de/wirtschaft/unternehmen/ki-hackerangriff-interview-100.html,https://www.tagesschau.de/wirtschaft/unternehmen/ki-hackerangriff-interview-100.html,0,www.tagesschau.de,"Experte zu KI-Hackerangriff: ""Hochgefährlich für die globale Cybersicherheit""",Ein KI-Modell von OpenAI ist eigenständig in Computersysteme einer anderen Firma eingedrungen und hat so das Risiko von KI-Cyberattacken demonstriert. Dennis-Kenji Kipker vom Cyber Intelligence Institute in Frankfurt am Main zeigt sich nicht überrascht.,https://images.tagesschau.de/image/884ded2f-18d9-4a95-8d55-7c392f022b4e/AAABn4tOwDo/AAABnSSvrFg/16x9-big/sendungsbild-1768678.jpg?width=1280,2026-07-22T19:41:08Z,,"Stand: 22.07.2026 21:41 Uhr
Ein KI-Modell von OpenAI ist eigenständig in Computersysteme einer anderen Firma eingedrungen und hat so das Risiko von KI-Cyberattacken demonstriert. Dennis-Kenji Kipker… [+5197 chars]",,de,'Risiko'
https://www.welt.de/politik/deutschland/article6a61a0aeefccf0c0d5536373/herstellung-von-brennelementen-cdu-geheimdienstexperte-warnt-vor-kooperation-mit-russischem-atom-unternehmen-in-lingen.html,https://www.welt.de/politik/deutschland/article6a61a0aeefccf0c0d5536373/herstellung-von-brennelementen-cdu-geheimdienstexperte-warnt-vor-kooperation-mit-russischem-atom-unternehmen-in-lingen.html,0,www.welt.de,CDU-Geheimdienstexperte warnt vor Kooperation mit russischem Atom-Unternehmen in Lingen,CDU-Geheimdienstkontrolleur Henrichmann sieht im Rosatom-Deal für die Brennelementefabrik Lingen ein Sicherheitsrisiko. Er warnt vor russischem Zugriff auf kritische Infrastruktur. Auch Umweltverbände sprechen von einem „unkalkulierbaren Risiko“.,https://images.welt.de/6a61a0aeefccf0c0d5536373/dd4631abad7ebedd3bdd444df2403a8b-master/ci16x9-w1200/529146293-jpg,2026-07-23T05:35:57Z,,CDU-Geheimdienstkontrolleur Henrichmann sieht im Rosatom-Deal für die Brennelementefabrik Lingen ein Sicherheitsrisiko. Er warnt vor russischem Zugriff auf kritische Infrastruktur. Auch Umweltverbänd… [+2540 chars],,de,'Risiko'
https://www.zeit.de/news/2026-07/23/verfassungsschutz-ruft-ruestungsfirmen-zur-wachsamkeit-auf,https://www.zeit.de/news/2026-07/23/verfassungsschutz-ruft-ruestungsfirmen-zur-wachsamkeit-auf,0,www.zeit.de,Erhöhte Gefährdungslage: Verfassungsschutz ruft Rüstungsfirmen zur Wachsamkeit auf,Hier finden Sie Informationen zu dem Thema „Erhöhte Gefährdungslage“. Lesen Sie jetzt „Verfassungsschutz ruft Rüstungsfirmen zur Wachsamkeit auf“.,https://img.zeit.de/news/2026-07/23/verfassungsschutz-ruft-ruestungsfirmen-zur-wachsamkeit-auf-image-group/wide__1300x731,2026-07-23T08:03:05Z,,"Das Bundesamt für Verfassungsschutz (BfV) ruft Mitarbeiter von Rüstungsunternehmen zu besonderer Wachsamkeit auf. «Es besteht eine erhöhte Wahrscheinlichkeit, dass entsprechende Unternehmen das Ziel … [+3039 chars]",,de,'Ukraine'
https://www.faz.net/aktuell/politik/ukraine/ukraine-liveticker-eu-staaten-einigen-sich-auf-stark-verwaessertes-sanktionspaket-gegen-russland-faz-110683325.html,https://www.faz.net/aktuell/politik/ukraine/ukraine-liveticker-eu-staaten-einigen-sich-auf-stark-verwaessertes-sanktionspaket-gegen-russland-faz-110683325.html,0,www.faz.net,Liveblog Ukrainekrieg: EU-Staaten einigen sich auf stark verwässertes Sanktionspaket gegen Russland,Einigung erst nach einem erheblichen Zugeständnis an Griechenland möglich +++ Rubio und Lawrow sprechen über die Ukraine +++ Ukraine beantragt Sitzung im UN-Sicherheitsrat +++ alle Neuigkeiten im Liveblog,https://media0.faz.net/image/w1200h627/a908313cf2f3/w4280h2236x0y308o/202607/43601.0.2363100807/ursula-von-der-leyen.webp,2026-07-23T08:31:17Z,,Der amerikanische Außenminister Marco Rubio hat sich am Donnerstag in der philippinischen Hauptstadt Manila mit dem russischen Außenminister Sergej Lawrow zu Gesprächen getroffen. Bei der Begegnung a… [+1863 chars],,de,'Ukraine'
https://www.welt.de/politik/ausland/article6a61bdafd4d33e475a7b5594/ukraine-krieg-sergej-lawrow-beschwert-sich-bei-rubio-ueber-inakzeptable-waffenlieferungen-und-ueber-eu-staaten.html,https://www.welt.de/politik/ausland/article6a61bdafd4d33e475a7b5594/ukraine-krieg-sergej-lawrow-beschwert-sich-bei-rubio-ueber-inakzeptable-waffenlieferungen-und-ueber-eu-staaten.html,0,www.welt.de,Lawrow beschwert sich bei Rubio über „inakzeptable“ Waffenlieferungen – und über EU-Staaten,Russlands Außenminister Lawrow nutzt das Treffen mit US-Amtskollege Rubio für eine Kampfansage an Europa. Er beklagt eine „destabilisierende Politik“ und verspricht zugleich Verhandlungsbereitschaft – zu Moskauer Bedingungen.,https://images.welt.de/6a61bdafd4d33e475a7b5594/2f7a216d96aff26fe66d8d3bb5b3d27e/ci16x9-w1200/2026-07-23t045731z-214263982-rc2gjmagwt7z-rtrmadp-3-asean-philippines-jpg,2026-07-23T08:35:02Z,,Russlands Außenminister Lawrow nutzt das Treffen mit US-Amtskollege Rubio für eine Kampfansage an Europa. Er beklagt eine destabilisierende Politik und verspricht zugleich Verhandlungsbereitschaft zu… [+2507 chars],,de,'Russland'
https://www.welt.de/politik/ausland/video6a61c7e8d4d33e475a7b564f/lawrow-und-rubio-in-manila-es-war-auch-ein-wettbewerb-wer-ist-der-konstruktivere.html,https://www.welt.de/politik/ausland/video6a61c7e8d4d33e475a7b564f/lawrow-und-rubio-in-manila-es-war-auch-ein-wettbewerb-wer-ist-der-konstruktivere.html,0,www.welt.de,„Es war auch ein Wettbewerb: Wer ist der Konstruktivere?“,"US-Außenminister Marco Rubio und Russlands Außenminister Sergej Lawrow haben sich in Manila zu Gesprächen über den Ukraine-Krieg getroffen. „Da war nicht viel zu holen“, meint Sicherheitsexperte Nico Lange.",https://images.welt.de/6a61c7e8d4d33e475a7b564f/070135b1af10b61703157cca46287c4f/ci16x9-w1200/dpa-com-260722-99-125648-jpg,2026-07-23T08:57:37Z,,"US-Außenminister Marco Rubio und Russlands Außenminister Sergej Lawrow haben sich in Manila zu Gesprächen über den Ukraine-Krieg getroffen. Da war nicht viel zu holen, meint Sicherheitsexperte Nico L… [+64 chars]",,de,'Krieg'
https://www.dw.com/de/ukraine-krieg-usa-russland-sergej-lawrow-marco-rubio-asean-manila/a-78080599,https://www.dw.com/de/ukraine-krieg-usa-russland-sergej-lawrow-marco-rubio-asean-manila/a-78080599,0,www.dw.com,Russland warnt USA vor Waffenlieferungen an die Ukraine,"Die Außenminister Sergej Lawrow und Marco Rubio sprechen in Manila über Wege aus dem Krieg und die Beziehungen ihrer Länder. Moskau signalisiert Gesprächsbereitschaft, bleibt aber bei umstrittenen Forderungen. Die Außenminister Russlands und der USA, Sergej L…",https://static.dw.com/image/73690829_6.jpg,2026-07-23T09:16:00Z,,"Die Außenminister Russlands und der USA, Sergej Lawrow und Marco Rubio, haben bei einem Treffen in der philippinischen Hauptstadt Manila über den russischen Angriffskrieg gegen die Ukraine und die Be… [+3770 chars]",,de,'Ukraine'
https://www.morgenpost.de/politik/article412653920/neue-eu-sanktionen-gegen-russland-etwas-anderes-bereitet-dem-kreml-probleme.html,https://www.morgenpost.de/politik/article412653920/neue-eu-sanktionen-gegen-russland-etwas-anderes-bereitet-dem-kreml-probleme.html,0,www.morgenpost.de,Neue EU-Sanktionen gegen Russland: Etwas anderes bereitet dem Kreml Probleme,Die neuen EU-Sanktionen gegen Russland zeigen wenig Wirkung. Stärker setzen ukrainische Angriffe die russische Kriegsmaschinerie unter Druck.,https://img.sparknews.funkemedien.de/412654162/412654162_1784799621_v16_9_1600.jpeg,2026-07-23T09:40:21Z,,Die Europäische Union hat ein neues Sanktionspaket gegen Russland geschnürt. Es zielt einmal mehr vor allem auf den russischen Finanz- und Energiesektor. Die ursprünglich vorgesehenen Maßnahmen sind … [+1543 chars],,de,'Ukraine'
https://www.tagesspiegel.de/internationales/russisch-amerikanisches-treffen-lawrow-warnt-rubio-vor-inakzeptablen-waffenlieferungen-an-kyjiw-15869712.html,https://www.tagesspiegel.de/internationales/russisch-amerikanisches-treffen-lawrow-warnt-rubio-vor-inakzeptablen-waffenlieferungen-an-kyjiw-15869712.html,0,www.tagesspiegel.de,Russisch-amerikanisches Treffen: Lawrow warnt Rubio vor „inakzeptablen“ Waffenlieferungen an Kyjiw,"Die Außenminister Russlands und der USA haben sich am Rande des Asean-Außenministertreffens beraten. Bei dem Gespräch ging es um den Krieg in Europa, Nahost und die Raumfahrt.",https://www.tagesspiegel.de/images/15869932/alternates/BASE_16_9_W1400/1784798748000/gipfeltreffen-der-au-enminister-der-asean-staaten.jpeg,2026-07-23T09:42:06Z,,"Die Außenminister Russlands und der USA, Sergej Lawrow und Marco Rubio, haben bei einem Treffen in Manila über Moskaus Angriffskrieg gegen die Ukraine gesprochen. Lawrow habe seinen US-Kollegen über … [+3171 chars]",,de,'Ukraine'
https://www.welt.de/politik/ausland/article6a5783950fae4e2165e36391/ukraine-krieg-russische-militaerpraesenz-auf-der-krim-zerschlagen-putins-einstige-bastion-wird-sein-wunder-punkt.html,https://www.welt.de/politik/ausland/article6a5783950fae4e2165e36391/ukraine-krieg-russische-militaerpraesenz-auf-der-krim-zerschlagen-putins-einstige-bastion-wird-sein-wunder-punkt.html,0,www.welt.de,„Russische Militärpräsenz auf der Krim zerschlagen“ – Putins einstige Bastion wird sein wunder Punkt,Seit Monaten beschießt die Ukraine russische Einrichtungen auf der Krim. Damit verliert Putins Armee wichtige Nachschubwege. Das ist militärisch ein Fiasko – aber für den Präsidenten steht noch viel mehr auf dem Spiel.,https://images.welt.de/6a5783950fae4e2165e36391/0fd2f051c12534d9b1a46ac55985ffc1/ci16x9-w1200/1782242974604-afp-b8383zq-jpg,2026-07-23T09:46:26Z,,Seit Monaten beschießt die Ukraine russische Einrichtungen auf der Krim. Damit verliert Putins Armee wichtige Nachschubwege. Das ist militärisch ein Fiasko  aber für den Präsidenten steht noch viel m… [+8199 chars],,de,'Ukraine'
https://www.tagesspiegel.de/internationales/der-erste-abschuss-in-der-luft-ukrainische-f-16-zerstort-russisches-kampfflugzeug--us-general-bestatigt-besonderheit-15869196.html,https://www.tagesspiegel.de/internationales/der-erste-abschuss-in-der-luft-ukrainische-f-16-zerstort-russisches-kampfflugzeug--us-general-bestatigt-besonderheit-15869196.html,0,www.tagesspiegel.de,„Der erste Abschuss in der Luft“: Ukrainische F-16 zerstört russisches Kampfflugzeug – US-General bestätigt Besonderheit,"Lange war es ruhig um die Kampfjets aus US-Produktion. Nun kommt die Bestätigung, wonach der Ukraine damit der Abschuss eines feindlichen Flugzeugs gelungen ist.",https://www.tagesspiegel.de/images/15869183/alternates/BASE_16_9_W1400/1784791431000/imago860330779.jpeg,2026-07-23T09:48:35Z,,"Zunächst wurde sehr viel über die F-16 geredet. Die Ukraine machte Druck, sie wollte das Mehrzweckkampfflugzeug unbedingt für den Verteidigungskampf gegen Russland haben. Vor etwa zwei Jahren präsent… [+3009 chars]",,de,'Ukraine'
https://www.bild.de/politik/ausland-und-internationales/ukraine-hilfen-lawrow-warnt-rubio-vor-waffenlieferungen-6a61c706a61f29895b4842d6,https://www.bild.de/politik/ausland-und-internationales/ukraine-hilfen-lawrow-warnt-rubio-vor-waffenlieferungen-6a61c706a61f29895b4842d6,0,www.bild.de,Treffen der Außenminister - Ukraine-Hilfen: Lügen-Lawrow warnt Rubio,Russlands Außenminister Sergej Lawrow warnt US-Amtskollege Marco Rubio vor weiteren Waffenlieferungen an die Ukraine.,"https://images.bild.de/6a61c706a61f29895b4842d6/4e362c9c3eaf5dd4e9fa78726cb3fdeb,dd72f284?w=1280",2026-07-23T09:57:03Z,,TTS-Player überspringenArtikel weiterlesenManila Russland erhöht den Druck auf die USA! Bei seinem ersten persönlichen Treffen mit US-Außenminister Marco Rubio (55) seit rund einem Jahr hat Russlands… [+2162 chars],,de,'Ukraine'
https://www.welt.de/politik/ausland/article6a60b02d51897532dc739fba/strasse-von-hormus-so-entzweit-der-iran-krieg-den-klub-der-autokraten.html,https://www.welt.de/politik/ausland/article6a60b02d51897532dc739fba/strasse-von-hormus-so-entzweit-der-iran-krieg-den-klub-der-autokraten.html,0,www.welt.de,So entzweit der Iran-Krieg den Klub der Autokraten,"In Kirgisistan treffen sich die Außenminister der Shanghaier Organisation für Zusammenarbeit. China, Russland und Iran wollen ihre Kooperation gegen den Westen ausbauen. Doch der Konflikt um die Straße von Hormus birgt Streitpotenzial.",https://images.welt.de/6a60b02d51897532dc739fba/2364e6855995cf992e98473ed3673ea4/ci16x9-w1200/gyi-2276661798-jpg,2026-07-23T10:33:46Z,,"In Kirgisistan treffen sich die Außenminister der Shanghaier Organisation für Zusammenarbeit. China, Russland und Iran wollen ihre Kooperation gegen den Westen ausbauen. Doch der Konflikt um die Stra… [+5009 chars]",,de,'Russland'
https://www.n-tv.de/politik/Neues-EU-Sanktionspaket-soll-Russlands-Oel-Einnahmen-begrenzen-id31115883.html,https://www.n-tv.de/politik/Neues-EU-Sanktionspaket-soll-Russlands-Oel-Einnahmen-begrenzen-id31115883.html,0,www.n-tv.de,Einig nach zähen Verhandlungen: Neues EU-Sanktionspaket soll Russlands Öl-Einnahmen begrenzen,"Zum ersten Mal ist ein Sanktionspaket der EU gegen Russland ernsthaft gefährdet. Und das nicht wegen Quertreiber Ungarn, sondern wegen Bedenken vieler Staaten. Eine Einigung kommt aber zustande. Der Ölpreisdeckel und der Export von Gütern nach Russland sind b…",https://www.n-tv.de/img/31115979/1784800144/Img_16_9/1200/Blick-auf-den-Tanker-Eventin-vor-der-Kueste-der-Insel-Ruegen-Der-vom-deutschen-Zoll-eingezogene-Oeltanker-Eventin-ist-verlegt-worden-Das-Schiff-befindet-sich-weiter-nahe-der-Ostseeinsel-Ruegen-etwa-drei-Seemeilen-von-der-vorherigen-Liegeposition-entfernt-wie-die-Deutsche-Presse-Agentur-aus-Behoerdenkreisen-erfuhr-Es-handle-sich-um-einen-Ankerplatz-auf-dem-Schiffe-mit-gefaehrlichen-Guetern-sicher-liegen-koennten-ohne-die-Umgebung-zu-beeintraechtigen-Vom-Zoll-beauftragte-Schlepper-zogen-das-Schiff-zu-der-sogenannten-Nordperd-Reede-Der-Tanker-ist-eines-von-mehr-als-150-Schiffen-der-sogenannten-russischen-Schattenflotte-gegen-die-Sanktionen-der-EU-gelten-Die-Eventin-trieb-im-Januar-stundenlang-manoevrierunfaehig-in-der-Ostsee-saemtliche-Systeme-waren-ausgefallen-Nach-frueheren-Angaben-hat-das-unter-Panama-Flagge-fahrende-Schiff-rund-100-000-Tonnen-l-an-Bord-Der-Tanker-war-von-Ust-Luga-in-Russland-nach-Port-Said-in-Aegypten-unterwegs-Im-April-hatte-das-Bundesfinanzministerium-mitgeteilt-dass-der-Tanker-vom-deutschen-Zoll-sichergestellt-und-eingezogen-worden-ist-Dagegen-seien-Rechtsmittel-eingelegt-worden-Wer-die-Rechtsmittel-eingelegt-hat-ist-nicht-bekannt.jpg,2026-07-23T11:07:37Z,,"Der Öltanker ""Eventin"", der zur russischen Schattenflotte gehören soll, hing lange vor der Insel Rügen fest. (Foto: picture alliance/dpa)
Zum ersten Mal ist ein Sanktionspaket der EU gegen Russland … [+5262 chars]",,de,'Ukraine'
https://www.sueddeutsche.de/politik/eu-sanktionen-russland-ukraine-krieg-lng-seelachs-li.3520398,https://www.sueddeutsche.de/politik/eu-sanktionen-russland-ukraine-krieg-lng-seelachs-li.3520398,0,www.sueddeutsche.de,21. EU-Sanktionspaket gegen Russland: Schonung für griechische Reeder und deutsche Fischstäbchen-Hersteller,Die EU-Mitglieder vereinbaren weitere Strafen gegen russische Firmen und auch Soldaten. Die Verhandlungsergebnisse zeigen: Einzelinteressen machen neue Sanktionen immer schwieriger.,https://www.sueddeutsche.de/2026/07/23/9dd27de3-4059-4b85-acd4-8798e7318917.jpg?q=60&fm=webp&width=1200&rect=0%2C183%2C3500%2C1969,2026-07-23T11:52:54Z,,"Um Russlands Einnahmen aus Ölexporten zu begrenzen, ist geplant, die automatische Anpassung der Preisobergrenze für russische Ölverkäufe, des sogenannten Ölpreisdeckels, für zwölf Monate auszusetzen.… [+4259 chars]",,de,'Russland'
https://orf.at/stories/3437057/,https://orf.at/stories/3437057/,0,orf.at,Ukraine und Russland: Tote bei Angriffen,,https://orf.at/mojo/1_4_1/storyserver//news/common/images/og-fallback-news.png,2026-07-23T11:55:26Z,,"Bei gegenseitigen Angriffen zwischen Russland und der Ukraine sind laut Behördenangaben der beiden Länder heute insgesamt sieben Menschen getötet worden.
Drei Menschen starben nach Angaben der ukrai… [+1426 chars]",,de,'Ukraine'
https://www.dw.com/de/eu-sanktionspaket-nummer-21-soll-druck-auf-moskau-erhoehen-europaeische-union-ukraine-krieg/a-78083557,https://www.dw.com/de/eu-sanktionspaket-nummer-21-soll-druck-auf-moskau-erhoehen-europaeische-union-ukraine-krieg/a-78083557,0,www.dw.com,EU-Sanktionspaket Nummer 21 soll Druck auf Moskau erhöhen,"Immer schwieriger wird es, neue Strafmaßnahmen zu finden, die Russland wegen seines Angriffskriegs gegen die Ukraine treffen - aber nicht die EU-Staaten selbst. Hinter den Kulissen geht es um viel Geld. Die EU-Staaten haben sich angesichts des russischen Angr…",https://static.dw.com/image/74617555_6.jpg,2026-07-23T12:01:00Z,,Die EU-Staaten haben sich angesichts des russischen Angriffskriegs gegen die Ukraine auf ein weiteres Sanktionspaket verständigt. Die Pläne sehen unter anderem zusätzliche Maßnahmen gegen den russisc… [+4700 chars],,de,'Russland'
https://www.tagesspiegel.de/wirtschaft/geldpolitik-ezb-wartet-ab-zinserhohung-erst-im-september-erwartet-15871683.html,https://www.tagesspiegel.de/wirtschaft/geldpolitik-ezb-wartet-ab-zinserhohung-erst-im-september-erwartet-15871683.html,0,www.tagesspiegel.de,Geldpolitik: EZB wartet ab - Zinserhöhung erst im September erwartet,Die Inflation hat sich zuletzt abgeschwächt. Das ermöglicht der Europäischen Zentralbank eine Zinspause. Doch die Unsicherheit wegen des Iran-Krieges bleibt.,https://www.tagesspiegel.de/images/15871758/alternates/BASE_16_9_W1400/1784809240000/europaische-zentralbank.jpeg,2026-07-23T12:16:48Z,,Im Euroraum bleiben die Leitzinsen trotz anhaltender Inflationsgefahren vorerst unverändert. Nachdem die Europäische Zentralbank (EZB) im Juni erstmals seit fast drei Jahren die Zinsen angehoben hatt… [+3600 chars],,de,'Krieg'
https://www.faz.net/aktuell/politik/ukraine/21-sanktionspaket-gegen-russland-ausnahme-fuer-athen-201057996.html,https://www.faz.net/aktuell/politik/ukraine/21-sanktionspaket-gegen-russland-ausnahme-fuer-athen-201057996.html,0,www.faz.net,Sanktionen gegen Russland: Wie Griechenland eine lukrative Sanktionsausnahme durchsetzte,"Erst nach langem Ringen haben die EU-Staaten sich auf ein 21. Sanktionspaket gegen Russland geeinigt. Immer mehr Staaten sind nicht mehr bereit, die Kosten zu tragen.",https://media0.faz.net/image/w1200h627/5cf9db248791/w3000h1567x0y216o/202212/43600.0.1326770302/im-september-2022-ein-mit.webp,2026-07-23T15:46:19Z,,"Am Donnerstag haben es die EU-Staaten dann doch noch geschafft, ein neues Sanktionspaket gegen Russland zu beschließen auf den letzten Drücker vor der Sommerpause. Doch der Preis dafür war hoch: Denn… [+5894 chars]",,de,'Hohe Kosten'
https://www.focus.de/reisen/1000-euro-in-60-sekunden-weg-diese-roaming-rechnung-trifft-familie-im-thailand-urlaub_c5b6eb71-98f3-4286-bf09-e2cd88ca5841.html,https://www.focus.de/reisen/1000-euro-in-60-sekunden-weg-diese-roaming-rechnung-trifft-familie-im-thailand-urlaub_c5b6eb71-98f3-4286-bf09-e2cd88ca5841.html,0,www.focus.de,1000 Euro in 60 Sekunden weg: Diese Roaming-Rechnung trifft Familie im Thailand-Urlaub,"Hohe Roaming-Kosten können den Urlaub in Sekunden ruinieren. Der Fall einer Familie in Thailand zeigt, wie schnell 1000 Euro fällig werden und wie Sie sich schützen.","https://quadro.burda-forward.de/ctf/00d1c07f-3b6a-4ccc-9745-a1a02e324a6c.8d28f564-0a6d-4f64-80b7-03c27946c579.jpg?im=RegionOfInterestCrop=(1200,630),regionOfInterest=(1069,633)&hash=9c0aebfdd62e0b70377f998bdd5fb8c2f056241098e03439b3340ed896c5f372",2026-07-23T16:29:00Z,,"Auf dem Weg in den Familienurlaub nach Thailand erlebt Nicolaas Van den Broek (48) laut dem belgischen Medium HLN einen Schockmoment: Kaum gelandet, meldet der Mobilfunkanbieter Telenet auf dem Handy… [+3362 chars]",,de,'Hohe Kosten'
https://www.zeit.de/news/2026-07/23/viele-verletzte-nach-russischem-bombenabwurf-auf-slowjansk,https://www.zeit.de/news/2026-07/23/viele-verletzte-nach-russischem-bombenabwurf-auf-slowjansk,0,www.zeit.de,Ukraine-Krieg: Viele Verletzte nach russischem Bombenabwurf auf Slowjansk,Hier finden Sie Informationen zu dem Thema „Ukraine-Krieg“. Lesen Sie jetzt „Viele Verletzte nach russischem Bombenabwurf auf Slowjansk“.,https://img.zeit.de/news/2026-07/23/viele-verletzte-nach-russischem-bombenabwurf-auf-slowjansk-image-group/wide__1300x731,2026-07-23T18:53:39Z,,"Russische Gleitbomben haben mindestens 14 Menschen in der Stadt Slowjansk im Osten der Ukraine verletzt. Sieben Wohnblocks seien beschädigt worden, schrieb der ukrainische Militärgouverneur der Regio… [+519 chars]",,de,'Krieg'
https://www.zeit.de/news/2026-07/24/trump-iran-muss-ab-sofort-fuer-schaeden-an-schiffen-zahlen,https://www.zeit.de/news/2026-07/24/trump-iran-muss-ab-sofort-fuer-schaeden-an-schiffen-zahlen,0,www.zeit.de,Iran-Krieg: Trump: Iran muss ab sofort für Schäden an Schiffen zahlen,Hier finden Sie Informationen zu dem Thema „Iran-Krieg“. Lesen Sie jetzt „Trump: Iran muss ab sofort für Schäden an Schiffen zahlen“.,https://img.zeit.de/news/2026-07/24/trump-iran-muss-ab-sofort-fuer-schaeden-an-schiffen-zahlen-image-group/wide__1300x731,2026-07-23T23:18:20Z,,Inmitten des Streits um die Straße von Hormus will US-Präsident Donald Trump den Iran für Schäden an Schiffen und Frachtgut zur Rechenschaft ziehen. Jegliche Schäden dieser Art würden ab sofort mit i… [+844 chars],,de,'Krieg'
https://www.nzz.ch/meinung/russland-brennt-um-den-krieg-zu-beenden-muesste-das-putin-regime-aufhoeren-das-putin-regime-zu-sein-ld.10015437,https://www.nzz.ch/meinung/russland-brennt-um-den-krieg-zu-beenden-muesste-das-putin-regime-aufhoeren-das-putin-regime-zu-sein-ld.10015437,0,www.nzz.ch,"GASTKOMMENTAR - Russland brennt – um den Krieg zu beenden, müsste das Putin-Regime aufhören, das Putin-Regime zu sein","Von der Plage ukrainischer Drohnenangriffe über galoppierende Inflation bis hin zu Treibstoffknappheit – Russland zahlt einen immer höheren Preis für Putins Krieg. Doch der ist zum Organisationsprinzip des Regimes geworden, Alternativen sind nicht vorgesehen.","https://img-msp-prod.nzz.ch/2026/07/22/7af40d6f-09e0-4fb1-ad8e-492fcc6e4533.jpg?width=1200&height=675&fit=bounds&quality=75&auto=webp&crop=7390,4157,x0,y653&wmark=nzz",2026-07-24T03:30:00Z,,Von der Plage ukrainischer Drohnenangriffe über galoppierende Inflation bis hin zu Treibstoffknappheit Russland zahlt einen immer höheren Preis für Putins Krieg. Doch der ist zum Organisationsprinzip… [+8407 chars],,de,'Russland'
https://www.deutsche-startups.de/2026/07/24/so-bleiben-softwarefirmen-exit-ready/,https://www.deutsche-startups.de/2026/07/24/so-bleiben-softwarefirmen-exit-ready/,0,www.deutsche-startups.de,#Gastbeitrag - So bleiben Softwarefirmen exit-ready,"KI verändert die Spielregeln im Softwaremarkt. Wer als Softwareunternehmen attraktive Exit-Optionen offenhalten will, muss seine Organisation, sein Produkt und sein Geschäftsmodell frühzeitig anpassen. Warum das so ist, erklärt Julian Riedlbauer.",https://www.deutsche-startups.de/wp-content/uploads/2026/07/ds-exit-ready-KI.jpg,2026-07-24T06:15:00Z,,"Der Markt hat gesprochen und er ist gnadenlos: Strategische Käufer und Private-Equity-Investoren zahlen heute Premiums für KI-native-Firmen und für Softwareunternehmen, die KI tief in ihr Produkt und… [+4535 chars]",,de,'Hohe Kosten'
https://www.computerbase.de/artikel/smart-home/anker-solix-solarbank-4-pro-test.97537/,https://www.computerbase.de/artikel/smart-home/anker-solix-solarbank-4-pro-test.97537/,0,www.computerbase.de,Anker Solix Solarbank 4 Pro im Test: XXL-Solarkraftwerk liefert bis zu 2.500 Watt Einspeise­leistung,"Mit bis zu 5.000 Watt Solarleistung, integriertem 5-kWh-Speicher, bidirektionalem 2.500 Watt Anschluss und einer 2.500-Watt-Off-Grid-Steckdose setzt Anker Solix mit der Solarbank 4 Pro den Benchmark für die Balkonkraftwerk-Konkurrenz in diesem Jahr.",https://pics.computerbase.de/1/2/2/8/6/3-f529e7fbb8212cc7/article-1280x720.eab7464a.jpg,2026-07-24T07:30:00Z,,"Mit bis zu 5.000 Watt Solarleistung, integriertem 5-kWh-Speicher, bidirektionalem 2.500 Watt Anschluss und einer 2.500-Watt-Off-Grid-Steckdose setzt Anker Solix mit der Solarbank 4 Pro den Benchmark … [+27983 chars]",,de,'Solar'
https://www.zeit.de/news/2026-07/24/ukraine-russland-hat-kriegsgefangenen-erschossen,https://www.zeit.de/news/2026-07/24/ukraine-russland-hat-kriegsgefangenen-erschossen,0,www.zeit.de,Ukraine-Krieg: Ukraine: Russland hat Kriegsgefangenen erschossen,Hier finden Sie Informationen zu dem Thema „Ukraine-Krieg“. Lesen Sie jetzt „Ukraine: Russland hat Kriegsgefangenen erschossen“.,https://img.zeit.de/news/2026-07/24/ukraine-russland-hat-kriegsgefangenen-erschossen-image-group/wide__1300x731,2026-07-24T11:20:15Z,,"Ukrainische Behörden werfen Russland vor, einen weiteren Kriegsgefangenen erschossen zu haben. Russische Militärs hätten einen Soldaten der ukrainischen Streitkräfte beim Dorf Jalta im Gebiet Donezk … [+608 chars]",,de,'Krieg'
https://www.zeit.de/news/2026-07/24/reaktion-auf-eu-massnahme-china-sanktioniert-deutsche-firmen,https://www.zeit.de/news/2026-07/24/reaktion-auf-eu-massnahme-china-sanktioniert-deutsche-firmen,0,www.zeit.de,Ukraine-Krieg: Reaktion auf EU-Maßnahme: China sanktioniert deutsche Firmen,Hier finden Sie Informationen zu dem Thema „Ukraine-Krieg“. Lesen Sie jetzt „Reaktion auf EU-Maßnahme: China sanktioniert deutsche Firmen“.,https://img.zeit.de/news/2026-07/24/reaktion-auf-eu-massnahme-china-sanktioniert-deutsche-firmen-image-group/wide__1300x731,2026-07-24T11:26:26Z,,Als Reaktion auf die neuen Russland-Sanktionen der EU hat China gegen 14 Unternehmen aus Deutschland und anderen europäischen Ländern Exportkontrollen verhängt. Durch die 21. Sanktionsrunde seien auc… [+1909 chars],,de,'Russland'
https://www.tagesschau.de/ausland/europa/schwarzes-meer-angriffe-schiffe-100.html,https://www.tagesschau.de/ausland/europa/schwarzes-meer-angriffe-schiffe-100.html,0,www.tagesschau.de,Russland und Ukraine: Droht die Rückkehr der Getreidekrise?,"Russland und die Ukraine intensivieren ihre Angriffe auch auf See. Die Ukraine greift die russische Schattenflotte an, Russland attackiert Schiffe auf dem Weg zum Hafen von Odessa. Droht eine neue Getreidekrise? Von S. Laack.",https://images.tagesschau.de/image/e89a0dc4-d933-4c1a-b182-79705a54f55f/AAABn5PeF0A/AAABnSSvrFg/16x9-big/schiff-rauch-odessa-100.jpg?width=1280,2026-07-24T12:33:42Z,,"Stand: 24.07.2026 14:33 Uhr
Russland und die Ukraine intensivieren ihre Angriffe auch auf See. Die Ukraine greift die russische Schattenflotte an, Russland attackiert Schiffe auf dem Weg zum Hafen v… [+3318 chars]",,de,'Russland'
https://www.faz.net/aktuell/politik/ukraine/ukraine-liveticker-ballistische-rakete-trifft-ruestungsmesse-in-region-kiew-faz-110683325.html,https://www.faz.net/aktuell/politik/ukraine/ukraine-liveticker-ballistische-rakete-trifft-ruestungsmesse-in-region-kiew-faz-110683325.html,0,www.faz.net,Liveblog Ukrainekrieg: Ballistische Rakete trifft Rüstungsmesse in Region Kiew,Offenbar 10 Tote und etwa 100 Verletzte +++ Rumänien schießt Drohne in eigenem Luftraum ab +++ Wegen Russland-Sanktionen: China bestraft EU-Unternehmen +++ alle Neuigkeiten im Liveblog,https://media0.faz.net/image/w1200h627/e715d65da11e/w2000h1045x0y103o/202607/43601.0.2367363823/treffer-im-gebiet-kiew.webp,2026-07-24T13:18:25Z,,"Die Ukraine hat nach Angaben ihres Präsidenten Wolodymyr Selenskyj ein russisches Rüstungsunternehmen in der Oblast Kirow angegriffen. Die Firma liefere Komponenten für Flugzeuge und Raketensysteme, … [+1619 chars]",,de,'Ukraine'
https://www.zeit.de/news/2026-07/24/us-beamter-trump-will-selenskyj-am-dienstag-empfangen,https://www.zeit.de/news/2026-07/24/us-beamter-trump-will-selenskyj-am-dienstag-empfangen,0,www.zeit.de,Ukraine-Krieg: US-Beamter: Trump will Selenskyj am Dienstag empfangen,Hier finden Sie Informationen zu dem Thema „Ukraine-Krieg“. Lesen Sie jetzt „US-Beamter: Trump will Selenskyj am Dienstag empfangen“.,https://img.zeit.de/news/2026-07/24/us-beamter-trump-will-selenskyj-am-dienstag-empfangen-image-group/wide__1300x731,2026-07-24T14:43:35Z,,"US-Präsident Donald Trump will kommenden Dienstag Regierungskreisen zufolge den ukrainischen Präsidenten Wolodymyr Selenskyj im Weißen Haus empfangen. Ein entsprechender Besuch sei geplant, teilte ei… [+909 chars]",,de,'Krieg'
https://www.zeit.de/news/2026-07/25/schwarzes-meer-bedroht-der-seekrieg-den-getreidehandel,https://www.zeit.de/news/2026-07/25/schwarzes-meer-bedroht-der-seekrieg-den-getreidehandel,0,www.zeit.de,Ukraine-Krieg: Schwarzes Meer: Bedroht der Seekrieg den Getreidehandel?,Hier finden Sie Informationen zu dem Thema „Ukraine-Krieg“. Lesen Sie jetzt „Schwarzes Meer: Bedroht der Seekrieg den Getreidehandel?“.,https://img.zeit.de/news/2026-07/25/schwarzes-meer-bedroht-der-seekrieg-den-getreidehandel-image-group/wide__1300x731,2026-07-25T05:00:05Z,,"Kiew spricht von einem Seekrieg in der Schwarzmeer-Region und wirft Moskau vor, die Ernährungssicherheit in Teilen der Welt zu gefährden. Täglich gibt es Berichte über Schiffe, die eine der Kriegspar… [+5800 chars]",,de,'Krieg'
https://www.zeit.de/politik/ausland/2026-07/oesterreich-ukraine-eu-beitritt-claudia-bauer,https://www.zeit.de/politik/ausland/2026-07/oesterreich-ukraine-eu-beitritt-claudia-bauer,0,www.zeit.de,Europäische Union: Österreich lehnt zeitnahen EU-Beitritt der Ukraine ab,"Einen »Turbo-Beitritt« zur EU dürfe es für die Ukraine nicht geben, sagt Österreichs Europaministerin. Alle Beitrittskandidaten müssten dieselben Regeln befolgen.",https://img.zeit.de/politik/ausland/2026-07/oesterreich-ukraine-eu-beitritt-claudia-bauer-foto-1/wide__1300x731,2026-07-25T07:50:43Z,,Österreich hat sich gegen einen zeitnahen Beitritt der Ukraine in die Europäische Union ausgesprochen. Europaministerin Claudia Bauer von der konservativen ÖVP übte dabei auch Kritik an Präsident Wol… [+1633 chars],,de,'Ukraine'
https://www.zeit.de/zeit-geschichte/2026/03/britisch-amerikanischer-krieg-1812-ureinwohner,https://www.zeit.de/zeit-geschichte/2026/03/britisch-amerikanischer-krieg-1812-ureinwohner,0,www.zeit.de,Britisch-Amerikanischer Krieg: Expansion nach Westen,1812 schaukeln sich Spannungen zwischen den USA und Großbritannien zu einem neuen Krieg hoch. Ein Konflikt mit Folgen bis heute – und einem klaren Leidtragenden.,https://img.zeit.de/zeit-geschichte/2026/03/expansion-nach-westen-bild-2/wide__1300x731,2026-07-25T08:19:21Z,,"Schließen
Artikelzusammenfassung
Ein fast vergessener Krieg machte aus einer nächtlichen Bombardierung einen nationalen Soundtrack. Aus dem Beschuss von Fort McHenry 1814, den Francis Scott Key als… [+1460 chars]",,de,'Krieg'
https://www.welt.de/gesundheit/article6a60d406df889b74b6648ae8/gehirn-wenn-der-partner-dement-ist-steigt-auch-das-eigene-risiko.html,https://www.welt.de/gesundheit/article6a60d406df889b74b6648ae8/gehirn-wenn-der-partner-dement-ist-steigt-auch-das-eigene-risiko.html,0,www.welt.de,"Wenn der Partner dement ist, steigt auch das eigene Risiko","Wenn der Partner dement ist, wirkt sich das offenbar auch auf das eigene Risiko aus. Forscher haben nun entscheidende Faktoren gefunden, durch die die Gefahr auch für Angehörige deutlich wächst.",https://images.welt.de/6a60d406df889b74b6648ae8/a81678e8ceb26f076bd49d7fd308766c-master/ci16x9-w1200/gettyimages-2174798366-jpg,2026-07-25T09:52:53Z,,"Wenn der Partner dement ist, wirkt sich das offenbar auch auf das eigene Risiko aus. Forscher haben nun entscheidende Faktoren gefunden, durch die die Gefahr auch für Angehörige deutlich wächst.Ehepa… [+4496 chars]",,de,'Risiko'
https://www.tagesschau.de/ausland/europa/ukraine-russland-240.html,https://www.tagesschau.de/ausland/europa/ukraine-russland-240.html,0,www.tagesschau.de,Viele Opfer bei gegenseitigen Angriffen zwischen Russland und der Ukraine,"Russland und die Ukraine greifen sich weiter gegenseitig an - mit Todesopfern und verletzten auf beiden Seiten. Kiew meldet zudem erneut Angriffe auf Ölanlagen, die teilweise tief im russischen Hinterland liegen.",https://images.tagesschau.de/image/9d85472f-067b-4574-b748-0de02c69ed43/AAABn5lq0Mc/AAABnSSvrFg/16x9-big/truemmerfeld-100.jpg?width=1280,2026-07-25T14:11:32Z,,"Stand: 25.07.2026 16:11 Uhr
Russland und die Ukraine greifen sich weiter gegenseitig an - mit Todesopfern und verletzten auf beiden Seiten. Kiew meldet zudem erneut Angriffe auf Ölanlagen, die teilw… [+2717 chars]",,de,'Russland'
https://www.zeit.de/news/2026-07/26/iran-droht-usa-mit-ausweitung-des-konflikts,https://www.zeit.de/news/2026-07/26/iran-droht-usa-mit-ausweitung-des-konflikts,0,www.zeit.de,Iran-Krieg: Iran droht USA mit Ausweitung des Konflikts,Hier finden Sie Informationen zu dem Thema „Iran-Krieg“. Lesen Sie jetzt „Iran droht USA mit Ausweitung des Konflikts“.,https://img.zeit.de/news/2026-07/26/iran-droht-usa-mit-ausweitung-des-konflikts-image-group/wide__1300x731,2026-07-26T09:00:32Z,,"Irans Armeesprecher Amir Akraminia droht mit einer Ausweitung des Kriegsgebiets, falls die USA ihre Luftangriffe fortsetzen sollten. Unter Verweis auf Angriffe der jemenitischen Huthi-Miliz auf Schif… [+932 chars]",,de,'Krieg'
https://salzburg.orf.at/stories/3364252/,https://salzburg.orf.at/stories/3364252/,0,salzburg.orf.at,Protestaktion für höhere Löhne in Hotel- und Gastgewerbe,"Die Gewerkschaft vida hat bei der Festspieleröffnung am Sonntagvormittag eine Protestaktion gestartet, um die Anwesenheit von Politikerinnen, Politikern und Interessensvertretern zu nutzen. Etwa 40 Protestierende haben auf die festgefahrenen Kollektivvertrags…",https://ibs.orf.at/sbg?image=https%3A%2F%2Foekastatic.orf.at%2Fmims%2F2026%2F31%2F43%2Fcrops%2Fw%3D1200%2Ch%3D627%2Cq%3D75%2F3127284_master_1211943_26-07-26_10-24-39_6946.jpg%3Fs%3Dad9a14d045fc77bbca87b19283373cea258aaadf,2026-07-26T10:53:47Z,,"Nach vier Monaten gebe es hier noch immer kein Ergebnis und damit auch keinen Inflationsausgleich bei den Löhnen, beklagte die Verhandlungsleiterin der Gewerkschaft, Eva Eberhart: Alle Beschäftigten,… [+948 chars]",,de,'Gas'
https://www.faz.net/aktuell/finanzen/finanzmarkt/was-die-hoeheren-anleihe-renditen-fuer-anleger-bedeuten-accg-201059273.html,https://www.faz.net/aktuell/finanzen/finanzmarkt/was-die-hoeheren-anleihe-renditen-fuer-anleger-bedeuten-accg-201059273.html,0,www.faz.net,Renditen auf Höchstniveau: Was die höheren Anleihe-Renditen für Anleger bedeuten,Eine ganze Generation von Anlegern kennt Staatsanleihen nur als Ertragsbremse. Diese Zeiten sind vorbei. Das hat nicht nur mit der Inflation zu tun.,https://media0.faz.net/image/w1200h627/5d60cbb7a683/w6372h3329x0y150o/202106/43600.0.236145477/grosse-und-teure-plaene-die.webp,2026-07-26T11:44:34Z,,Lange Jahre nach der Finanzkrise waren die Renditen der Staatsanleihen der G-10-Länder äußerst niedrig. Mit dem russischen Überfall auf die Ukraine begann sich dies zu ändern. Der Angriff traf auf ei… [+232 chars],,de,'Inflation'
https://www.faz.net/aktuell/finanzen/finanzmarkt/staatsanleihen-das-ende-der-aera-billiger-schulden-accg-201059273.html,https://www.faz.net/aktuell/finanzen/finanzmarkt/staatsanleihen-das-ende-der-aera-billiger-schulden-accg-201059273.html,0,www.faz.net,Renditen auf Höchstniveau: Was das Ende der billigen Schulden bedeutet,Eine ganze Generation von Anlegern kennt Staatsanleihen nur als Ertragsbremse. Diese Zeiten sind vorbei. Das hat nicht nur mit der Inflation zu tun.,https://media0.faz.net/image/w1200h627/5d60cbb7a683/w6372h3329x0y150o/202106/43600.0.236145477/grosse-und-teure-plaene-die.webp,2026-07-26T11:44:34Z,,Lange Jahre nach der Finanzkrise waren die Renditen der Staatsanleihen der G-10-Länder äußerst niedrig. Mit dem russischen Überfall auf die Ukraine begann sich dies zu ändern. Der Angriff traf auf ei… [+232 chars],,de,'Inflation'
https://www.faz.net/aktuell/wirtschaft/wirtschaftswissen/ludwig-straub-wie-eine-alternde-volkswirtschaft-die-zinsen-drueckt-accg-200949237.html,https://www.faz.net/aktuell/wirtschaft/wirtschaftswissen/ludwig-straub-wie-eine-alternde-volkswirtschaft-die-zinsen-drueckt-accg-200949237.html,0,www.faz.net,Alternde Gesellschaft: „Wir erleben gerade den Übergang zur grauen Volkswirtschaft“,"Der 38 Jahre alte Harvard-Ökonom Ludwig Straub hat einen wichtigen Preis seiner Zunft erhalten. Mit neuartigen Modellen erklärt er, wie sich eine alternde Bevölkerung auf Zinsen, Inflation und die Staatsverschuldung auswirkt.",https://media0.faz.net/image/w1200h627/caaa99dfec05/w1862h972x186y80o/202606/43601.0.2244123963/ludwig-straub.webp,2026-07-26T14:07:55Z,,"Herr Straub, wenn ein Verwandter auf einer Familienfeier fragt, was Sie eigentlich genau machen, was antworten Sie ihm?
Wahrscheinlich würde ich sagen, dass ich versuche, Modelle zu bauen, um das wi… [+10771 chars]",,de,'Inflation'
https://www.nzz.ch/sponsored-content/werterhalt-statt-wertverlust-so-schuetzen-sachanlagen-das-vermoegen-ld.10015006,https://www.nzz.ch/sponsored-content/werterhalt-statt-wertverlust-so-schuetzen-sachanlagen-das-vermoegen-ld.10015006,0,www.nzz.ch,SPONSORED CONTENT - Werterhalt statt Wertverlust: So schützen Sachanlagen das Vermögen,"Inflation und tiefe Zinsen erschweren den langfristigen Vermögenserhalt. Wer die Kaufkraft bewahren und sein Kapital nachhaltig weiterentwickeln will, kommt an einer durchdachten Anlagestrategie nicht vorbei.","https://img-msp-prod.nzz.ch/2026/07/10/91456881-0e1d-46af-969e-376c9d081ad4.jpg?width=1200&height=675&fit=bounds&quality=75&auto=webp&crop=1280,720,x0,y170&wmark=nzz",2026-07-26T22:05:00Z,,"Inflation und tiefe Zinsen erschweren den langfristigen Vermögenserhalt. Wer die Kaufkraft bewahren und sein Kapital nachhaltig weiterentwickeln will, kommt an einer durchdachten Anlagestrategie nich… [+6751 chars]",,de,'Inflation'
https://www.nzz.ch/wirtschaft/schock-folgt-auf-schock-jetzt-bedroht-ein-super-el-nino-die-weltwirtschaft-ld.10016531,https://www.nzz.ch/wirtschaft/schock-folgt-auf-schock-jetzt-bedroht-ein-super-el-nino-die-weltwirtschaft-ld.10016531,0,www.nzz.ch,Schock folgt auf Schock: Jetzt bedroht ein Super-El-Niño die Weltwirtschaft,Das Klimaphänomen soll 2026 besonders stark ausfallen. Nach dem Energieschock durch den Iran-Krieg drohen nun noch höhere Preise für Lebensmittel und mehr Logistikprobleme.,"https://img-msp-prod.nzz.ch/2026/07/24/e856a0c9-295c-417b-9acc-f3b957109f8e.jpg?width=1200&height=674&fit=bounds&quality=75&auto=webp&crop=2522,1418,x180,y431&wmark=nzz",2026-07-27T03:30:00Z,,"Das Klimaphänomen soll 2026 besonders stark ausfallen. Nach dem Energieschock durch den Iran-Krieg drohen nun noch höhere Preise für Lebensmittel und mehr Logistikprobleme.
Kommentieren
Zusammenfas… [+8454 chars]",,de,'Inflation'
https://www.tagesschau.de/inland/gesellschaft/hitze-deutschland-148.html,https://www.tagesschau.de/inland/gesellschaft/hitze-deutschland-148.html,0,www.tagesschau.de,Nächste Hitzephase für Deutschland kündigt sich an,In Deutschland stehen wieder heiße Tage an: Bis zu 39 Grad sind im Laufe der Woche möglich - und auch die Nächte bringen wieder wenig Abkühlung. Mit der Hitze steigt auch das Risiko für Waldbrände.,https://images.tagesschau.de/image/f788dfc7-f46c-4553-8003-3bb3df490b59/AAABn6NxDAA/AAABnSSvrFg/16x9-big/balkon-sonnenschirme-100.jpg?width=1280,2026-07-27T12:30:49Z,,"Stand: 27.07.2026 14:30 Uhr
In Deutschland stehen wieder heiße Tage an: Bis zu 39 Grad sind im Laufe der Woche möglich - und auch die Nächte bringen wieder wenig Abkühlung. Mit der Hitze steigt auch… [+2900 chars]",,de,'Risiko'
https://www.morgenpost.de/ratgeber-wissen/finanzen/article412687430/fed-zinsentscheid-wann-aktuelle-prognose-termin-juli-2026.html,https://www.morgenpost.de/ratgeber-wissen/finanzen/article412687430/fed-zinsentscheid-wann-aktuelle-prognose-termin-juli-2026.html,0,www.morgenpost.de,Fed-Zinsentscheid am Mittwoch: Experte warnt vor ungewöhnlichem Risiko,Am Mittwoch steht der nächste Fed-Zinsentscheid an. Wir zeigen aktuelle Prognosen und warum der manche Profis auch mit Überraschungen rechnen.,https://img.sparknews.funkemedien.de/412690316/412690316_1785155609_v16_9_1600.jpeg,2026-07-27T14:38:00Z,,Diese Woche richtet sich der Blick an den Finanzmärkten wieder auf die US-Notenbank Federal Reserve (Fed). Die Währungshüter entscheiden erneut über den Leitzins in den USA und damit über eine wichti… [+6556 chars],,de,'Inflation'
https://www.zeit.de/news/2026-07/28/zwei-kriege-im-fokus-netanjahu-und-selenskyj-bei-trump,https://www.zeit.de/news/2026-07/28/zwei-kriege-im-fokus-netanjahu-und-selenskyj-bei-trump,0,www.zeit.de,Trauerfeier für Graham: Zwei Kriege im Fokus: Netanjahu und Selenskyj bei Trump,Hier finden Sie Informationen zu dem Thema „Trauerfeier für Graham“. Lesen Sie jetzt „Zwei Kriege im Fokus: Netanjahu und Selenskyj bei Trump“.,https://img.zeit.de/news/2026-07/28/zwei-kriege-im-fokus-netanjahu-und-selenskyj-bei-trump-image-group/wide__1300x731,2026-07-28T03:00:14Z,,Der kürzlich gestorbene US-Senator Lindsey Graham war einer der wichtigsten Unterstützer Israels und der Ukraine in Washington. Nun findet in der US-Hauptstadt eine Trauerfeier für den Republikaner s… [+5740 chars],,de,'Ukraine'
