topic,sentiment_mean,sentiment_std,subjectivity_mean,subjectivity_std,counting
Angst,-0.04391100347879,1.0240841690145224,0.03499733639247706,1.1071448628497684,1163.0
Energie,0.08634957932151058,0.9968948020030636,0.1268879215884481,1.1001347115102638,3428.0
Krieg,-0.04968312043782207,0.9903233456165126,-0.09986257211921962,0.8775672507807759,8012.0
Wohlstand,0.10487057944855338,0.9768893410072587,0.22667033256946617,1.171693028244705,1480.0
