topic,sentiment_mean,sentiment_std,subjectivity_mean,subjectivity_std,counting
Angst,-0.04664111685897922,0.9879540688103299,0.012468201165582766,1.073144438163063,680.0
Energie,0.07055533773150595,0.9903009988161408,0.10135198900391491,1.0742493868729572,2687.0
Krieg,-0.05996441754328809,0.9982706045729111,-0.11063045820587072,0.8707480415299291,4640.0
Wohlstand,0.11791870502743879,0.9650609898680673,0.23788678383384843,1.1709722961696354,1011.0
