topic,sentiment_mean,sentiment_std,subjectivity_mean,subjectivity_std,counting
Angst,-0.044491764039959206,1.0275240144580555,0.022401185430670247,1.0974383000497037,1042.0
Energie,0.08355046075039084,0.9968800574523711,0.12093901971391513,1.091548767618349,3306.0
Krieg,-0.05299134187758659,0.9903702012978163,-0.10193601270493663,0.8773093487101166,7224.0
Wohlstand,0.11667417968129569,0.9681527086358883,0.24321451515007897,1.1796280105358532,1329.0
