topic,sentiment_mean,sentiment_std,subjectivity_mean,subjectivity_std,counting
Angst,-0.03764925039415263,1.027408507939198,0.022977823731788513,1.0978279072944366,1059.0
Energie,0.08438319857878919,0.9972835449466255,0.12150770496256533,1.0932402269017254,3309.0
Krieg,-0.05362003228828658,0.9901701814133366,-0.10095757133450997,0.878707235459262,7362.0
Wohlstand,0.11634500274567575,0.9691798316810499,0.24162828442931256,1.1756859167523246,1353.0
