topic,sentiment_mean,sentiment_std,subjectivity_mean,subjectivity_std,counting
Angst,-0.05265051599527088,1.0328812090348913,0.017150472008377264,1.0423160331101293,1498.0
Energie,0.09223565626718291,0.9956511346830705,0.1247263084948491,1.1020808514542073,3859.0
Krieg,-0.04765225632992858,0.9907522048454133,-0.08910628177475605,0.9008255101225325,9843.0
Wohlstand,0.10895418535984185,0.9739521270603946,0.21371744776670545,1.151755890055014,1787.0
