topic,sentiment_mean,sentiment_std,subjectivity_mean,subjectivity_std,counting
Angst,-0.03703389027568713,1.0146185162786572,0.024982338505040887,1.0608043274068826,1393.0
Energie,0.09010193089907752,0.9985495711046996,0.11951462729540191,1.0904743482409465,3686.0
Krieg,-0.05159496295886132,0.9942037369538901,-0.09364505152997792,0.8936390515532054,8938.0
Wohlstand,0.10965617328354858,0.9613512761786152,0.2253880512775444,1.171779006582795,1655.0
