topic,sentiment_mean,sentiment_std,subjectivity_mean,subjectivity_std,counting
Angst,-0.042473787761203696,1.0236631962617557,0.017560531524016626,1.0832655572326064,1090.0
Energie,0.08517746562351503,0.9973943772672579,0.12184376479456992,1.0936949308123722,3361.0
Krieg,-0.05203923090560316,0.989830552711519,-0.09809778868989057,0.8835057650726624,7636.0
Wohlstand,0.10953402033721764,0.9766064592844214,0.22739964582465547,1.1687640817890954,1455.0
