topic,sentiment_mean,sentiment_std,subjectivity_mean,subjectivity_std,counting
Angst,-0.048405069152129096,1.0140838676265467,0.041650082559894566,1.1134275201320352,951.0
Energie,0.0795624313915938,0.9964819731636606,0.11674438245808831,1.0846757188696203,3160.0
Krieg,-0.05325065680179331,0.9904390995679961,-0.10967365432579097,0.8683167741684024,6438.0
Wohlstand,0.1113993116998099,0.9765956589192196,0.244869971909352,1.184623227708768,1255.0
