topic,sentiment_mean,sentiment_std,subjectivity_mean,subjectivity_std,counting
Angst,-0.026151580402914546,0.9820483440101598,0.04767598129237536,1.115409588368367,860.0
Energie,0.07720903779345784,0.9991955081062083,0.11037135103194555,1.0830839623579926,2965.0
Krieg,-0.05704447695636596,0.9937707916802119,-0.10958837574253504,0.8683446370258134,5810.0
Wohlstand,0.10951648690393875,0.9736610233021707,0.24225696240721153,1.1761739429785667,1142.0
