topic,sentiment_mean,sentiment_std,subjectivity_mean,subjectivity_std,counting
Angst,-0.03439417329097765,0.9771001960057544,0.02666546591191893,1.0868493191375903,823.0
Energie,0.07522293311396039,0.9976495052563901,0.10634081288739831,1.0799397424573105,2862.0
Krieg,-0.05828667466339194,0.9947903993317283,-0.1100673000294726,0.8693413070522445,5344.0
Wohlstand,0.11857458208587368,0.9733900244882092,0.25180185924422677,1.1818192008190331,1069.0
