topic,sentiment_mean,sentiment_std,subjectivity_mean,subjectivity_std,counting
Angst,-0.05377855227130221,1.0343075657327554,0.01476663147776784,1.0373604633067366,1514.0
Energie,0.0917253669994124,0.9957438876682312,0.12391228978770238,1.1009450988925114,3870.0
Krieg,-0.04745953090742713,0.9907811701582084,-0.08806360746012043,0.9036051165878676,9934.0
Wohlstand,0.1095044500773501,0.9719087375402765,0.21260735229937888,1.148059517294853,1809.0
