topic,sentiment_mean,sentiment_std,subjectivity_mean,subjectivity_std,counting
Angst,-0.061676884582527326,1.0404311091932137,0.012936912538673375,1.0299478410704874,1560.0
Energie,0.08989813727112733,0.9924408163792366,0.1221933558965524,1.1065951735905912,4055.0
Krieg,-0.04647723739960164,0.9919095149148529,-0.08939371061626215,0.9002403551718785,10138.0
Wohlstand,0.1095647176199243,0.967794116793713,0.21642063308040618,1.1488889807678968,1855.0
