topic,sentiment_mean,sentiment_std,subjectivity_mean,subjectivity_std,counting
Angst,-0.05029533774270874,1.0312856062211586,0.01885161953354422,1.0464433012614052,1488.0
Energie,0.09285851336774374,0.9954320039729719,0.1227256264695519,1.1005111463697939,3829.0
Krieg,-0.0472629638391765,0.9916734844468155,-0.08743533150055233,0.9032036997318594,9785.0
Wohlstand,0.10651723615477778,0.9702450693822521,0.21316605491095036,1.1469481516855102,1732.0
