topic,sentiment_mean,sentiment_std,subjectivity_mean,subjectivity_std,counting
Angst,-0.039233025681456826,1.0257253462857374,0.019340860423585002,1.0903334618895248,1064.0
Energie,0.08623778642991788,0.9983142289942771,0.11942757174728659,1.091634509635996,3341.0
Krieg,-0.0535454209814292,0.9890651455878277,-0.09794937739179681,0.8829041063474194,7512.0
Wohlstand,0.10981023311301087,0.9764382050218184,0.22714521158234713,1.169195087706453,1435.0
