topic,sentiment_mean,sentiment_std,subjectivity_mean,subjectivity_std,counting
Angst,-0.025385922152556636,0.9835176252291165,0.026797911079673605,1.0857391096233793,839.0
Energie,0.07523169447000126,0.9967585166545756,0.10767480508756759,1.0820506365446083,2902.0
Krieg,-0.05810097014899637,0.9936802703302042,-0.11024148578060648,0.8683986449901197,5463.0
Wohlstand,0.1099579697499457,0.9785891637681902,0.24880183744308496,1.1809692154725817,1104.0
