topic,sentiment_mean,sentiment_std,subjectivity_mean,subjectivity_std,counting
Angst,-0.14721651175740058,1.219907753551806,0.2866546682721309,1.1233040010836792,26.0
Energie,0.05742624682079787,0.9657960671203327,0.011972675146474659,0.9445006030487073,581.0
Krieg,-0.10804111779715111,0.9755990126884927,-0.14762676917559514,0.8522274887029285,278.0
Wohlstadn,0.3103831816301575,1.1244718539176504,1.0728211778018915,1.4362848483786086,6.0
Wohlstand,0.03302036692155492,0.8602555164380239,0.31441989120905556,1.3600980765465218,67.0
