topic,sentiment_mean,sentiment_std,subjectivity_mean,subjectivity_std,counting
Angst,-0.034537931713087285,0.9774927833729173,0.028418794342266747,1.0892732532540925,814.0
Energie,0.07164229597474084,0.9976331070021479,0.10199227564778048,1.073939912625497,2830.0
Krieg,-0.058293723892425764,0.9942000072429675,-0.10929327432190296,0.8703981976072217,5146.0
Wohlstand,0.12174813204701092,0.9761255746020419,0.24791710771949074,1.1836395624555665,1040.0
