topic,sentiment_mean,sentiment_std,subjectivity_mean,subjectivity_std,counting
Angst,-0.053454238939079274,1.0355169782301856,0.0132466647919488,1.0326351290052862,1544.0
Energie,0.09126902453039287,0.9945031217806979,0.11981774417519862,1.0979648707216048,3917.0
Krieg,-0.04776521687063718,0.9912205147831941,-0.08748374896685684,0.9051446493931515,9975.0
Wohlstand,0.10982748875578924,0.9706539500973086,0.21517217361503285,1.1483315734769612,1833.0
