topic,sentiment_mean,sentiment_std,subjectivity_mean,subjectivity_std,counting
Angst,-0.0373027181004602,1.0113195569062596,0.03454419839718902,1.0826366671973913,1326.0
Energie,0.08961366693376105,0.9963368706946347,0.12352374125768069,1.0960371425207118,3607.0
Krieg,-0.05142151554987886,0.9937131622336008,-0.10001266650739732,0.8786458140988678,8432.0
Wohlstand,0.10299854412741911,0.9705295586288486,0.2328080156937241,1.1899076982990582,1561.0
