topic,sentiment_mean,sentiment_std,subjectivity_mean,subjectivity_std,counting
Angst,-0.033320834349382905,1.0060201794740053,0.03300476247712093,1.0799126918325361,1337.0
Energie,0.08960278571250599,0.9981578983185546,0.12249118998155599,1.0931786585121073,3641.0
Krieg,-0.052183907587231564,0.994844626167046,-0.09851259830104958,0.882697520936834,8592.0
Wohlstand,0.10480847975143498,0.9653356838014344,0.2299522660116734,1.1852516862880822,1599.0
