topic,sentiment_mean,sentiment_std,subjectivity_mean,subjectivity_std,counting
Angst,-0.047257700381672915,1.032743347560316,0.021819086533632338,1.0529976942343386,1461.0
Energie,0.09087081781171771,0.9967741745234611,0.11969501512457859,1.0946385187601986,3807.0
Krieg,-0.0470762653680072,0.990885860189041,-0.08783590382390166,0.9032782074831023,9657.0
Wohlstand,0.1042748386709816,0.9712114171386034,0.21494628132144836,1.1501544843619138,1731.0
