topic,sentiment_mean,sentiment_std,subjectivity_mean,subjectivity_std,counting
Angst,-0.05243535629741861,1.0102878193597227,0.03291145879524269,1.1031551315106776,987.0
Energie,0.08071528397903886,0.9964267614819613,0.11595294126230186,1.0848117889362936,3197.0
Krieg,-0.05201003112553796,0.9919370285339636,-0.1037345214558024,0.8764694050992077,6813.0
Wohlstand,0.11741320187559742,0.9729582724082132,0.24438598654707064,1.1823620471010117,1283.0
