topic,sentiment_mean,sentiment_std,subjectivity_mean,subjectivity_std,counting
Angst,-0.03406054106830442,0.9834110520841466,0.03569386423118065,1.1033894497007815,775.0
Energie,0.07255646617019346,0.9947344365183901,0.10053583475009464,1.0729106046190282,2765.0
Krieg,-0.05788767818757607,0.9955143384340868,-0.10947169851314961,0.8696289737298644,5057.0
Wohlstand,0.11623872654943539,0.9723140227819778,0.24746730823111127,1.1800005947393077,1031.0
