topic,sentiment_mean,sentiment_std,subjectivity_mean,subjectivity_std,counting
Angst,-0.01041662052959681,1.0626108688259746,0.0014204033352295746,1.0013900093939365,259.0
Energie,0.04376212825207884,0.9835048916967167,0.05303834572502514,1.0222321834521617,2003.0
Krieg,-0.10008481374837838,0.9963817151750686,-0.15436570910951025,0.8495310916806381,1443.0
Wohlstand,0.10501215246603562,0.9289733355434002,0.20568599397273826,1.1310228940230052,583.0
