topic,sentiment_mean,sentiment_std,subjectivity_mean,subjectivity_std,counting
Angst,-0.16579920866577186,1.1260452876834348,0.10618695882857736,1.0182052507179455,107.0
Energie,0.060650221160333265,0.9735537005094097,0.02355953780168784,0.9844664819839254,1216.0
Krieg,-0.12987878906026518,0.9928803629917914,-0.14241350495170443,0.8791778137949374,736.0
Wohlstand,0.14354926354025271,0.8801226376732091,0.23768728653482235,1.1531161899603992,286.0
