topic,sentiment_mean,sentiment_std,subjectivity_mean,subjectivity_std,counting
Angst,-0.04454676432427165,0.9863717646832828,0.007473216972024475,1.0735979371442768,674.0
Energie,0.0723731468158129,0.9896726056560997,0.1005639692995739,1.0745200409950397,2678.0
Krieg,-0.05908965855274753,0.9968112442494913,-0.11083439247600982,0.8694203820426913,4617.0
Wohlstand,0.1156506826991481,0.9731890764837094,0.26361888128006866,1.1838704947929086,931.0
