topic,sentiment_mean,sentiment_std,subjectivity_mean,subjectivity_std,counting
Angst,-0.033910526105335605,0.9949177900771816,0.042503627989665844,1.1031133867489076,888.0
Energie,0.07924075845412222,0.9995163431784093,0.11446693220461736,1.0868892764885856,3013.0
Krieg,-0.05631833829596504,0.9925886193202431,-0.11156798591815624,0.8628472610711528,6033.0
Wohlstand,0.11049484504232576,0.9702694532937672,0.25174807918662917,1.198549810164287,1188.0
