topic,sentiment_mean,sentiment_std,subjectivity_mean,subjectivity_std,counting
Angst,-0.04569988211659745,1.0360100763726607,0.026394984661712702,1.0618111167554303,1456.0
Energie,0.08772867350673297,0.9996668675944285,0.12059028621938228,1.0932487173624832,3758.0
Krieg,-0.04731439362973612,0.9904264366720712,-0.09089195249062691,0.8980811671233028,9331.0
Wohlstand,0.10566519200667271,0.9635975216352778,0.21690716283783615,1.1580906235737172,1696.0
