topic,sentiment_mean,sentiment_std,subjectivity_mean,subjectivity_std,counting
Angst,-0.04984987584750773,1.0064671186120242,0.032549568670698865,1.1033765087101606,993.0
Energie,0.08383166090582989,0.9980043093402852,0.11917035192965186,1.0888734092162171,3244.0
Krieg,-0.05395942507559421,0.9918680641290253,-0.10434525936737254,0.8756361766096503,6943.0
Wohlstand,0.11818274017219166,0.9720344934087166,0.2419804010170938,1.1788532774593163,1306.0
