topic,sentiment_mean,sentiment_std,subjectivity_mean,subjectivity_std,counting
Angst,-0.042065261773794646,1.020461815630886,0.03325043070878202,1.0944245292170152,1269.0
Energie,0.08776908526758022,0.9961860783649806,0.12596433404207427,1.099408860058124,3542.0
Krieg,-0.05114395363892522,0.9913122064208231,-0.09937256865254503,0.88056014870458,8203.0
Wohlstand,0.10931315484169236,0.9744349015838937,0.22695359132882278,1.1683390084722076,1491.0
