topic,sentiment_mean,sentiment_std,subjectivity_mean,subjectivity_std,counting
Angst,-0.12160739917282322,1.1229968437776148,0.16581275641198395,1.0728167730322766,74.0
Energie,0.052285575100578636,0.9750508904850285,0.0330887382884705,0.9895225460667402,1141.0
Krieg,-0.1135751764979157,0.9914905749575287,-0.17564567462062738,0.8329859682596252,592.0
Wohlstand,0.08887839858486662,0.8763975362444025,0.26812917033547146,1.177791368810093,212.0
