topic,sentiment_mean,sentiment_std,subjectivity_mean,subjectivity_std,counting
Angst,-0.05832926646555763,1.1210396118655395,0.034159461585666934,0.9624016639599069,149.0
Energie,0.051670795913601957,0.9785192651109271,0.029746320967505062,0.9892792832005226,1314.0
Krieg,-0.11228552185160834,0.9867574090158047,-0.14834693414865757,0.8760722254103912,829.0
Wohlstand,0.10106577927956194,0.9053076567955257,0.23652764873694077,1.1581213008932805,348.0
