topic,sentiment_mean,sentiment_std,subjectivity_mean,subjectivity_std,counting
Angst,-0.04950349857873539,1.0320109071055,0.030967231122266393,1.0689668873143332,1441.0
Energie,0.09065019923895262,1.0016222256007357,0.12038028226700899,1.094596405108581,3730.0
Krieg,-0.04865338853376305,0.9898152224851172,-0.09266689393916806,0.8944825851112709,9197.0
Wohlstand,0.10710471776887581,0.9646238127734086,0.21828141969155143,1.1595628743622384,1695.0
