topic,sentiment_mean,sentiment_std,subjectivity_mean,subjectivity_std,counting
Angst,-0.030932970701239914,1.0057763384462333,0.03440781104770141,1.0788673565838907,1361.0
Energie,0.09076645870083985,0.9990966013032331,0.12134921934827164,1.092105224964175,3648.0
Krieg,-0.05291197319872179,0.9948767536780627,-0.09744040183910369,0.8849615992978362,8715.0
Wohlstand,0.10653568735684388,0.9632286288878016,0.22846976824597545,1.1825111891935152,1624.0
