topic,sentiment_mean,sentiment_std,subjectivity_mean,subjectivity_std,counting
Angst,-0.07374774261652556,1.086429615996754,-0.0030852650178536368,1.0066685545955887,180.0
Energie,0.05198726184267672,0.988056494336886,0.04040906417112302,1.0096613713036526,1354.0
Krieg,-0.10975981207643734,0.986763124676735,-0.14594471804055198,0.8615216919410499,963.0
Wohlstand,0.11386934536955048,0.9010819494327081,0.20753837562694072,1.1118764737679603,437.0
