topic,sentiment_mean,sentiment_std,subjectivity_mean,subjectivity_std,counting
Angst,-0.04671980454773293,1.0129119310903993,0.024849413205872625,1.0984287254862004,1013.0
Energie,0.08314243690679068,0.9970399597745069,0.12299938066293663,1.092416271726179,3272.0
Krieg,-0.053786365845401536,0.9920847556389601,-0.10405926686770393,0.8755330917259362,7084.0
Wohlstand,0.12006665678046742,0.969080822002413,0.24257422690796773,1.1788787969543426,1320.0
