topic,sentiment_mean,sentiment_std,subjectivity_mean,subjectivity_std,counting
Angst,-0.04170912872490049,1.0149325007685077,0.03044635067006321,1.0882144729963177,1302.0
Energie,0.08876433963602115,0.9961119637842334,0.12684982838520312,1.1017134529829036,3571.0
Krieg,-0.051817510196485485,0.9930957230638794,-0.09965355910113159,0.8807675715390632,8255.0
Wohlstand,0.10833373747970823,0.9697710790667587,0.22287217320015992,1.1624977654350923,1533.0
