topic,sentiment_mean,sentiment_std,subjectivity_mean,subjectivity_std,counting
Angst,-0.0418405553262065,1.0235353792582387,0.016789697537031443,1.080886557259671,1097.0
Energie,0.0845038110630486,0.9962107620255058,0.12702849345754436,1.101508735433147,3394.0
Krieg,-0.05042675144272243,0.9902908233060336,-0.09876782000027984,0.8799248489081172,7886.0
Wohlstand,0.10807298035243675,0.9793071533872432,0.23158562220381262,1.1771178633187753,1469.0
