topic,sentiment_mean,sentiment_std,subjectivity_mean,subjectivity_std,counting
Angst,-0.04192290364726283,1.0192807706615614,0.03091154961833559,1.0731772200028047,1421.0
Energie,0.08957638511724825,1.0022570753101119,0.11992253003525007,1.0924413227977547,3711.0
Krieg,-0.04991637613194771,0.9917705209301566,-0.09367725325292797,0.8929045878432859,9037.0
Wohlstand,0.10680660286572125,0.9633214287038717,0.2199949425335663,1.162311701292249,1677.0
