topic,sentiment_mean,sentiment_std,subjectivity_mean,subjectivity_std,counting
Angst,-0.02842475138754288,0.9839110783391948,0.030865636560555847,1.0923067484149604,848.0
Energie,0.07520088149817686,0.995747955986854,0.10924851390272797,1.0819839527276551,2936.0
Krieg,-0.055600163293407494,0.9944341408547326,-0.10876132923120214,0.870378228439627,5660.0
Wohlstand,0.10704470445397928,0.9787951219119636,0.24933050893500242,1.1828151927112065,1108.0
