topic,sentiment_mean,sentiment_std,subjectivity_mean,subjectivity_std,counting
Angst,-0.05808780921936558,1.0396148357452515,0.01371544776471039,1.0326994376528127,1555.0
Energie,0.09012502650720706,0.9949916385469016,0.11925218135372441,1.0984383668825959,3976.0
Krieg,-0.04705929247100201,0.9906131215706049,-0.08803165165164457,0.9036032927283963,10053.0
Wohlstand,0.11121178422879331,0.9693748338470694,0.21743440157505664,1.152146649849037,1846.0
