topic,sentiment_mean,sentiment_std,subjectivity_mean,subjectivity_std,counting
Angst,-0.04557158451082566,1.009537647512399,0.03594518501666016,1.1055915180920066,938.0
Energie,0.08177573943735421,0.9987200967048665,0.11184896120327664,1.0819314720086086,3094.0
Krieg,-0.05456941486250716,0.9909519096564905,-0.10774250093483494,0.8701537549337681,6303.0
Wohlstand,0.10924510711031866,0.9706901626846521,0.2481319260579865,1.1876272964228385,1241.0
