topic,sentiment_mean,sentiment_std,subjectivity_mean,subjectivity_std,counting
Angst,-0.04190089168550572,1.0083962883486777,0.04132259699245532,1.1104959967160823,918.0
Energie,0.08206629718927132,1.0003858886914017,0.11147872489225923,1.0827938241394677,3058.0
Krieg,-0.05608084682781005,0.9899910762995789,-0.1083978374839719,0.8678064108574589,6153.0
Wohlstand,0.11199273217616387,0.9707497372868318,0.2476416841824216,1.1903724037826413,1197.0
