topic,sentiment_mean,sentiment_std,subjectivity_mean,subjectivity_std,counting
Angst,-0.040585466818656206,1.0745463006247213,0.002634163833409316,1.021243982625222,209.0
Energie,0.0472738850380149,0.9860199030286984,0.052847995538978176,1.0240721247013245,1957.0
Krieg,-0.10691380329152765,0.9883791148776184,-0.1654485964131554,0.8285560203789241,1293.0
Wohlstand,0.10145534801526675,0.9371745504952869,0.20284562443958806,1.130642248566261,559.0
