topic,sentiment_mean,sentiment_std,subjectivity_mean,subjectivity_std,counting
Angst,-0.04991147218810353,0.9859081792298736,0.02372623934193765,1.078883223525655,725.0
Energie,0.0750205840507452,0.9929525606170346,0.10383562717947654,1.0768125155078012,2713.0
Krieg,-0.060606337183512896,0.9965172696446273,-0.11085025875272317,0.8705557056080424,4831.0
Wohlstand,0.12329317225313002,0.9664635502707768,0.23918588572284927,1.1724322517068138,1017.0
