topic,sentiment_mean,sentiment_std,subjectivity_mean,subjectivity_std,counting
Angst,-0.03480268579940216,1.0136948917630022,0.02835555799249461,1.0653418450720782,1376.0
Energie,0.09185455415246221,0.997920711191406,0.12007422567246222,1.091370239902307,3675.0
Krieg,-0.05310646329736597,0.9948381733932146,-0.095591670537008,0.8905518245988243,8801.0
Wohlstand,0.10885207415659152,0.9593121536151142,0.22658719771263552,1.1736433603000571,1643.0
