topic,sentiment_mean,sentiment_std,subjectivity_mean,subjectivity_std,counting
Angst,-0.04529698397366091,1.0337063199334968,0.024967500244048608,1.0574614624234133,1456.0
Energie,0.08953608478245809,0.9987245562384761,0.1185011057049744,1.091100368027505,3787.0
Krieg,-0.0474484653172142,0.99154496398089,-0.08845517626243124,0.9023470859740202,9508.0
Wohlstand,0.10563018965047508,0.961389586073153,0.21469684925104363,1.1547601291801761,1712.0
